product_id,product_name,total_sales,total_profit,total_quantity,average_discount
FUR-TA-10002885,"Lesro Computer Table, Fully Assembled",1200.0,-2798.488,14,0.6999999999999998
OFF-ST-10000872,"Fellowes File Cart, Single Width",5809.0,-2430.918,60,0.2533333333333333
FUR-TA-10003963,"Bevis Conference Table, Fully Assembled",555.0,-1924.542,4,0.85
FUR-TA-10003522,"Chromcraft Conference Table, with Bottom Storage",1048.0,-1780.356,6,0.7
FUR-TA-10002833,"Lesro Training Table, Rectangular",2152.0,-1726.1304,16,0.5033333333333333
FUR-BO-10000038,"Bush Library with Doors, Pine",2633.0,-1667.7359999999999,18,0.3
FUR-IKE-10000649,"Ikea Library with Doors, Pine",2773.0,-1626.816,18,0.4333333333333333
TEC-NOK-10001283,"Nokia Smart Phone, Full Size",2930.0,-1606.35,8,0.3857142857142857
FUR-TA-10004371,"Lesro Round Table, Adjustable Height",954.0,-1557.99,7,0.7
TEC-CO-10003160,"Brother Wireless Fax, Laser",3877.0,-1524.74084,23,0.3162857142857143
OFF-ST-10003785,"Eldon Lockers, Blue",6866.0,-1505.103,47,0.2571428571428572
OFF-SME-10004370,"Smead File Cart, Blue",4434.0,-1495.9139999999998,47,0.20555555555555555
OFF-BI-10001359,GBC DocuBind TL300 Electric Binding System,2332.0,-1471.0636,8,0.5
OFF-BI-10000545,GBC Ibimaster 500 Manual ProClick Binding System,1218.0,-1445.862,7,0.75
FUR-OFF-10001132,"Office Star Swivel Stool, Adjustable",3494.0,-1429.176,31,0.1857142857142857
FUR-TA-10004249,"Lesro Wood Table, Fully Assembled",1219.0,-1422.46,13,0.6999999999999998
FUR-TA-10003887,"Hon Conference Table, Adjustable Height",1478.0,-1404.048,6,0.6
FUR-TA-10004544,"Chromcraft Coffee Table, Fully Assembled",457.0,-1391.208,8,0.725
OFF-BRE-10003295,"Breville Microwave, Red",1629.0,-1390.926,11,0.2333333333333333
OFF-ROG-10001735,"Rogers Lockers, Blue",1568.0,-1386.462,15,0.2857142857142857
FUR-TA-10003597,"Bevis Wood Table, with Bottom Storage",1422.0,-1351.84,10,0.5333333333333333
OFF-HOO-10003653,"Hoover Stove, Silver",2163.0,-1320.774,9,0.4333333333333333
FUR-TA-10000519,"Bevis Computer Table, Fully Assembled",692.0,-1315.552,7,0.7
TEC-SAM-10000345,"Samsung Audio Dock, with Caller ID",2436.0,-1286.8319999999999,23,0.09999999999999999
OFF-AP-10002534,3.6 Cubic Foot Counter Height Office Refrigerator,1474.0,-1284.5432,13,0.65
FUR-BO-10003103,"Ikea Classic Bookcase, Metal",2426.0,-1237.8509999999999,11,0.3666666666666667
FUR-SAF-10003469,"Safco Classic Bookcase, Traditional",2015.0,-1226.91,10,0.4333333333333333
FUR-TA-10000207,"Chromcraft Round Table, Fully Assembled",375.0,-1218.384,4,0.8
FUR-TA-10001549,"Barricks Coffee Table, Rectangular",1465.0,-1196.4569999999999,10,0.52
TEC-MOT-10001342,"Motorola Signal Booster, VoIP",1388.0,-1196.286,19,0.32499999999999996
FUR-BO-10003499,"Ikea Library with Doors, Pine",3163.0,-1181.94,19,0.3428571428571429
TEC-SAN-10001506,"SanDisk Router, Programmable",1238.0,-1176.12,12,0.475
FUR-TA-10004289,BoxOffice By Design Rectangular and Half-Moon Meeting Room Tables,1707.0,-1148.4375,15,0.48333333333333334
FUR-BO-10001934,"Bush Library with Doors, Metal",4543.0,-1145.9478,17,0.22
OFF-BI-10003527,Fellowes PB500 Electric Punch Plastic Comb Binding Machine with Manual Bind,763.0,-1143.891,3,0.8
OFF-BI-10004584,GBC ProClick 150 Presentation Binding System,1201.0,-1143.8476,14,0.575
OFF-BIN-10003023,"Binney & Smith Sketch Pad, Fluorescent",1085.0,-1130.466,49,0.36666666666666664
TEC-STA-10002497,"StarTech Card Printer, White",1053.0,-1123.905,16,0.5199999999999999
FUR-HAR-10002178,"Harbour Creations Rocking Chair, Set of Two",971.0,-1111.11,17,0.4666666666666666
FUR-BEV-10002369,"Bevis Training Table, Fully Assembled",942.0,-1107.12,7,0.35
TEC-PH-10002127,"Cisco Smart Phone, Cordless",2694.0,-1098.916,9,0.32
TEC-MA-10000331,"Okidata Printer, White",3137.0,-1092.1275,16,0.15833333333333335
OFF-BRE-10002706,"Breville Microwave, White",1320.0,-1091.58,12,0.4333333333333333
TEC-PH-10003963,"Apple Signal Booster, Full Size",3243.0,-1083.72,33,0.2375
TEC-MA-10000875,"Okidata Inkjet, Wireless",1727.0,-1071.69,9,0.3333333333333333
TEC-AC-10002340,"Logitech Router, Bluetooth",891.0,-1068.528,8,0.5
TEC-MA-10002210,Epson TM-T88V Direct Thermal Printer - Monochrome - Desktop,1213.0,-1057.23,10,0.55
FUR-SAU-10003694,"Sauder Library with Doors, Mobile",1287.0,-1034.055,7,0.475
OFF-ST-10004267,"Smead File Cart, Single Width",3557.0,-1020.6089999999999,36,0.22000000000000003
OFF-BI-10003650,GBC DocuBind 300 Electric Binding Machine,3630.0,-1020.4011999999999,17,0.5499999999999999
TEC-MA-10000772,"StarTech Printer, Red",456.0,-1018.404,9,0.7
FUR-BO-10001972,O'Sullivan 4-Shelf Bookcase in Odessa Pine,1403.0,-1006.5536,24,0.4666666666666666
TEC-PH-10000332,"Samsung Smart Phone, VoIP",848.0,-996.78,5,0.6
TEC-CO-10001766,"Canon Fax Machine, Digital",1812.0,-992.259,9,0.3666666666666667
TEC-HEW-10002501,"Hewlett Fax Machine, Laser",832.0,-991.788,6,0.4333333333333333
TEC-APP-10002321,"Apple Signal Booster, Full Size",1242.0,-986.73,17,0.4
FUR-SAF-10002495,"Safco Library with Doors, Mobile",1255.0,-980.9279999999999,6,0.2333333333333333
FUR-BO-10002214,"Dania Floating Shelf Set, Traditional",2710.0,-979.14,33,0.25
FUR-BO-10004340,"Safco Classic Bookcase, Mobile",3231.0,-954.92,15,0.26666666666666666
FUR-SAF-10002180,"SAFCO Executive Leather Armchair, Red",1799.0,-941.463,6,0.35
TEC-MA-10001695,Zebra GK420t Direct Thermal/Thermal Transfer Printer,704.0,-938.28,6,0.7
FUR-CH-10003249,"Office Star Steel Folding Chair, Black",3615.0,-937.4399999999999,51,0.17777777777777778
TEC-MA-10003990,"Panasonic Card Printer, White",643.0,-932.568,14,0.6
OFF-HAM-10000312,"Hamilton Beach Refrigerator, Red",1800.0,-930.312,6,0.19999999999999998
OFF-AP-10002651,Hoover Upright Vacuum With Dirt Cup,1332.0,-929.3913,11,0.4
FUR-TA-10003238,"Chromcraft Bull-Nose Wood 48"" x 96"" Rectangular Conference Tables",2645.0,-925.6464,8,0.4
OFF-AP-10003308,"KitchenAid Stove, Black",1367.0,-922.788,9,0.6
TEC-AC-10001100,"Logitech Router, Bluetooth",2721.0,-920.28,16,0.25
TEC-CO-10004406,"Sharp Fax Machine, Digital",627.0,-916.71776,8,0.602
FUR-TA-10001113,"Barricks Training Table, Fully Assembled",1167.0,-904.9995,12,0.675
FUR-TA-10002433,"Chromcraft Computer Table, with Bottom Storage",916.0,-904.698,7,0.44999999999999996
TEC-CO-10003931,"Hewlett Fax Machine, High-Speed",5458.0,-903.4608,30,0.12200000000000003
TEC-PH-10002601,"Motorola Smart Phone, Cordless",2186.0,-899.8979999999999,5,0.19999999999999998
FUR-TA-10001932,"Chromcraft 48"" x 96"" Racetrack Double Pedestal Table",2854.0,-897.792,15,0.38
TEC-CO-10000764,"Brother Fax Machine, Color",1920.0,-896.22,10,0.3333333333333333
TEC-BRO-10004184,"Brother Wireless Fax, Color",913.0,-889.92,6,0.6
OFF-HAM-10003040,"Hamilton Beach Stove, White",649.0,-886.464,4,0.7
FUR-TA-10003893,"Lesro Wood Table, with Bottom Storage",991.0,-878.7684,4,0.47
FUR-TA-10003790,"Bevis Computer Table, Fully Assembled",1978.0,-870.48,8,0.5
TEC-MA-10001148,Swingline SM12-08 MicroCut Jam Free Shredder,1080.0,-863.9784,9,0.7
TEC-CAN-10000932,"Canon Fax Machine, Color",576.0,-863.586,6,0.7
TEC-PH-10000037,"Cisco Signal Booster, Cordless",3789.0,-863.46,32,0.20714285714285713
TEC-CO-10004154,"Canon Copy Machine, Digital",5434.0,-859.335,27,0.24444444444444446
TEC-KON-10001507,"Konica Card Printer, Durable",1666.0,-858.9449999999999,20,0.27999999999999997
TEC-PH-10004196,"Samsung Smart Phone, Cordless",1534.0,-843.48,6,0.4
TEC-EPS-10004111,"Epson Inkjet, Wireless",1079.0,-841.89,7,0.35
OFF-BRE-10002255,"Breville Stove, White",1344.0,-839.568,5,0.4333333333333333
FUR-TA-10001090,"Chromcraft Round Table, Rectangular",465.0,-836.43,5,0.7
OFF-ST-10000990,"Eldon Lockers, Single Width",2271.0,-834.448,24,0.17142857142857146
TEC-MOT-10001927,"Motorola Speaker Phone, VoIP",663.0,-833.823,12,0.35
OFF-ST-10001758,"Rogers Lockers, Blue",5268.0,-832.392,31,0.16999999999999998
FUR-BUS-10002040,"Bush Library with Doors, Mobile",2165.0,-829.404,12,0.3714285714285714
TEC-AC-10002244,"Enermax Router, Erganomic",2372.0,-824.9436000000001,16,0.392
FUR-TA-10004972,"Chromcraft Wood Table, Rectangular",768.0,-819.376,8,0.7
TEC-PH-10000160,"Motorola Smart Phone, with Caller ID",678.0,-813.393,3,0.65
FUR-TA-10002533,BPI Conference Tables,2241.0,-795.9725,26,0.37
FUR-TA-10002912,"Lesro Conference Table, Fully Assembled",859.0,-790.35,2,0.5
TEC-PH-10001146,"Nokia Smart Phone, Full Size",850.0,-786.1,5,0.6
TEC-MA-10004679,StarTech.com 10/100 VDSL2 Ethernet Extender Kit,2332.0,-785.7620000000001,13,0.425
FUR-BO-10001749,"Bush Classic Bookcase, Traditional",3094.0,-784.2,10,0.225
FUR-TA-10003748,"Bevis Round Table, Adjustable Height",312.0,-780.642,3,0.8
FUR-TA-10002958,"Bevis Oval Conference Table, Walnut",3339.0,-775.1106,19,0.3
TEC-HEW-10004522,"Hewlett Copy Machine, Color",1326.0,-774.3299999999999,12,0.5499999999999999
FUR-TA-10003926,"Lesro Conference Table, Adjustable Height",516.0,-773.838,3,0.7
OFF-ST-10000952,"Smead File Cart, Blue",3644.0,-771.708,35,0.2
FUR-BO-10000780,O'Sullivan Plantations 2-Door Library in Landvery Oak,2947.0,-767.7436,22,0.332
FUR-SAF-10000265,"Safco Library with Doors, Metal",2141.0,-767.0249999999999,9,0.27999999999999997
OFF-CUI-10001670,"Cuisinart Stove, White",1019.0,-761.8230000000001,4,0.4666666666666666
FUR-CH-10001582,"Office Star Executive Leather Armchair, Black",982.0,-757.317,4,0.35
FUR-TA-10001602,"Barricks Round Table, Adjustable Height",940.0,-752.24,6,0.44999999999999996
FUR-BO-10003887,"Ikea Floating Shelf Set, Traditional",3177.0,-747.879,24,0.19714285714285712
FUR-TA-10002411,"Hon Round Table, with Bottom Storage",774.0,-742.995,3,0.5
FUR-TA-10002256,"Hon Wood Table, Fully Assembled",671.0,-735.312,4,0.685
FUR-TA-10001935,"Hon Coffee Table, Fully Assembled",190.0,-733.158,3,0.8
OFF-ST-10002622,"Smead File Cart, Single Width",2745.0,-731.376,29,0.24285714285714285
TEC-CAN-10004839,"Canon Wireless Fax, Color",342.0,-729.8100000000001,3,0.7
FUR-BUS-10000332,"Bush Library with Doors, Traditional",2040.0,-728.688,8,0.15
OFF-ST-10003964,"Fellowes Lockers, Industrial",1833.0,-727.4358,14,0.3566666666666667
TEC-CO-10001001,"HP Fax Machine, Digital",1234.0,-721.48984,11,0.302
FUR-TA-10002519,"Lesro Conference Table, with Bottom Storage",515.0,-720.372,3,0.7
OFF-ST-10000103,"Smead Lockers, Industrial",4934.0,-712.26,33,0.19999999999999998
FUR-SAF-10000508,"Safco Library with Doors, Traditional",1560.0,-709.5600000000001,6,0.4
FUR-BO-10004075,"Safco Floating Shelf Set, Metal",1882.0,-706.48,20,0.24000000000000005
FUR-TA-10001889,Bush Advantage Collection Racetrack Conference Table,2079.0,-704.1886,8,0.3833333333333333
TEC-PH-10001076,"Nokia Smart Phone, Cordless",509.0,-699.78,3,0.6
OFF-ROG-10000191,"Rogers Lockers, Wire Frame",2465.0,-695.727,20,0.33749999999999997
TEC-AC-10003265,"Belkin Router, Bluetooth",1294.0,-693.4499999999999,8,0.3333333333333333
FUR-TA-10004757,"Barricks Training Table, with Bottom Storage",958.0,-690.837,7,0.57
FUR-TA-10002095,"Lesro Training Table, Fully Assembled",1646.0,-689.2856999999999,9,0.25666666666666665
OFF-BI-10004632,Ibico Hi-Tech Manual Binding System,4178.0,-686.2275,29,0.45
TEC-CO-10001818,"Sharp Wireless Fax, Digital",2836.0,-682.8312,15,0.26866666666666666
FUR-TA-10002645,Hon Rectangular Conference Tables,1206.0,-682.65,10,0.43333333333333335
FUR-TA-10000665,"Bevis Computer Table, Fully Assembled",2467.0,-682.5551999999999,7,0.25666666666666665
FUR-TA-10000299,"Lesro Round Table, Adjustable Height",1735.0,-681.4259999999999,7,0.43499999999999994
TEC-OKI-10001062,"Okidata Printer, White",908.0,-678.126,6,0.32499999999999996
TEC-AC-10000866,"Belkin Router, Erganomic",2091.0,-677.646,13,0.3233333333333333
FUR-TA-10000310,"Barricks Training Table, Rectangular",1200.0,-676.014,9,0.3666666666666667
FUR-CH-10001802,"Novimex Rocking Chair, Black",1367.0,-675.96,18,0.325
FUR-BO-10004119,"Ikea Floating Shelf Set, Traditional",3015.0,-668.202,23,0.1857142857142857
FUR-TA-10000962,"Hon Conference Table, Adjustable Height",1441.0,-665.0748000000001,3,0.43499999999999994
FUR-IKE-10001539,"Ikea Classic Bookcase, Pine",3386.0,-661.08,10,0.22499999999999998
FUR-BO-10000034,"Safco Classic Bookcase, Pine",1451.0,-659.25,5,0.3666666666666667
FUR-CH-10003353,"Hon Executive Leather Armchair, Black",976.0,-658.368,8,0.6
TEC-MA-10004534,"Konica Printer, Wireless",1942.0,-656.46,10,0.2333333333333333
OFF-ST-10000922,"Eldon File Cart, Blue",4571.0,-655.9200000000001,42,0.15833333333333335
OFF-KIT-10003757,"KitchenAid Refrigerator, Red",317.0,-654.696,2,0.7
TEC-AC-10000398,"SanDisk Memory Card, Programmable",2880.0,-652.7043,31,0.12428571428571429
FUR-ADV-10000183,"Advantus Photo Frame, Black",975.0,-651.7379999999999,31,0.2375
FUR-FU-10001468,Tenex Antistatic Computer Chair Mats,2120.0,-649.7239999999999,18,0.27999999999999997
TEC-PH-10002597,"Apple Signal Booster, with Caller ID",4578.0,-646.185,42,0.19444444444444445
FUR-TA-10000403,"Barricks Wood Table, Adjustable Height",311.0,-643.728,2,0.7
TEC-MA-10001148,Okidata MB491 Multifunction Printer,449.0,-643.71,3,0.7
TEC-CO-10000388,"Canon Fax Machine, Color",1064.0,-643.07152,8,0.35200000000000004
OFF-FEL-10002867,"Fellowes Lockers, Single Width",2799.0,-642.84,20,0.24545454545454543
FUR-FU-10004288,"Eldon Frame, Duo Pack",1326.0,-642.366,27,0.32857142857142857
TEC-SHA-10000971,"Sharp Fax Machine, Color",1544.0,-641.7719999999999,8,0.3499999999999999
TEC-AC-10002335,"Belkin Memory Card, USB",2707.0,-640.6794,30,0.1988888888888889
FUR-CH-10002966,"Harbour Creations Swivel Stool, Red",5300.0,-639.5484,34,0.1109090909090909
OFF-FEL-10001405,"Fellowes File Cart, Industrial",1999.0,-639.405,22,0.26
TEC-STA-10002459,"StarTech Printer, Durable",308.0,-635.652,4,0.7
OFF-ST-10002574,"SAFCO Commercial Wire Shelving, Black",4201.0,-635.444,35,0.14
TEC-CO-10003393,"Sharp Personal Copier, Digital",2500.0,-633.414,27,0.16
TEC-AC-10004269,"Belkin Memory Card, USB",2588.0,-632.61,28,0.08333333333333333
OFF-AP-10001408,"KitchenAid Refrigerator, White",421.0,-631.296,3,0.6
OFF-HOO-10004910,"Hoover Refrigerator, White",1049.0,-629.28,4,0.4333333333333333
FUR-CH-10000026,"SAFCO Rocking Chair, Black",5350.0,-627.5328000000001,47,0.134
FUR-BO-10002766,"Bush Classic Bookcase, Traditional",2805.0,-627.336,13,0.16
TEC-PH-10003794,"Nokia Smart Phone, Full Size",1593.0,-624.7049999999999,4,0.375
OFF-AP-10003259,"Cuisinart Refrigerator, Silver",1441.0,-621.093,5,0.3
FUR-FU-10000743,"Eldon Frame, Erganomic",1662.0,-617.254,32,0.27999999999999997
FUR-BO-10004467,Bestar Classic Bookcase,1898.0,-612.9386999999999,31,0.315
FUR-CH-10004199,"SAFCO Executive Leather Armchair, Adjustable",1114.0,-612.432,4,0.4
FUR-CH-10004606,"Hon Rocking Chair, Red",2155.0,-608.91,23,0.35000000000000003
FUR-TA-10004575,Hon 5100 Series Wood Tables,3928.0,-605.2384,19,0.25
FUR-IKE-10002147,"Ikea Classic Bookcase, Metal",1726.0,-604.548,7,0.2333333333333333
FUR-TA-10002527,"Barricks Round Table, Fully Assembled",1066.0,-603.6024,4,0.47
FUR-TA-10004730,"Barricks Training Table, Adjustable Height",1330.0,-599.4465,7,0.42500000000000004
FUR-TA-10001228,"Bevis Training Table, Rectangular",915.0,-598.6875,5,0.45
FUR-TA-10001768,Hon Racetrack Conference Tables,3965.0,-598.5228,22,0.2833333333333334
FUR-CH-10002880,"Global High-Back Leather Tilter, Burgundy",4329.0,-596.5015,45,0.2
TEC-CO-10004904,"Sharp Fax Machine, Digital",1335.0,-594.6892,10,0.202
TEC-CO-10002323,"Brother Copy Machine, Color",781.0,-594.09,6,0.5
FUR-CH-10000953,"Harbour Creations Swivel Stool, Black",3861.0,-592.604,40,0.17500000000000002
FUR-CH-10003312,Hon 2090 “Pillow Soft” Series Mid Back Swivel/Tilt Chairs,2810.0,-587.2482,13,0.225
FUR-TA-10000849,Bevis Rectangular Conference Tables,1007.0,-586.8396,13,0.475
OFF-ST-10004315,"Rogers Lockers, Blue",4439.0,-586.7124,25,0.1511111111111111
FUR-CH-10000432,"Harbour Creations Swivel Stool, Adjustable",5077.0,-586.3959,33,0.1490909090909091
OFF-ST-10000695,"Rogers Lockers, Wire Frame",5898.0,-580.32,41,0.2833333333333333
FUR-BO-10000791,"Dania Library with Doors, Traditional",483.0,-579.9,5,0.6
TEC-PH-10002312,"Samsung Audio Dock, with Caller ID",2336.0,-577.68,18,0.16
FUR-BO-10004129,"Sauder Classic Bookcase, Pine",875.0,-577.32,4,0.5
TEC-MOT-10002260,"Motorola Office Telephone, Cordless",642.0,-573.414,22,0.32499999999999996
TEC-CAN-10000030,"Canon Fax Machine, Laser",287.0,-573.129,3,0.7
FUR-BO-10003463,"Ikea Stackable Bookrack, Metal",1595.0,-569.744,28,0.3333333333333333
FUR-TA-10001371,"Chromcraft Coffee Table, Fully Assembled",769.0,-569.488,11,0.44999999999999996
FUR-TA-10003157,"Hon Coffee Table, with Bottom Storage",2496.0,-568.89,10,0.19999999999999998
FUR-IKE-10003682,"Ikea Corner Shelving, Metal",1667.0,-568.6980000000001,19,0.21666666666666665
OFF-AP-10000675,"Hamilton Beach Stove, White",1784.0,-567.5160000000001,5,0.3
FUR-TA-10004840,"Hon Conference Table, Adjustable Height",1354.0,-566.5640000000001,4,0.44999999999999996
FUR-BO-10001969,"Sauder 3-Shelf Cabinet, Pine",1546.0,-561.224,19,0.25
TEC-CO-10001309,"Hewlett Wireless Fax, Laser",4603.0,-560.73332,21,0.08771428571428572
TEC-PH-10003935,"Cisco Speaker Phone, Full Size",1118.0,-559.0799999999999,18,0.24000000000000005
FUR-BO-10000676,"Bush Stackable Bookrack, Pine",1361.0,-554.556,16,0.2833333333333333
TEC-MA-10003743,"StarTech Printer, Durable",1333.0,-553.692,8,0.3
TEC-NOK-10001172,"Nokia Speaker Phone, VoIP",1478.0,-553.47,17,0.16249999999999998
FUR-BAR-10003465,"Barricks Computer Table, Adjustable Height",286.0,-551.514,2,0.7
FUR-TA-10002530,"Iceberg OfficeWorks 42"" Round Tables",2400.0,-551.077,23,0.2333333333333333
FUR-BO-10002580,"Safco Classic Bookcase, Pine",1172.0,-550.84,6,0.2
TEC-SAM-10001017,"Samsung Speaker Phone, Cordless",1753.0,-550.089,22,0.32499999999999996
TEC-MA-10003998,"Epson Card Printer, Wireless",238.0,-547.3299999999999,7,0.7
FUR-BAR-10002710,"Barricks Coffee Table, Adjustable Height",364.0,-546.732,4,0.7
FUR-TA-10003568,"Chromcraft Conference Table, Rectangular",464.0,-545.352,2,0.6
FUR-TA-10003527,"Chromcraft Wood Table, with Bottom Storage",2509.0,-540.576,8,0.3499999999999999
TEC-MA-10001142,"Epson Card Printer, Wireless",2822.0,-540.51,23,0.2
FUR-TA-10001095,Chromcraft Round Conference Tables,4967.0,-540.299,40,0.2863636363636364
FUR-TA-10004256,Bretford “Just In Time” Height-Adjustable Multi-Task Work Tables,626.0,-538.446,3,0.5
OFF-CUI-10001032,"Cuisinart Stove, Red",646.0,-538.332,4,0.7
OFF-ST-10002172,"Fellowes Trays, Blue",1974.0,-535.5840000000001,47,0.2
FUR-TA-10001539,Chromcraft Rectangular Conference Tables,3246.0,-535.5522,21,0.3375
FUR-TA-10003273,"Lesro Training Table, Rectangular",240.0,-535.437,3,0.7
FUR-CH-10002438,"SAFCO Executive Leather Armchair, Red",369.0,-535.296,3,0.6
FUR-BO-10002613,"Atlantic Metals Mobile 4-Shelf Bookcases, Custom Colors",2417.0,-533.862,15,0.3125
TEC-AC-10000354,"Belkin Numeric Keypad, USB",578.0,-533.376,20,0.4725
FUR-FU-10003806,"Tenex Chairmat w/ Average Lip, 45"" x 53""",2059.0,-529.76,19,0.3
FUR-BO-10001212,"Safco Classic Bookcase, Mobile",3000.0,-529.0173,9,0.22999999999999998
OFF-AP-10000200,"KitchenAid Refrigerator, Red",1056.0,-528.02,5,0.4
FUR-FU-10000502,"Deflect-O Clock, Black",452.0,-523.41,20,0.425
TEC-CO-10002350,"Canon Wireless Fax, Digital",567.0,-522.09,3,0.5
FUR-FU-10001657,"Deflect-O Frame, Erganomic",847.0,-521.652,21,0.43333333333333335
OFF-AP-10002675,"Cuisinart Refrigerator, Black",743.0,-520.335,3,0.5
TEC-OKI-10004464,"Okidata Printer, Red",1064.0,-515.46,6,0.3333333333333333
FUR-TA-10003473,Bretford Rectangular Conference Table Tops,4120.0,-515.2981,16,0.2928571428571428
FUR-TA-10000486,"Barricks Wood Table, Adjustable Height",1108.0,-512.364,9,0.5333333333333333
TEC-AC-10004306,"Belkin Keyboard, Bluetooth",923.0,-512.1,18,0.374
FUR-NOV-10002453,"Novimex Rocking Chair, Black",852.0,-510.84000000000003,12,0.475
FUR-TA-10001531,"Lesro Training Table, Adjustable Height",487.0,-509.538,4,0.55
TEC-MA-10001681,Lexmark MarkNet N8150 Wireless Print Server,723.0,-506.457,6,0.7
FUR-CH-10004774,"Novimex Executive Leather Armchair, Red",3082.0,-506.2199999999999,12,0.325
OFF-ST-10003931,"Smead Lockers, Blue",1686.0,-506.01,13,0.3225
FUR-BO-10000567,"Sauder Classic Bookcase, Traditional",2443.0,-505.816,13,0.35000000000000003
FUR-TA-10003594,"Hon Conference Table, with Bottom Storage",491.0,-503.744,2,0.6
FUR-CH-10003774,"Global Wood Trimmed Manager's Task Chair, Khaki",4166.0,-503.1194,59,0.2285714285714286
FUR-OFF-10002542,"Office Star Executive Leather Armchair, Adjustable",752.0,-502.81800000000004,3,0.35
TEC-CO-10003353,"HP Personal Copier, High-Speed",1802.0,-502.6821,19,0.192
FUR-TA-10000115,"Barricks Coffee Table, Fully Assembled",273.0,-499.977,3,0.7
TEC-HP -10004971,"HP Wireless Fax, Color",217.0,-499.11,2,0.7
TEC-PH-10002867,"Cisco Smart Phone, with Caller ID",2093.0,-497.232,6,0.13333333333333333
TEC-CO-10000534,"Sharp Copy Machine, Color",2177.0,-496.96304,17,0.15200000000000002
TEC-CO-10003522,"Sharp Personal Copier, High-Speed",1260.0,-495.438,15,0.32999999999999996
FUR-CH-10003298,"Office Star - Contemporary Task Swivel chair with Loop Arms, Charcoal",3680.0,-491.175,35,0.18888888888888888
FUR-HON-10000103,"Hon Swivel Stool, Red",1735.0,-491.07000000000005,16,0.25999999999999995
TEC-CO-10002759,"HP Copy Machine, Laser",2849.0,-490.32124,21,0.162
OFF-SME-10000538,"Smead File Cart, Single Width",2270.0,-488.952,23,0.26999999999999996
OFF-HAM-10004674,"Hamilton Beach Stove, Silver",1195.0,-488.802,5,0.35
FUR-IKE-10002509,"Ikea 3-Shelf Cabinet, Metal",823.0,-488.40000000000003,11,0.25999999999999995
OFF-HAM-10004122,"Hamilton Beach Microwave, Silver",1162.0,-487.254,6,0.32499999999999996
OFF-ST-10004597,"Rogers File Cart, Blue",2996.0,-485.97900000000004,25,0.13333333333333333
TEC-MA-10000461,"Epson Inkjet, Wireless",1711.0,-484.233,8,0.23333333333333336
OFF-AP-10001955,"Hoover Microwave, White",327.0,-482.688,4,0.6
FUR-SAU-10002331,"Sauder Library with Doors, Traditional",1822.0,-480.69899999999996,6,0.25999999999999995
FUR-TA-10002607,KI Conference Tables,2140.0,-479.2164,44,0.325
FUR-TA-10002912,"Lesro Conference Table, Rectangular",342.0,-478.9,2,0.7
TEC-CO-10000601,"Brother Ink, Laser",1061.0,-477.36,12,0.4
TEC-PH-10002904,"Samsung Smart Phone, Full Size",2380.0,-476.06399999999996,8,0.26666666666666666
TEC-PH-10000087,"Apple Signal Booster, Cordless",2325.0,-472.44,32,0.2
TEC-MA-10001248,"StarTech Inkjet, Wireless",725.0,-471.024,4,0.4
OFF-ST-10002743,SAFCO Boltless Steel Shelving,4705.0,-470.4696,46,0.1
FUR-TA-10001633,"Bevis Wood Table, with Bottom Storage",1494.0,-469.692,4,0.3
OFF-TEN-10001129,"Tenex Shelving, Blue",1249.0,-467.44199999999995,33,0.27499999999999997
OFF-AP-10001975,"Cuisinart Microwave, Black",445.0,-466.896,6,0.6
FUR-DAN-10002967,"Dania 3-Shelf Cabinet, Metal",775.0,-465.13499999999993,11,0.4333333333333333
FUR-SAF-10001322,"Safco Stackable Bookrack, Traditional",534.0,-463.296,8,0.475
FUR-CHR-10003806,"Chromcraft Conference Table, with Bottom Storage",349.0,-462.522,1,0.6
OFF-ROG-10000566,"Rogers Trays, Single Width",803.0,-461.00999999999993,22,0.25
FUR-CH-10000229,Global Enterprise Series Seating High-Back Swivel/Tilt Chairs,2032.0,-460.666,10,0.25
FUR-CH-10000068,"Office Star Steel Folding Chair, Red",1156.0,-459.054,20,0.325
TEC-CO-10001419,"Hewlett Copy Machine, Color",1855.0,-458.67,9,0.16666666666666666
TEC-STA-10002650,"StarTech Card Printer, Wireless",735.0,-457.94999999999993,10,0.5399999999999999
FUR-TA-10002228,"Bevis Traditional Conference Table Top, Plinth Base",2033.0,-456.7032,9,0.3333333333333333
FUR-DAN-10002167,"Dania Library with Doors, Mobile",949.0,-456.25800000000004,5,0.3
TEC-PAN-10003382,"Panasonic Card Printer, Durable",382.0,-452.352,6,0.6499999999999999
FUR-TA-10002568,"Chromcraft Coffee Table, Rectangular",701.0,-450.051,5,0.425
TEC-HP -10003248,"HP Fax Machine, High-Speed",1818.0,-447.426,8,0.21666666666666665
TEC-MA-10001127,"Epson Inkjet, Wireless",771.0,-447.15,5,0.5
TEC-MA-10001494,"Okidata Inkjet, Durable",1719.0,-446.92499999999995,7,0.16666666666666666
TEC-CO-10002009,"Brother Wireless Fax, High-Speed",3059.0,-445.89756,17,0.20199999999999999
FUR-TA-10002356,Bevis Boat-Shaped Conference Table,2542.0,-445.587,15,0.31666666666666665
FUR-CH-10000863,Novimex Swivel Fabric Task Chair,2914.0,-445.391,25,0.2
FUR-CH-10004844,"Novimex Swivel Stool, Adjustable",1669.0,-445.20000000000005,19,0.2
FUR-CH-10001832,"Novimex Rocking Chair, Red",3063.0,-444.651,29,0.15571428571428572
OFF-ST-10002619,"Rogers Lockers, Blue",762.0,-444.528,6,0.4
TEC-PH-10003153,"Samsung Signal Booster, with Caller ID",921.0,-443.9175,10,0.26666666666666666
FUR-TA-10001786,"Chromcraft Computer Table, with Bottom Storage",940.0,-443.5284,4,0.47
FUR-TA-10000136,"Chromcraft Conference Table, Adjustable Height",350.0,-443.296,2,0.7
FUR-CH-10004277,"SAFCO Swivel Stool, Black",1435.0,-441.36,17,0.20000000000000004
TEC-CO-10004558,"HP Ink, High-Speed",1352.0,-438.165,15,0.2375
FUR-CH-10001913,"Office Star Swivel Stool, Adjustable",4781.0,-438.087,34,0.125
TEC-MA-10003927,"StarTech Inkjet, Wireless",1026.0,-437.682,5,0.2
FUR-CH-10003702,"Office Star Rocking Chair, Adjustable",688.0,-436.08,8,0.4
TEC-MA-10000199,"Okidata Inkjet, White",747.0,-435.84,4,0.4
TEC-MA-10004063,"Okidata Printer, Durable",967.0,-435.168,6,0.4
TEC-CO-10002674,"Sharp Fax and Copier, High-Speed",3329.0,-434.11199999999997,24,0.1442857142857143
TEC-CO-10004138,"Sharp Wireless Fax, Digital",249.0,-433.788,2,0.65
FUR-TA-10002065,"Bevis Round Table, Rectangular",2475.0,-433.332,9,0.2
OFF-ST-10004583,"Eldon Shelving, Single Width",1224.0,-432.984,36,0.23625000000000002
TEC-CO-10003819,"Sharp Copy Machine, High-Speed",3399.0,-430.92,16,0.14
FUR-CH-10004801,"Office Star Bag Chairs, Set of Two",399.0,-430.45599999999996,26,0.6
FUR-BO-10000891,"Ikea Classic Bookcase, Pine",2147.0,-429.72,12,0.3333333333333333
FUR-BO-10001892,"Sauder Library with Doors, Pine",1361.0,-427.91999999999996,5,0.25
OFF-SU-10000646,Premier Automatic Letter Opener,2836.0,-427.8586,14,0.12000000000000002
FUR-FU-10000110,"Deflect-O Door Stop, Black",657.0,-427.78,37,0.3125
TEC-OKI-10002750,"Okidata Inkjet, Wireless",817.0,-427.428,4,0.2333333333333333
FUR-TA-10003291,"Bevis Computer Table, Fully Assembled",427.0,-426.5886,2,0.57
TEC-PH-10004583,"Motorola Smart Phone, Cordless",771.0,-424.284,2,0.4
FUR-BO-10000268,"Bush Library with Doors, Pine",878.0,-424.272,4,0.3
TEC-AC-10001830,"Enermax Router, Erganomic",1709.0,-423.62,13,0.2
FUR-CH-10004062,"Office Star Rocking Chair, Adjustable",420.0,-420.64000000000004,11,0.6
FUR-BO-10001918,"Sauder Forest Hills Library with Doors, Woodland Oak Finish",1015.0,-418.548,10,0.2833333333333333
FUR-CH-10004054,"Hon Rocking Chair, Set of Two",2197.0,-418.256,36,0.3
FUR-TA-10003747,"Lesro Round Table, Rectangular",607.0,-418.167,3,0.55
OFF-ST-10001010,"Fellowes Lockers, Industrial",5015.0,-416.05199999999996,40,0.08333333333333333
FUR-TA-10004442,Riverside Furniture Stanwyck Manor Table Series,918.0,-415.9325,5,0.3666666666666667
OFF-ST-10004576,"Rogers File Cart, Single Width",1211.0,-415.3035,14,0.3566666666666667
FUR-NOV-10003754,"Novimex Rocking Chair, Set of Two",776.0,-414.45599999999996,10,0.35
OFF-SME-10003752,"Smead File Cart, Single Width",3144.0,-414.225,28,0.15294117647058822
FUR-TA-10000750,"Hon Round Table, Fully Assembled",1518.0,-414.03200000000004,8,0.3666666666666667
OFF-BI-10000778,GBC VeloBinder Electric Binding Machine,497.0,-411.332,15,0.725
FUR-TA-10000671,"Barricks Conference Table, with Bottom Storage",1936.0,-411.216,4,0.2
TEC-CO-10003362,"Sharp Fax and Copier, High-Speed",1352.0,-410.40000000000003,12,0.1875
TEC-SAM-10003948,"Samsung Signal Booster, with Caller ID",548.0,-409.77,7,0.3
FUR-TA-10004534,Bevis 44 x 96 Conference Tables,1813.0,-409.741,13,0.225
OFF-AP-10003304,"Cuisinart Microwave, White",664.0,-409.44,4,0.4
FUR-TA-10001494,"Lesro Wood Table, Adjustable Height",986.0,-408.618,3,0.3
TEC-CO-10004034,"Canon Fax Machine, High-Speed",1820.0,-408.4875,8,0.26666666666666666
OFF-ROG-10003993,"Rogers File Cart, Single Width",1377.0,-408.129,17,0.3714285714285714
FUR-TA-10000927,"Bevis Conference Table, Fully Assembled",740.0,-407.136,3,0.6
FUR-TA-10002041,"Bevis Round Conference Table Top, X-Base",1668.0,-406.9883,13,0.27999999999999997
TEC-AC-10000269,"Memorex Numeric Keypad, USB",897.0,-403.5726,36,0.39666666666666667
OFF-AP-10003511,"Cuisinart Microwave, Black",1473.0,-403.143,9,0.3
TEC-EPS-10002958,"Epson Receipt Printer, Wireless",398.0,-402.648,9,0.35
TEC-CO-10002065,"Hewlett Copy Machine, Laser",1785.0,-401.76712,14,0.252
FUR-TA-10000184,"Barricks Conference Table, Fully Assembled",727.0,-399.78,2,0.6
TEC-CO-10004985,"Hewlett Copy Machine, Color",351.0,-399.4874,5,0.602
FUR-TA-10000591,"Chromcraft Training Table, with Bottom Storage",994.0,-397.635,7,0.5
TEC-MA-10003366,"Epson Card Printer, White",763.0,-397.488,11,0.2333333333333333
FUR-TA-10000577,Bretford CR4500 Series Slim Rectangular Table,2821.0,-396.9594,12,0.3
FUR-HON-10001847,"Hon Executive Leather Armchair, Adjustable",819.0,-395.622,3,0.39999999999999997
FUR-TA-10002467,"Lesro Conference Table, Adjustable Height",516.0,-395.538,2,0.7
FUR-TA-10002582,"Barricks Coffee Table, Rectangular",179.0,-394.818,3,0.7
FUR-TA-10004132,"Bevis Coffee Table, with Bottom Storage",827.0,-394.572,4,0.35
FUR-BO-10000214,"Ikea Library with Doors, Pine",292.0,-393.948,3,0.6
TEC-CO-10001895,"Sharp Wireless Fax, Color",1340.0,-393.15000000000003,5,0.22499999999999998
TEC-CO-10001567,"Brother Copy Machine, Laser",3497.0,-393.0345,15,0.09999999999999999
TEC-CO-10003349,"Hewlett Copy Machine, Color",636.0,-392.376,4,0.4
FUR-BO-10001483,"Bush Corner Shelving, Metal",2404.0,-390.02,39,0.2222222222222222
FUR-CH-10002872,"SAFCO Executive Leather Armchair, Adjustable",3494.0,-389.82239999999996,9,0.174
TEC-AC-10002257,"Enermax Router, Bluetooth",1757.0,-387.75600000000003,15,0.30000000000000004
FUR-TA-10000360,"Chromcraft Wood Table, Fully Assembled",871.0,-387.258,4,0.55
TEC-MA-10003356,Panasonic KX MC6040 Color Laser Multifunction Printer,270.0,-386.957,2,0.7
FUR-BO-10001946,"Sauder 3-Shelf Cabinet, Metal",3014.0,-386.788,31,0.17500000000000002
FUR-BO-10004899,"Safco Floating Shelf Set, Pine",1426.0,-385.632,14,0.26666666666666666
FUR-BO-10003530,"Safco Classic Bookcase, Metal",350.0,-385.152,3,0.6
FUR-TA-10003690,"Hon Computer Table, Fully Assembled",963.0,-385.1055,3,0.35
FUR-CH-10002213,"Hon Executive Leather Armchair, Black",4141.0,-384.2616,11,0.12833333333333333
OFF-AP-10004821,"Hamilton Beach Stove, Black",289.0,-382.856,2,0.6
TEC-CO-10001222,"Sharp Fax Machine, Laser",993.0,-381.51599999999996,5,0.21333333333333335
OFF-AR-10004749,"BIC Canvas, Blue",1569.0,-379.473,37,0.174
TEC-CAN-10002363,"Canon Fax Machine, Digital",1336.0,-378.504,7,0.175
TEC-MA-10000154,"Panasonic Receipt Printer, Red",189.0,-377.84,8,0.7
FUR-BO-10004771,"Safco Library with Doors, Traditional",780.0,-376.82,5,0.4
TEC-PH-10000785,"Apple Speaker Phone, Cordless",269.0,-376.8,8,0.6
OFF-AP-10001178,"KitchenAid Stove, Red",855.0,-376.335,3,0.5
FUR-BO-10000967,"Ikea Library with Doors, Pine",1823.0,-375.72,9,0.3666666666666667
OFF-TEN-10004270,"Tenex File Cart, Single Width",1943.0,-374.58000000000004,19,0.22499999999999998
FUR-BO-10000623,"Safco Library with Doors, Metal",311.0,-373.68,2,0.6
FUR-FU-10000705,"Advantus Frame, Black",2148.0,-373.6,37,0.2285714285714286
TEC-SHA-10003353,"Sharp Copy Machine, High-Speed",431.0,-373.5,6,0.7
TEC-PH-10004505,"Nokia Smart Phone, Full Size",765.0,-369.72,2,0.4
FUR-BO-10001233,"Ikea 3-Shelf Cabinet, Mobile",754.0,-368.328,9,0.5
TEC-CO-10002232,"HP Ink, Laser",972.0,-366.795,13,0.3833333333333333
FUR-FU-10004787,"Advantus Frame, Durable",1225.0,-366.36,23,0.21666666666666667
TEC-CO-10004027,"Sharp Fax Machine, Color",1988.0,-365.42789999999997,8,0.1675
OFF-BOS-10001386,"Boston Sketch Pad, Water Color",592.0,-364.458,19,0.2909090909090909
OFF-ST-10002900,"Smead Lockers, Wire Frame",5745.0,-363.861,34,0.13636363636363635
FUR-BO-10004441,"Ikea Library with Doors, Metal",1742.0,-362.92,10,0.26666666666666666
TEC-MA-10002827,"StarTech Printer, Red",1583.0,-362.43,8,0.25
FUR-DAN-10004510,"Dania Library with Doors, Metal",579.0,-361.944,4,0.6
FUR-CH-10000513,High-Back Leather Manager's Chair,2951.0,-361.3722,28,0.1875
TEC-SAM-10004384,"Samsung Office Telephone, VoIP",1123.0,-360.828,32,0.3727272727272727
TEC-MOT-10003050,"Motorola Smart Phone, Cordless",836.0,-360.006,2,0.35
TEC-CO-10001196,"Brother Fax Machine, Color",768.0,-358.488,4,0.4
FUR-TA-10002146,"Hon Coffee Table, with Bottom Storage",631.0,-358.1,5,0.36666666666666664
FUR-BO-10000517,"Ikea Stackable Bookrack, Metal",260.0,-358.048,8,0.6
FUR-TA-10003469,Balt Split Level Computer Training Table,1041.0,-357.97499999999997,12,0.38
FUR-DEF-10001359,"Deflect-O Frame, Erganomic",1348.0,-356.616,16,0.18
FUR-CH-10001684,"Office Star Rocking Chair, Adjustable",1472.0,-354.432,13,0.16
TEC-OKI-10002736,"Okidata Card Printer, Red",1626.0,-353.238,13,0.09999999999999999
OFF-ST-10004947,"Fellowes File Cart, Industrial",1296.0,-352.914,13,0.275
FUR-CH-10004447,"Harbour Creations Rocking Chair, Set of Two",1257.0,-352.6272,11,0.1925
FUR-BO-10001668,"Ikea Floating Shelf Set, Pine",2287.0,-350.68919999999997,16,0.19000000000000003
FUR-TEN-10000296,"Tenex Door Stop, Durable",327.0,-349.23,19,0.5199999999999999
TEC-BEL-10003177,"Belkin Keyboard, Erganomic",1881.0,-348.33000000000004,29,0.13333333333333333
TEC-AC-10003753,"SanDisk Router, Programmable",1132.0,-348.1185,7,0.385
OFF-AP-10004226,"Hamilton Beach Stove, Red",289.0,-347.112,2,0.6
TEC-PH-10002586,"Nokia Office Telephone, with Caller ID",1468.0,-345.2685,29,0.225
FUR-TA-10000147,"Lesro Coffee Table, Rectangular",100.0,-344.412,2,0.8
OFF-ST-10003837,"Tenex Lockers, Single Width",4748.0,-343.75320000000005,29,0.17375000000000002
FUR-FU-10003601,"Deflect-o RollaMat Studded, Beveled Mat for Medium Pile Carpeting",1624.0,-343.0956,26,0.26666666666666666
OFF-ROG-10001399,"Rogers Shelving, Single Width",1088.0,-342.45,25,0.2
TEC-AC-10004626,"Belkin Router, Erganomic",3591.0,-342.08,23,0.05
FUR-TA-10001693,"Bevis Training Table, with Bottom Storage",268.0,-341.736,2,0.6
TEC-SAN-10004027,"SanDisk Memory Card, Bluetooth",540.0,-340.632,9,0.39999999999999997
TEC-SHA-10001413,"Sharp Personal Copier, Color",546.0,-340.32,10,0.4
TEC-PH-10000038,Jawbone MINI JAMBOX Wireless Bluetooth Speaker,2027.0,-339.7104,18,0.16
FUR-CH-10000788,"Hon Rocking Chair, Adjustable",2181.0,-339.416,29,0.16
FUR-CH-10002435,"Novimex Executive Leather Armchair, Black",550.0,-338.94,2,0.4
OFF-AVE-10002079,"Avery Binding Machine, Durable",749.0,-338.754,23,0.36666666666666664
TEC-CIS-10002814,"Cisco Headset, Cordless",246.0,-335.217,7,0.6333333333333333
TEC-CO-10003262,"HP Wireless Fax, Laser",2970.0,-334.58848,16,0.202
FUR-TA-10004353,"Chromcraft Wood Table, with Bottom Storage",193.0,-334.552,2,0.7
FUR-TA-10002868,"Barricks Coffee Table, Adjustable Height",804.0,-334.1715,5,0.425
TEC-HEW-10002435,"Hewlett Personal Copier, Digital",964.0,-334.02299999999997,11,0.4333333333333333
FUR-BO-10004161,"Bush Corner Shelving, Mobile",2148.0,-332.9253,20,0.15666666666666665
OFF-ST-10001809,Fellowes Officeware Wire Shelving,4509.0,-332.371,55,0.07272727272727274
FUR-FU-10000576,Luxo Professional Fluorescent Magnifier Lamp with Clamp-Mount Base,756.0,-331.54720000000003,7,0.4
FUR-CH-10000470,"Novimex Executive Leather Armchair, Red",552.0,-331.38,2,0.4
TEC-AC-10001500,"Logitech Memory Card, Erganomic",2333.0,-331.21049999999997,28,0.20400000000000001
FUR-CH-10002610,"Novimex Swivel Stool, Black",4698.0,-330.57000000000005,32,0.1
OFF-ST-10004577,"Tenex Shelving, Wire Frame",1989.0,-330.18,49,0.20909090909090908
FUR-SAU-10002540,"Sauder Stackable Bookrack, Traditional",541.0,-329.214,7,0.4
FUR-TA-10003008,"Lesro Round Back Collection Coffee Table, End Table",2849.0,-328.59,20,0.2875
FUR-TA-10000434,"Chromcraft Coffee Table, with Bottom Storage",833.0,-328.5792,5,0.235
FUR-SAF-10000607,"Safco Stackable Bookrack, Mobile",328.0,-327.894,5,0.35
OFF-SAN-10001345,"Sanford Canvas, Water Color",959.0,-327.57000000000005,24,0.3615384615384615
FUR-TA-10004504,"Lesro Computer Table, with Bottom Storage",172.0,-327.228,2,0.7
FUR-BO-10002003,"Sauder Classic Bookcase, Metal",1524.0,-326.625,5,0.25
TEC-AC-10001348,"Logitech Router, Bluetooth",1877.0,-326.5812,9,0.1175
FUR-FU-10003273,"Tenex Frame, Duo Pack",1482.0,-326.568,29,0.3333333333333333
FUR-TA-10001433,"Bevis Round Table, with Bottom Storage",638.0,-326.4663,2,0.385
TEC-AC-10000860,"Enermax Numeric Keypad, USB",984.0,-326.331,27,0.26166666666666666
TEC-CIS-10002259,"Cisco Smart Phone, Cordless",2408.0,-325.824,7,0.44999999999999996
OFF-AP-10000390,Euro Pro Shark Stick Mini Vacuum,171.0,-325.6332,11,0.6
TEC-PH-10003713,"Cisco Audio Dock, Cordless",1766.0,-325.584,13,0.275
FUR-BO-10002964,"Dania Floating Shelf Set, Pine",1930.0,-324.69,15,0.24666666666666667
TEC-SAM-10001131,"Samsung Smart Phone, VoIP",1526.0,-324.504,3,0.19999999999999998
FUR-CH-10000969,"Hon Executive Leather Armchair, Red",1975.0,-321.573,5,0.13333333333333333
TEC-PH-10001289,"Motorola Smart Phone, Full Size",771.0,-321.372,2,0.4
OFF-WIL-10000164,"Wilson Jones Binding Machine, Durable",765.0,-321.348,22,0.22727272727272727
OFF-AP-10001621,"Hamilton Beach Refrigerator, Black",599.0,-319.728,2,0.4
FUR-TA-10003782,"Lesro Training Table, Rectangular",320.0,-319.716,6,0.7
TEC-MA-10000904,"Brother MFC-9340CDW LED All-In-One Printer, Copier Scanner",342.0,-319.1916,3,0.7
TEC-MA-10001777,"Okidata Printer, Red",2311.0,-318.94500000000005,10,0.1375
FUR-BO-10003272,O'Sullivan Living Dimensions 5-Shelf Bookcases,2070.0,-318.21119999999996,12,0.22400000000000003
TEC-CO-10002035,"Canon Wireless Fax, High-Speed",2458.0,-316.7928,8,0.12333333333333334
FUR-BO-10004371,"Dania Classic Bookcase, Pine",549.0,-316.02,5,0.6
TEC-AC-10004753,"Logitech Memory Card, Erganomic",1073.0,-315.90599999999995,14,0.19999999999999998
FUR-CH-10001871,"Harbour Creations Steel Folding Chair, Set of Two",3167.0,-315.7518,37,0.1457142857142857
OFF-ELD-10000845,"Eldon Lockers, Wire Frame",1734.0,-315.246,13,0.09999999999999999
FUR-CH-10002212,"Novimex Swivel Stool, Adjustable",1068.0,-313.91999999999996,9,0.25
FUR-BO-10004357,O'Sullivan Living Dimensions 3-Shelf Bookcases,1496.0,-311.519,10,0.26666666666666666
FUR-BO-10001873,"Ikea Floating Shelf Set, Mobile",674.0,-311.166,6,0.35
FUR-CH-10000892,"SAFCO Executive Leather Armchair, Red",2706.0,-307.74399999999997,10,0.1
FUR-TA-10000637,"Bevis Conference Table, Rectangular",369.0,-307.148,2,0.7
FUR-CH-10002030,"Office Star Swivel Stool, Red",1513.0,-304.692,11,0.2
FUR-TA-10004050,"Lesro Coffee Table, Fully Assembled",203.0,-304.224,4,0.8
OFF-ROG-10004646,"Rogers File Cart, Blue",1646.0,-304.221,14,0.22999999999999998
FUR-HON-10004932,"Hon Conference Table, with Bottom Storage",276.0,-304.116,1,0.7
FUR-BAR-10001039,"Barricks Coffee Table, Fully Assembled",212.0,-303.02099999999996,2,0.6499999999999999
TEC-CO-10000620,"Brother Wireless Fax, Digital",4862.0,-302.9175,15,0.15714285714285717
TEC-AC-10000244,"Memorex Router, USB",2300.0,-302.32,16,0.16
FUR-TA-10003715,Hon 2111 Invitation Series Corner Table,879.0,-301.4928,6,0.30000000000000004
TEC-MA-10003298,"Konica Card Printer, Wireless",928.0,-301.44899999999996,9,0.3
OFF-ST-10004159,"Eldon Lockers, Blue",475.0,-300.936,4,0.4
OFF-ELD-10001832,"Eldon Shelving, Single Width",1249.0,-300.39,32,0.19285714285714284
FUR-CH-10001897,"Hon Executive Leather Armchair, Adjustable",2972.0,-300.288,13,0.24000000000000005
FUR-HAR-10000100,"Harbour Creations Swivel Stool, Adjustable",2594.0,-299.718,22,0.17142857142857143
FUR-TA-10002638,"Barricks Wood Table, Rectangular",545.0,-298.41,2,0.47
FUR-BO-10002268,Sauder Barrister Bookcases,755.0,-294.7672,16,0.4066666666666667
FUR-BAR-10004553,"Barricks Training Table, Rectangular",568.0,-293.81399999999996,3,0.39999999999999997
TEC-CO-10000387,"Hewlett Fax Machine, Color",982.0,-292.33536000000004,7,0.26866666666666666
FUR-CH-10001647,"Novimex Swivel Stool, Black",2721.0,-291.716,31,0.18181818181818182
OFF-ST-10002510,"Tenex Lockers, Wire Frame",3440.0,-291.688,29,0.1
FUR-CH-10003540,"Office Star Bag Chairs, Set of Two",1298.0,-291.465,29,0.2833333333333333
OFF-ST-10002685,"Eldon Lockers, Blue",2322.0,-290.656,20,0.20000000000000004
TEC-NOK-10003562,"Nokia Audio Dock, Full Size",269.0,-289.032,4,0.6
TEC-CO-10000178,"Hewlett Ink, Laser",2720.0,-288.936,23,0.16
TEC-PH-10004074,"Samsung Smart Phone, with Caller ID",933.0,-288.40000000000003,3,0.2
OFF-ST-10002506,"Smead Lockers, Blue",3829.0,-287.994,25,0.19999999999999998
TEC-CO-10000452,"HP Copy Machine, Laser",2603.0,-287.169,12,0.15
FUR-CH-10004151,"Harbour Creations Steel Folding Chair, Red",209.0,-287.168,8,0.6
TEC-EPS-10003277,"Epson Printer, White",965.0,-287.139,5,0.32499999999999996
FUR-ADV-10004159,"Advantus Frame, Durable",195.0,-286.68,5,0.6333333333333333
FUR-BO-10004199,"Ikea 3-Shelf Cabinet, Pine",2084.0,-286.54499999999996,17,0.125
FUR-BO-10003965,O'Sullivan Manor Hill 2-Door Library in Brianna Oak,1647.0,-285.9484,12,0.2475
TEC-LOG-10001123,"Logitech Memory Card, Bluetooth",248.0,-285.408,6,0.6
FUR-CH-10002481,"Hon Executive Leather Armchair, Adjustable",368.0,-284.976,3,0.6
TEC-MA-10004049,"Epson Printer, White",825.0,-284.5452,5,0.335
FUR-CH-10003419,"Hon Steel Folding Chair, Black",1007.0,-283.9275,19,0.3
FUR-ELD-10004384,"Eldon Frame, Black",1139.0,-283.65,17,0.19999999999999998
OFF-ST-10004835,"Fellowes File Cart, Wire Frame",1966.0,-282.008,26,0.2
TEC-PH-10001014,"Cisco Speaker Phone, with Caller ID",2111.0,-281.46,18,0.21000000000000002
FUR-DAN-10002631,"Dania 3-Shelf Cabinet, Pine",629.0,-281.4,7,0.32499999999999996
OFF-ST-10002774,"Rogers Lockers, Industrial",350.0,-280.035,3,0.45
TEC-NOK-10000002,"Nokia Headset, with Caller ID",621.0,-279.46500000000003,14,0.3333333333333333
TEC-KON-10004519,"Konica Card Printer, Red",517.0,-279.18,6,0.39999999999999997
FUR-BO-10004218,"Bush Heritage Pine Collection 5-Shelf Bookcase, Albany Pine Finish, *Special Order",2427.0,-279.1404,24,0.24571428571428572
OFF-ELD-10002279,"Eldon Shelving, Industrial",1434.0,-275.78999999999996,36,0.21333333333333332
FUR-HON-10001689,"Hon Executive Leather Armchair, Red",2480.0,-275.634,6,0.12
TEC-CO-10003474,"Brother Personal Copier, Digital",1961.0,-275.09250000000003,16,0.13
FUR-BO-10002738,"Sauder Corner Shelving, Mobile",744.0,-274.3428,7,0.3175
OFF-ST-10002759,"Eldon Shelving, Industrial",1340.0,-273.78000000000003,34,0.16666666666666666
FUR-CH-10003846,"Office Star Swivel Stool, Set of Two",2194.0,-273.0945,14,0.11666666666666665
TEC-MA-10001856,Okidata C610n Printer,649.0,-272.58,2,0.5
FUR-TA-10004817,"Lesro Coffee Table, with Bottom Storage",504.0,-272.16,4,0.5
TEC-OKI-10003221,"Okidata Receipt Printer, Red",1224.0,-270.288,15,0.15
FUR-CH-10003697,"Novimex Chairmat, Adjustable",1616.0,-269.816,54,0.18333333333333335
OFF-ST-10003306,"Eldon File Cart, Single Width",4008.0,-269.2923,37,0.192
TEC-CO-10003017,"Sharp Ink, Laser",1195.0,-269.064,12,0.13333333333333333
FUR-FU-10004904,"Eldon ""L"" Workstation Diamond Chairmat",1003.0,-267.44960000000003,19,0.3
TEC-SHA-10000306,"Sharp Copy Machine, Color",2185.0,-266.40000000000003,12,0.175
FUR-TA-10002903,"Bevis Round Bullnose 29"" High Table Top",1117.0,-264.9042,7,0.35
FUR-CH-10003362,"Office Star Swivel Stool, Adjustable",847.0,-264.666,7,0.26666666666666666
TEC-CO-10003102,"Canon Copy Machine, Color",1317.0,-263.58000000000004,6,0.16666666666666666
OFF-ST-10001478,"Tenex File Cart, Single Width",4131.0,-263.472,36,0.14545454545454548
FUR-CH-10000005,"Office Star Executive Leather Armchair, Adjustable",564.0,-263.196,2,0.4
FUR-TA-10003179,"Chromcraft Round Table, Adjustable Height",2440.0,-262.812,8,0.3499999999999999
FUR-CH-10001203,"Novimex Steel Folding Chair, Set of Two",2333.0,-262.5024,32,0.115
TEC-SAM-10001843,"Samsung Audio Dock, Full Size",906.0,-262.39199999999994,8,0.3333333333333333
TEC-MA-10004669,"Epson Inkjet, Wireless",1109.0,-262.008,5,0.25
TEC-PAN-10001172,"Panasonic Receipt Printer, Durable",484.0,-261.72,11,0.35
FUR-TA-10001086,"SAFCO PlanMaster Boards, 60w x 37-1/2d, White Melamine",1763.0,-261.4228,18,0.325
FUR-BO-10002992,"Dania Library with Doors, Traditional",3140.0,-261.12,16,0.2
FUR-BO-10001558,"Safco 3-Shelf Cabinet, Pine",953.0,-258.696,8,0.2
TEC-MOT-10000554,"Motorola Smart Phone, Full Size",1545.0,-257.688,4,0.3333333333333333
OFF-TEN-10003148,"Tenex Lockers, Single Width",3389.0,-257.47200000000004,19,0.23333333333333328
FUR-FU-10002918,Eldon ClusterMat Chair Mat with Cordless Antistatic Protection,1201.0,-256.5636,18,0.15999999999999998
OFF-KLE-10001794,"Kleencut Box Cutter, High Speed",300.0,-256.40999999999997,16,0.45714285714285713
FUR-BO-10000008,"Sauder Library with Doors, Traditional",465.0,-255.864,2,0.4
TEC-CO-10001450,"Canon Personal Copier, High-Speed",562.0,-255.7192,10,0.26866666666666666
OFF-SU-10001573,"Kleencut Shears, Serrated",847.0,-255.0609,27,0.1577777777777778
OFF-BRE-10003443,"Breville Refrigerator, Silver",884.0,-254.904,3,0.4333333333333333
TEC-CAN-10001789,"Canon Copy Machine, Digital",446.0,-254.00400000000002,3,0.4333333333333333
FUR-TA-10004634,"Bevis Training Table, Adjustable Height",657.0,-252.9585,3,0.35
TEC-SAM-10003891,"Samsung Headset, with Caller ID",513.0,-252.54,11,0.44999999999999996
TEC-MA-10003337,Okidata B401 Printer,180.0,-251.9874,3,0.7
FUR-FU-10002170,"Deflect-O Frame, Duo Pack",206.0,-251.86,7,0.6
FUR-TA-10001237,"Barricks Coffee Table, Fully Assembled",585.0,-251.5479,3,0.385
TEC-PH-10002867,"Apple Signal Booster, Cordless",186.0,-251.1,5,0.6
TEC-CO-10004128,"Brother Fax and Copier, Color",1540.0,-251.07584,16,0.242
FUR-HAR-10004593,"Harbour Creations Executive Leather Armchair, Black",758.0,-251.03400000000002,3,0.35
TEC-KON-10003116,"Konica Receipt Printer, Red",574.0,-250.98000000000002,10,0.5
TEC-PAN-10000391,"Panasonic Printer, Red",422.0,-250.47600000000003,3,0.35
TEC-NOK-10001844,"Nokia Office Telephone, with Caller ID",312.0,-250.32599999999996,9,0.39999999999999997
OFF-HOO-10002920,"Hoover Stove, Black",795.0,-249.89999999999998,2,0.3
TEC-MA-10001308,"Okidata Printer, Durable",1153.0,-249.8202,6,0.28500000000000003
FUR-BO-10001255,"Ikea Library with Doors, Mobile",2269.0,-248.95800000000003,8,0.19999999999999998
TEC-MA-10001811,"Okidata Card Printer, Durable",1272.0,-248.2515,9,0.21000000000000002
FUR-CH-10001147,"Hon Swivel Stool, Adjustable",4288.0,-247.9266,30,0.12375
TEC-CO-10004182,"Hewlett Wireless Fax, Laser",1292.0,-247.25400000000002,5,0.2
TEC-OKI-10003868,"Okidata Printer, Wireless",538.0,-247.07999999999998,4,0.5
FUR-CH-10002412,"Hon Bag Chairs, Black",1401.0,-246.7752,39,0.156
FUR-CH-10004860,Global Low Back Tilter Chair,1748.0,-246.3912,21,0.1875
OFF-AP-10000263,"KitchenAid Microwave, Silver",1866.0,-245.76,7,0.16666666666666666
TEC-CAN-10002843,"Canon Ink, Digital",1454.0,-245.22899999999998,13,0.25999999999999995
FUR-TA-10001276,"Lesro Training Table, Fully Assembled",216.0,-245.064,4,0.7
FUR-FU-10003874,"Advantus Door Stop, Erganomic",595.0,-244.60999999999999,34,0.36250000000000004
FUR-HON-10000191,"Hon Bag Chairs, Adjustable",277.0,-244.068,14,0.4
OFF-ST-10001648,"Tenex Shelving, Blue",1468.0,-243.336,33,0.19090909090909092
FUR-BO-10001541,"Bush Stackable Bookrack, Traditional",1908.0,-242.7753,19,0.20800000000000002
OFF-BI-10004224,Catalog Binders with Expanding Posts,1090.0,-242.20800000000003,36,0.5125
FUR-TA-10000490,"Lesro Training Table, with Bottom Storage",855.0,-241.956,6,0.47
OFF-SAN-10004288,"Sanford Sketch Pad, Blue",950.0,-240.978,27,0.22499999999999998
OFF-HOO-10003269,"Hoover Toaster, Red",452.0,-240.894,9,0.19999999999999998
OFF-ELD-10000151,"Eldon File Cart, Industrial",2123.0,-240.786,21,0.2714285714285714
FUR-FU-10004915,"Rubbermaid Frame, Durable",1383.0,-240.50800000000004,23,0.2
TEC-PH-10004144,"Apple Speaker Phone, Full Size",897.0,-239.47200000000004,12,0.3
FUR-BO-10001358,"Bush 3-Shelf Cabinet, Traditional",688.0,-239.024,10,0.26666666666666666
TEC-MOT-10004345,"Motorola Office Telephone, Full Size",854.0,-238.275,22,0.35714285714285715
OFF-PA-10003252,"Xerox Note Cards, 8.5 x 11",861.0,-237.978,36,0.15
TEC-NOK-10001678,"Nokia Audio Dock, Cordless",1527.0,-237.66000000000003,13,0.2857142857142857
TEC-AC-10000865,"Enermax Keyboard, Bluetooth",735.0,-237.19199999999998,12,0.2
OFF-ST-10000632,"Rogers Shelving, Single Width",1767.0,-237.006,35,0.21111111111111114
FUR-CH-10000891,"Harbour Creations Executive Leather Armchair, Black",2841.0,-237.0,13,0.30000000000000004
TEC-MA-10002710,"Okidata Printer, Durable",680.0,-236.45600000000002,8,0.4666666666666666
OFF-SAN-10003393,"SanDisk Cards & Envelopes, Recycled",367.0,-236.02200000000002,13,0.21666666666666665
TEC-AC-10002719,"Enermax Router, Programmable",688.0,-233.95049999999998,5,0.47
OFF-ELD-10004324,"Eldon File Cart, Blue",762.0,-233.76000000000002,8,0.25999999999999995
OFF-ST-10002720,"Rogers Shelving, Blue",2071.0,-233.631,39,0.16363636363636364
OFF-ST-10004577,"Fellowes Lockers, Industrial",499.0,-232.776,4,0.4
FUR-TA-10000855,"Chromcraft Training Table, Rectangular",113.0,-232.696,2,0.7
TEC-HP -10004451,"HP Ink, Laser",283.0,-231.65999999999997,5,0.35
OFF-SU-10000649,"Fiskars Box Cutter, High Speed",1072.0,-231.4572,37,0.13555555555555554
FUR-CH-10000920,"Novimex Executive Leather Armchair, Adjustable",243.0,-230.816,2,0.6
TEC-PH-10000493,"Apple Smart Phone, Full Size",1148.0,-229.5,3,0.4
FUR-CH-10001973,Office Star Flex Back Scooter Chair with White Frame,1775.0,-228.61880000000002,21,0.21428571428571427
FUR-BO-10000148,"Bush 3-Shelf Cabinet, Metal",818.0,-228.528,11,0.2
OFF-AP-10000751,"Breville Refrigerator, Black",415.0,-228.272,2,0.4
TEC-AC-10002153,"Logitech Memory Card, Bluetooth",276.0,-227.52,10,0.6
FUR-CH-10000105,"Hon Steel Folding Chair, Set of Two",1029.0,-227.139,19,0.3666666666666667
FUR-TA-10003228,"Hon Computer Table, Fully Assembled",689.0,-226.464,2,0.3
OFF-EN-10004977,"Jiffy Manila Envelope, Recycled",265.0,-226.4292,20,0.4633333333333333
TEC-CO-10001818,"Brother Ink, Digital",1505.0,-226.41848,19,0.152
OFF-FEL-10000070,"Fellowes Box, Industrial",310.0,-226.296,28,0.26249999999999996
FUR-TA-10001039,KI Adjustable-Height Table,2765.0,-226.1274,47,0.22272727272727275
TEC-CO-10004089,"Canon Copy Machine, Laser",1206.0,-225.516,6,0.3
TEC-PH-10003580,Cisco IP Phone 7961G-GE VoIP phone,1040.0,-225.2432,8,0.4000000000000001
FUR-TA-10004653,"Chromcraft Training Table, Rectangular",985.0,-225.24,5,0.3
FUR-BO-10003880,"Dania Corner Shelving, Pine",230.0,-224.756,7,0.6
TEC-PAN-10000878,"Panasonic Phone, Wireless",510.0,-224.01000000000002,9,0.24
FUR-FU-10002116,"Tenex Carpeted, Granite-Look or Clear Contemporary Contour Shape Chair Mats",764.0,-222.73649999999998,15,0.24
TEC-MA-10002729,"StarTech Receipt Printer, Red",409.0,-222.686,11,0.5
FUR-FU-10000339,"Tenex Frame, Black",2101.0,-222.582,22,0.11000000000000001
OFF-EN-10001939,"Kraft Manila Envelope, Security-Tint",554.0,-222.312,42,0.2857142857142857
TEC-CO-10001523,"HP Copy Machine, High-Speed",1195.0,-221.949,7,0.325
TEC-PH-10002217,"Cisco Audio Dock, Cordless",888.0,-221.904,6,0.2
OFF-BOS-10001511,"Boston Canvas, Fluorescent",1400.0,-221.13,36,0.3
TEC-CO-10003965,"Brother Ink, Laser",1842.0,-220.95,14,0.125
TEC-BRO-10000381,"Brother Fax and Copier, Laser",497.0,-220.326,5,0.39999999999999997
FUR-BUS-10002639,"Bush Corner Shelving, Mobile",2201.0,-220.26600000000005,33,0.3125
TEC-EPS-10004171,"Epson Calculator, Red",367.0,-219.996,21,0.27999999999999997
FUR-BO-10002042,"Bush Classic Bookcase, Metal",220.0,-219.832,2,0.6
FUR-BO-10002142,"Ikea Classic Bookcase, Traditional",933.0,-219.6,5,0.30000000000000004
OFF-SU-10004696,"Acme Shears, Easy Grip",617.0,-219.477,18,0.372
TEC-CO-10001410,"Canon Personal Copier, High-Speed",4295.0,-219.3876,33,0.077
FUR-BUS-10004121,"Bush 3-Shelf Cabinet, Mobile",278.0,-218.889,4,0.4666666666666666
FUR-CH-10003248,"SAFCO Bag Chairs, Black",757.0,-218.88899999999998,25,0.2333333333333333
FUR-TA-10001968,"Bevis Computer Table, with Bottom Storage",596.0,-218.568,2,0.4
OFF-ST-10004123,Safco Industrial Wire Shelving System,2511.0,-218.352,30,0.1
OFF-AP-10000078,"Breville Toaster, Silver",372.0,-216.912,8,0.4
TEC-AC-10003921,"Enermax Numeric Keypad, USB",463.0,-216.384,14,0.4
FUR-FU-10000065,"Rubbermaid Frame, Black",1465.0,-216.36,27,0.35
FUR-CH-10003396,Global Deluxe Steno Chair,1773.0,-216.31380000000001,29,0.21000000000000002
FUR-TA-10001857,Balt Solid Wood Rectangular Table,828.0,-216.2545,11,0.2625
FUR-IKE-10003642,"Ikea 3-Shelf Cabinet, Pine",1181.0,-215.92199999999997,10,0.17142857142857143
OFF-AP-10003971,"Hoover Toaster, Red",476.0,-215.802,9,0.3666666666666667
OFF-SU-10001308,"Fiskars Trimmer, Serrated",1403.0,-215.28,50,0.22999999999999998
FUR-CH-10002410,"Office Star Rocking Chair, Red",789.0,-214.344,8,0.30000000000000004
FUR-TA-10002482,"Bevis Wood Table, Fully Assembled",392.0,-214.048,2,0.44999999999999996
OFF-AP-10002499,"Cuisinart Microwave, White",1397.0,-213.08999999999997,6,0.1466666666666667
TEC-PH-10002789,LG Exalt,1155.0,-212.1464,12,0.3333333333333333
TEC-PH-10003813,"Samsung Signal Booster, VoIP",956.0,-212.07,9,0.25
FUR-CH-10000602,"Novimex Executive Leather Armchair, Red",672.0,-211.728,2,0.27
TEC-PH-10002570,"Samsung Headset, Full Size",727.0,-211.67759999999998,15,0.3175
OFF-CUI-10004536,"Cuisinart Blender, Black",1236.0,-211.30800000000002,22,0.1857142857142857
TEC-MA-10000742,"Konica Inkjet, White",745.0,-211.224,4,0.4
TEC-HP -10004590,"HP Fax Machine, Color",1596.0,-210.966,6,0.13999999999999999
TEC-PH-10001921,"Nokia Signal Booster, with Caller ID",3558.0,-210.675,31,0.138
FUR-CH-10004095,"Novimex Steel Folding Chair, Black",2505.0,-210.12,41,0.2285714285714286
TEC-PH-10002353,"Samsung Signal Booster, Full Size",331.0,-209.688,4,0.4
OFF-AP-10002531,"Cuisinart Blender, Red",831.0,-209.48399999999998,24,0.20000000000000004
FUR-SAF-10001949,"SAFCO Bag Chairs, Red",574.0,-208.326,17,0.2571428571428571
TEC-CAN-10002879,"Canon Copy Machine, High-Speed",1926.0,-208.284,10,0.21666666666666665
TEC-MA-10004814,"Panasonic Inkjet, White",1335.0,-208.14000000000004,7,0.3
OFF-BI-10000389,"Ibico Binding Machine, Clear",2592.0,-208.0992,55,0.07333333333333335
FUR-OFF-10003688,"Office Star Rocking Chair, Black",1344.0,-207.80400000000003,14,0.31666666666666665
OFF-SU-10001689,"Acme Box Cutter, Easy Grip",1068.0,-206.838,33,0.2057142857142857
FUR-TA-10002774,Laminate Occasional Tables,2096.0,-206.5342,18,0.2333333333333333
OFF-ST-10001413,"Rogers Folders, Blue",577.0,-205.368,26,0.32499999999999996
FUR-BO-10003713,"Sauder Corner Shelving, Mobile",959.0,-203.952,8,0.2
TEC-CO-10002423,"Canon Personal Copier, High-Speed",2679.0,-203.33999999999997,28,0.19
TEC-MA-10002263,"Panasonic Inkjet, White",166.0,-202.88,2,0.6
TEC-PH-10003601,"Apple Office Telephone, with Caller ID",412.0,-202.536,10,0.3333333333333333
OFF-ST-10001414,"Rogers Lockers, Wire Frame",506.0,-202.344,4,0.4
FUR-CH-10001658,"SAFCO Chairmat, Adjustable",1653.0,-202.268,47,0.15384615384615385
OFF-BI-10002429,"Premier Elliptical Ring Binder, Black",527.0,-201.51279999999997,46,0.6444444444444444
FUR-FU-10002890,"Rubbermaid Frame, Durable",1938.0,-201.2304,23,0.19333333333333336
TEC-STA-10001487,"StarTech Calculator, White",325.0,-200.535,14,0.2714285714285714
OFF-ST-10000917,"Fellowes File Cart, Wire Frame",145.0,-200.048,4,0.6
TEC-MOT-10001088,"Motorola Audio Dock, VoIP",1647.0,-199.83,15,0.21666666666666665
FUR-CH-10002273,"Harbour Creations Rocking Chair, Black",521.0,-199.764,6,0.4
FUR-SAF-10002253,"Safco Stackable Bookrack, Pine",572.0,-198.666,8,0.35
TEC-MA-10002633,"StarTech Inkjet, Durable",648.0,-198.15120000000002,3,0.335
OFF-EN-10000898,"Ames Interoffice Envelope, Security-Tint",456.0,-198.048,16,0.4
TEC-AC-10000089,"SanDisk Router, Bluetooth",897.0,-197.505,7,0.5
FUR-SAF-10001793,"SAFCO Executive Leather Armchair, Black",2478.0,-197.36999999999998,11,0.27999999999999997
TEC-MOT-10002855,"Motorola Speaker Phone, with Caller ID",208.0,-197.352,4,0.6
OFF-ST-10003956,"Rogers Trays, Single Width",1871.0,-197.30700000000002,36,0.18571428571428572
OFF-BRE-10003382,"Breville Stove, Silver",225.0,-196.824,1,0.6
TEC-CO-10001846,"Hewlett Fax and Copier, Digital",1113.0,-196.4922,8,0.185
FUR-BO-10003668,"Sauder Floating Shelf Set, Pine",157.0,-195.936,2,0.6
TEC-CO-10002769,"HP Fax Machine, Digital",3100.0,-194.727,11,0.05
OFF-ST-10002371,"Rogers File Cart, Industrial",3078.0,-193.66,35,0.08
OFF-BOS-10003478,"Boston Markers, Fluorescent",606.0,-193.56300000000002,34,0.23846153846153845
OFF-TEN-10000794,"Tenex Shelving, Wire Frame",1746.0,-193.485,41,0.19230769230769232
FUR-NOV-10000323,"Novimex Executive Leather Armchair, Adjustable",598.0,-193.428,2,0.35
TEC-OKI-10003433,"Okidata Card Printer, Wireless",809.0,-193.422,6,0.175
FUR-TA-10000991,"Lesro Computer Table, Adjustable Height",909.0,-193.152,4,0.2
TEC-MA-10002316,"Konica Printer, Durable",188.0,-192.948,2,0.65
FUR-CH-10003950,"Novimex Executive Leather Armchair, Black",1584.0,-192.45299999999997,4,0.135
OFF-ST-10004412,"Smead Shelving, Wire Frame",1146.0,-192.0,44,0.12307692307692308
FUR-TA-10000075,"Bevis Coffee Table, Fully Assembled",511.0,-191.88,4,0.6
FUR-BO-10003546,Hon 4-Shelf Metal Bookcases,1474.0,-191.86200000000002,22,0.25
FUR-TA-10004748,"Bevis Coffee Table, Fully Assembled",623.0,-191.8125,3,0.35
FUR-FU-10001765,"Eldon Clock, Durable",653.0,-191.69,26,0.34285714285714286
TEC-PH-10004760,"Samsung Office Telephone, with Caller ID",614.0,-191.36759999999998,13,0.23500000000000001
FUR-CH-10000214,"Hon Rocking Chair, Set of Two",318.0,-191.352,4,0.4
FUR-TA-10001705,Bush Advantage Collection Round Conference Table,1488.0,-191.34,10,0.31666666666666665
OFF-AR-10002417,"Boston Sketch Pad, Water Color",1192.0,-191.3244,30,0.23888888888888893
TEC-AC-10000271,"Enermax Router, Erganomic",137.0,-191.272,2,0.6
FUR-BO-10001567,"Bush Westfield Collection Bookcases, Dark Cherry Finish, Fully Assembled",91.0,-190.8522,3,0.7
FUR-HAR-10002873,"Harbour Creations Executive Leather Armchair, Adjustable",1523.0,-190.44000000000005,6,0.35
TEC-PH-10001732,"Samsung Audio Dock, Cordless",4121.0,-190.11599999999999,31,0.1875
OFF-AP-10003618,"Hoover Refrigerator, Silver",527.0,-189.75,2,0.5
FUR-CH-10000528,"Novimex Steel Folding Chair, Adjustable",1208.0,-189.328,25,0.2
FUR-BO-10000321,"Dania Floating Shelf Set, Mobile",894.0,-189.276,10,0.5
FUR-BO-10001318,"Safco Library with Doors, Mobile",418.0,-188.336,4,0.6
TEC-MA-10002424,"StarTech Phone, Durable",224.0,-188.1,6,0.5
OFF-ST-10000622,"Rogers File Cart, Single Width",2296.0,-188.0472,19,0.20333333333333334
FUR-CH-10001332,"Office Star Executive Leather Armchair, Red",1252.0,-187.92000000000002,5,0.2
FUR-CH-10002932,"Harbour Creations Rocking Chair, Adjustable",2237.0,-187.29899999999998,18,0.14250000000000002
TEC-PH-10004503,"Apple Audio Dock, VoIP",134.0,-187.056,3,0.6
TEC-PH-10002483,"Motorola Office Telephone, with Caller ID",431.0,-186.84,15,0.4000000000000001
FUR-BUS-10004820,"Bush Classic Bookcase, Mobile",1785.0,-186.83999999999997,5,0.13999999999999999
FUR-BO-10003174,"Dania Floating Shelf Set, Pine",182.0,-186.64,4,0.6
FUR-TA-10004524,"Bevis Round Table, with Bottom Storage",674.0,-186.573,2,0.35
FUR-CH-10002224,"Hon Rocking Chair, Set of Two",3768.0,-186.16679999999997,31,0.08
FUR-BO-10001342,"Safco Corner Shelving, Metal",2346.0,-186.15,17,0.09166666666666667
TEC-MA-10000327,"Epson Phone, Durable",1487.0,-185.99849999999998,24,0.19166666666666665
TEC-MA-10003492,"Okidata Printer, Wireless",1878.0,-185.265,8,0.14750000000000002
FUR-SAF-10000593,"SAFCO Chairmat, Adjustable",642.0,-184.917,17,0.2777777777777778
TEC-CO-10003587,"Hewlett Personal Copier, Laser",923.0,-184.752,8,0.2
TEC-MA-10003101,"Panasonic Printer, Red",1661.0,-184.548,7,0.1
OFF-ST-10001222,"Eldon Shelving, Single Width",2577.0,-184.11,57,0.05833333333333334
TEC-MA-10004452,"Epson Receipt Printer, Durable",1342.0,-184.0725,14,0.2
FUR-CH-10004751,"Hon Steel Folding Chair, Black",633.0,-183.48000000000002,12,0.30000000000000004
TEC-EPS-10001644,"Epson Phone, Durable",932.0,-183.46499999999997,16,0.2333333333333333
OFF-BOS-10003160,"Boston Markers, Water Color",586.0,-183.21,26,0.1857142857142857
FUR-BO-10002592,"Safco Stackable Bookrack, Traditional",198.0,-183.08,5,0.6
TEC-APP-10004584,"Apple Office Telephone, VoIP",626.0,-183.04799999999997,20,0.4
FUR-IKE-10003015,"Ikea Library with Doors, Mobile",512.0,-183.006,2,0.3
FUR-CH-10002819,"SAFCO Chairmat, Red",1000.0,-183.006,25,0.16666666666666666
FUR-TA-10004383,"Bevis Coffee Table, Adjustable Height",394.0,-182.6649,2,0.385
FUR-BO-10003768,"Sauder 3-Shelf Cabinet, Traditional",1556.0,-182.66,23,0.35
OFF-ELI-10003911,"Elite Shears, Serrated",140.0,-181.968,8,0.6
FUR-CH-10003354,"Novimex Bag Chairs, Black",1845.0,-181.8039,47,0.10363636363636365
OFF-AP-10000285,"Breville Microwave, Silver",242.0,-181.512,3,0.6
OFF-AR-10001607,"Stanley Pencil Sharpener, Water Color",840.0,-181.5,38,0.11538461538461539
FUR-TA-10000304,"Barricks Training Table, with Bottom Storage",382.0,-181.44,3,0.6
TEC-MA-10004224,"StarTech Inkjet, Wireless",1328.0,-181.134,5,0.125
FUR-SAF-10004426,"Safco 3-Shelf Cabinet, Traditional",659.0,-180.68400000000003,7,0.4333333333333333
FUR-CH-10001044,"Harbour Creations Steel Folding Chair, Adjustable",1298.0,-179.73199999999997,23,0.2
OFF-ST-10004804,"Belkin 19"" Vented Equipment Shelf, Black",1399.0,-179.6652,31,0.12000000000000002
FUR-BO-10004399,"Bush Floating Shelf Set, Pine",1768.0,-179.6112,12,0.1275
TEC-MOT-10004111,"Motorola Office Telephone, with Caller ID",230.0,-179.508,6,0.2333333333333333
FUR-CH-10002970,"Harbour Creations Chairmat, Black",2240.0,-179.406,44,0.2857142857142857
TEC-PH-10004772,"Motorola Signal Booster, VoIP",1861.0,-179.33999999999997,15,0.25
FUR-FU-10004596,"Tenex Door Stop, Black",476.0,-179.268,24,0.35000000000000003
OFF-ST-10003445,"Rogers Folders, Industrial",1093.0,-179.13,42,0.16583333333333333
FUR-TA-10001100,"Barricks Computer Table, Fully Assembled",511.0,-178.976,4,0.6
TEC-PH-10002094,"Nokia Smart Phone, with Caller ID",767.0,-178.908,2,0.4
TEC-AC-10003640,"SanDisk Mouse, Programmable",874.0,-178.7862,27,0.21285714285714286
OFF-FEL-10001776,"Fellowes File Cart, Single Width",2567.0,-178.542,20,0.12999999999999998
TEC-MA-10001832,"Okidata Card Printer, Durable",141.0,-178.36,4,0.7
TEC-CAN-10002802,"Canon Personal Copier, Digital",227.0,-178.00199999999998,3,0.35
FUR-TA-10002966,"Chromcraft Computer Table, Fully Assembled",267.0,-177.96,3,0.7
FUR-TA-10004175,"Hon 30"" x 60"" Table with Locking Drawer",1296.0,-177.3512,6,0.3333333333333333
OFF-AP-10004233,Honeywell Enviracaire Portable Air Cleaner for up to 8 x 10 Room,299.0,-177.22320000000002,9,0.45
OFF-SU-10004316,"Elite Shears, High Speed",683.0,-176.94799999999998,28,0.2
OFF-ST-10001719,"Tenex Trays, Industrial",1627.0,-176.8056,34,0.1442857142857143
OFF-EN-10004649,"Ames Mailers, Recycled",503.0,-176.775,20,0.3
OFF-SU-10003221,"Acme Trimmer, Easy Grip",1039.0,-176.358,28,0.2175
TEC-CO-10002686,"Hewlett Fax Machine, Laser",1952.0,-175.998,7,0.09999999999999999
TEC-PH-10003982,"Cisco Speaker Phone, VoIP",185.0,-175.54,5,0.6
TEC-MA-10004993,"Konica Inkjet, Wireless",585.0,-175.53199999999998,7,0.35
FUR-TA-10004308,"Lesro Wood Table, Adjustable Height",188.0,-175.352,2,0.7
TEC-MA-10000110,"StarTech Phone, Wireless",991.0,-174.744,17,0.225
FUR-CH-10000258,"Office Star Steel Folding Chair, Red",2671.0,-174.6648,33,0.12666666666666668
OFF-SU-10003515,"Acme Shears, Serrated",823.0,-174.5694,24,0.2871428571428571
OFF-BOS-10003699,"Boston Sketch Pad, Fluorescent",724.0,-174.51,18,0.15555555555555556
TEC-APP-10004049,"Apple Speaker Phone, Cordless",908.0,-174.12,11,0.2714285714285714
TEC-KON-10004735,"Konica Card Printer, White",1111.0,-173.68800000000002,10,0.3
OFF-ST-10004409,"Rogers Box, Industrial",583.0,-173.595,31,0.21000000000000002
OFF-AR-10001850,"Boston Sketch Pad, Water Color",573.0,-173.548,23,0.2
FUR-CH-10003033,"Novimex Rocking Chair, Adjustable",1380.0,-173.304,19,0.39999999999999997
FUR-FU-10002298,"Rubbermaid ClusterMat Chairmats, Mat Size- 66"" x 60"", Lip 20"" x 11"" -90 Degree Angle",2064.0,-173.12879999999998,24,0.2
TEC-MA-10002520,"Panasonic Receipt Printer, White",1800.0,-173.00520000000003,19,0.2175
OFF-ST-10001522,"Gould Plastics 18-Pocket Panel Bin, 34w x 5-1/4d x 20-1/2h",2299.0,-172.9412,28,0.12000000000000002
FUR-CH-10001278,"SAFCO Chairmat, Black",810.0,-172.521,18,0.16
TEC-MA-10004521,Epson Perfection V600 Photo Scanner,207.0,-172.4925,3,0.7
OFF-AP-10003850,"Hoover Blender, White",470.0,-172.464,8,0.4
OFF-BI-10002594,"Wilson Jones Binding Machine, Durable",134.0,-171.64,10,0.6
TEC-AC-10001352,"SanDisk Numeric Keypad, Bluetooth",1357.0,-171.3615,31,0.16
OFF-SU-10001346,"Stiletto Shears, Steel",1453.0,-171.306,38,0.19
TEC-CO-10002062,"Brother Personal Copier, Digital",1026.0,-171.144,12,0.4000000000000001
TEC-BRO-10003401,"Brother Fax and Copier, High-Speed",589.0,-170.81099999999998,5,0.32499999999999996
FUR-TA-10000355,"Bevis Wood Table, with Bottom Storage",320.0,-170.784,1,0.4
FUR-TA-10000617,"Hon Practical Foundations 30 x 60 Training Table, Light Gray/Charcoal",1604.0,-170.6625,10,0.2625
OFF-AP-10003717,"Breville Coffee Grinder, White",2274.0,-170.39999999999998,42,0.12857142857142856
FUR-FU-10004780,"Deflect-O Frame, Duo Pack",2446.0,-170.058,24,0.058750000000000004
TEC-AC-10002533,"Enermax Memory Card, USB",4451.0,-169.89600000000004,48,0.23090909090909092
FUR-CH-10003853,"Harbour Creations Steel Folding Chair, Red",1071.0,-169.736,20,0.20000000000000004
TEC-CIS-10002344,"Cisco Smart Phone, Full Size",846.0,-169.41299999999998,2,0.35
TEC-PH-10002885,Apple iPhone 5,780.0,-168.9558,2,0.4
TEC-CIS-10003103,"Cisco Office Telephone, VoIP",830.0,-168.88500000000002,21,0.4714285714285714
OFF-XER-10000566,"Xerox Note Cards, 8.5 x 11",73.0,-168.456,8,0.7
FUR-OFF-10004495,"Office Star Swivel Stool, Black",1305.0,-168.38399999999996,13,0.21666666666666665
TEC-CO-10004081,"HP Personal Copier, High-Speed",537.0,-168.11388,9,0.202
FUR-CH-10002152,"Hon Bag Chairs, Set of Two",166.0,-167.94,8,0.55
OFF-ST-10001097,Office Impressions Heavy Duty Welded Shelving & Multimedia Storage Drawers,2175.0,-167.27,14,0.05
OFF-SU-10004848,"Kleencut Shears, High Speed",832.0,-166.85399999999998,24,0.27
TEC-AC-10002224,"Belkin Numeric Keypad, USB",148.0,-166.84,10,0.6
FUR-CH-10000225,"Global Geo Office Task Chair, Gray",1758.0,-166.00900000000001,25,0.17142857142857143
TEC-MA-10004985,"StarTech Card Printer, Durable",698.0,-165.888,8,0.2
OFF-AP-10000802,"Hoover Microwave, White",1626.0,-165.666,8,0.19999999999999998
OFF-ST-10001707,"Smead Shelving, Single Width",1245.0,-165.24720000000002,30,0.11699999999999999
FUR-RUB-10003724,"Rubbermaid Frame, Duo Pack",2772.0,-165.06000000000003,30,0.13333333333333333
TEC-EPS-10002523,"Epson Card Printer, White",573.0,-165.036,6,0.4333333333333333
TEC-MA-10003589,Cisco 8961 IP Phone Charcoal,225.0,-164.9538,3,0.7
FUR-LES-10003082,"Lesro Coffee Table, Rectangular",325.0,-164.739,2,0.35
TEC-MA-10002712,"Okidata Printer, Wireless",1208.0,-163.89000000000001,7,0.25
FUR-CH-10001347,"SAFCO Steel Folding Chair, Black",111.0,-163.86,5,0.6
FUR-CH-10002891,"Hon Executive Leather Armchair, Adjustable",1456.0,-163.728,4,0.2
TEC-CO-10002567,"Hewlett Fax and Copier, Laser",154.0,-162.79548,3,0.602
FUR-TA-10004937,"Chromcraft Conference Table, Rectangular",1856.0,-162.448,4,0.2
TEC-MA-10002844,"Okidata Receipt Printer, White",1208.0,-161.586,12,0.21000000000000002
TEC-PH-10002218,"Apple Speaker Phone, Cordless",1614.0,-161.56,22,0.12000000000000002
OFF-ST-10003295,"Tenex Lockers, Blue",1802.0,-161.39550000000003,13,0.28200000000000003
TEC-CIS-10003501,"Cisco Signal Booster, Full Size",581.0,-160.79399999999998,5,0.19999999999999998
FUR-TA-10003539,"Bevis Wood Table, Fully Assembled",143.0,-160.532,1,0.6
TEC-HEW-10001908,"Hewlett Fax and Copier, Laser",309.0,-160.12800000000001,3,0.35
OFF-AP-10001197,"KitchenAid Stove, Red",285.0,-159.645,1,0.5
OFF-BI-10003372,"Ibico Binding Machine, Durable",890.0,-159.14399999999998,30,0.11249999999999999
FUR-CH-10001695,"Harbour Creations Chairmat, Set of Two",1679.0,-158.715,25,0.12000000000000001
OFF-KIT-10003337,"KitchenAid Microwave, Silver",746.0,-158.65200000000002,3,0.3
FUR-CH-10002044,"Office Star - Contemporary Task Swivel chair with 2-way adjustable arms, Plum",694.0,-158.48579999999998,7,0.25
FUR-TA-10003003,"Lesro Wood Table, Rectangular",651.0,-158.1,2,0.3
FUR-TA-10004915,"Office Impressions End Table, 20-1/2""H x 24""W x 20""D",1884.0,-157.9552,8,0.19999999999999998
TEC-PH-10000038,"Nokia Speaker Phone, with Caller ID",296.0,-157.68,4,0.4
OFF-AR-10000097,"BIC Sketch Pad, Blue",739.0,-157.548,19,0.19166666666666665
OFF-FA-10002597,"OIC Clamps, 12 Pack",295.0,-157.056,24,0.34
OFF-SU-10004306,"Kleencut Trimmer, Steel",1842.0,-157.0521,51,0.11699999999999999
OFF-SME-10004553,"Smead Lockers, Blue",3631.0,-157.01399999999998,23,0.3153846153846154
FUR-SAF-10003540,"Safco Floating Shelf Set, Metal",667.0,-156.96,6,0.32499999999999996
TEC-CO-10002271,"Sharp Fax Machine, Laser",2792.0,-156.70140000000004,17,0.10200000000000001
OFF-SU-10002227,"Elite Letter Opener, High Speed",359.0,-156.64,29,0.3
OFF-AP-10003032,"Hamilton Beach Blender, Silver",981.0,-156.288,16,0.13333333333333333
OFF-SU-10004524,"Kleencut Box Cutter, High Speed",814.0,-155.925,28,0.08333333333333333
TEC-STA-10001232,"StarTech Phone, Durable",462.0,-155.262,9,0.3499999999999999
TEC-PH-10000258,"Motorola Audio Dock, Cordless",2062.0,-155.196,17,0.27999999999999997
FUR-FU-10002655,"Deflect-O Door Stop, Black",774.0,-155.10000000000002,22,0.13999999999999999
FUR-TA-10003583,"Lesro Computer Table, with Bottom Storage",517.0,-155.004,2,0.4
OFF-BIC-10003473,"BIC Markers, Fluorescent",202.0,-154.863,14,0.3714285714285714
TEC-CO-10002697,"Brother Wireless Fax, High-Speed",917.0,-154.6257,4,0.28500000000000003
TEC-BRO-10002579,"Brother Copy Machine, Laser",105.0,-154.548,1,0.6
FUR-TA-10003055,"Lesro Round Table, Fully Assembled",1002.0,-154.3092,5,0.56
TEC-MOT-10001535,"Motorola Headset, VoIP",288.0,-154.242,7,0.4333333333333333
OFF-ST-10001073,"Eldon File Cart, Single Width",103.0,-154.044,3,0.6
OFF-AR-10000539,"Boston Markers, Easy-Erase",689.0,-153.876,34,0.199
OFF-CAM-10001249,"Cameo Mailers, with clear poly window",367.0,-153.69,13,0.27999999999999997
FUR-NOV-10002655,"Novimex Swivel Stool, Adjustable",768.0,-153.63,6,0.2333333333333333
TEC-MA-10000711,"StarTech Receipt Printer, Durable",89.0,-153.52,4,0.7
OFF-PA-10001327,"SanDisk Cards & Envelopes, Recycled",551.0,-153.19799999999998,16,0.22999999999999998
OFF-ST-10004017,"Eldon Lockers, Single Width",106.0,-153.112,2,0.6
OFF-ST-10003256,"Eldon Shelving, Wire Frame",607.0,-152.9178,16,0.1425
TEC-AC-10001055,"Enermax Numeric Keypad, Bluetooth",1262.0,-152.88,37,0.15000000000000002
FUR-BO-10004707,"Ikea Library with Doors, Traditional",1962.0,-152.69400000000002,6,0.10000000000000002
TEC-HEW-10000839,"Hewlett Wireless Fax, Color",1070.0,-152.676,4,0.3
FUR-BO-10003297,"Ikea 3-Shelf Cabinet, Metal",2365.0,-151.64,28,0.15000000000000002
FUR-FU-10003066,"Deflect-O Frame, Duo Pack",763.0,-151.4,14,0.26666666666666666
OFF-ST-10003305,"Rogers Box, Blue",1214.0,-151.27800000000002,58,0.13125
TEC-CO-10003813,"Sharp Ink, Color",302.0,-151.08,4,0.4
OFF-AP-10001285,"Cuisinart Stove, Red",646.0,-150.732,3,0.4
FUR-TA-10003078,"Hon Training Table, Fully Assembled",451.0,-150.4305,3,0.55
TEC-MA-10000868,"Panasonic Phone, Wireless",598.0,-150.318,9,0.175
FUR-FU-10001175,"Advantus Door Stop, Durable",622.0,-150.072,29,0.21250000000000002
OFF-HAM-10001621,"Hamilton Beach Refrigerator, Black",1900.0,-149.92200000000003,5,0.15
OFF-SU-10002881,Martin Yale Chadless Opener Electric Letter Opener,666.0,-149.9058,1,0.2
FUR-CH-10001191,"Office Star Steel Folding Chair, Red",122.0,-149.82,5,0.6
OFF-AP-10000844,"Breville Toaster, Black",102.0,-149.78,5,0.6
FUR-BO-10001714,"Dania Floating Shelf Set, Mobile",980.0,-149.75100000000003,9,0.3
FUR-CH-10001190,Global Deluxe High-Back Office Chair in Storm,1088.0,-149.589,10,0.20000000000000004
TEC-MA-10003631,"Okidata Card Printer, Wireless",1538.0,-149.5875,10,0.125
FUR-LES-10003538,"Lesro Coffee Table, Fully Assembled",101.0,-149.562,1,0.6
TEC-MA-10002521,"Okidata Card Printer, Wireless",1186.0,-149.4675,8,0.18333333333333335
FUR-DAN-10002028,"Dania Classic Bookcase, Mobile",2562.0,-148.94400000000002,8,0.3
OFF-FIS-10001797,"Fiskars Trimmer, Steel",477.0,-148.85999999999999,17,0.26249999999999996
TEC-LOG-10001871,"Logitech Router, USB",941.0,-148.536,5,0.19999999999999998
FUR-BUS-10001187,"Bush Classic Bookcase, Metal",1483.0,-148.536,6,0.3
FUR-TA-10001676,Hon 61000 Series Interactive Training Tables,653.0,-148.3962,22,0.3111111111111111
OFF-BI-10003452,"Acco Binding Machine, Economy",307.0,-148.26,10,0.4
FUR-CH-10004795,"SAFCO Swivel Stool, Red",1680.0,-148.1,17,0.15000000000000002
OFF-AP-10001847,"Breville Toaster, Red",674.0,-147.672,16,0.3666666666666667
OFF-FA-10001375,"Accos Clamps, 12 Pack",424.0,-147.4407,33,0.31125
TEC-MA-10002864,"Okidata Calculator, White",1296.0,-146.20499999999998,29,0.15833333333333333
FUR-BO-10000184,"Sauder Floating Shelf Set, Mobile",158.0,-145.86,3,0.6
OFF-ST-10001562,"Fellowes Box, Industrial",1364.0,-145.566,79,0.15263157894736845
TEC-STA-10004834,"StarTech Receipt Printer, Red",204.0,-145.563,5,0.6499999999999999
FUR-TA-10003152,"Lesro Round Table, Adjustable Height",545.0,-145.38,2,0.4
TEC-OKI-10003770,"Okidata Receipt Printer, Durable",209.0,-145.179,3,0.4333333333333333
FUR-TA-10000073,"Lesro Coffee Table, Adjustable Height",534.0,-144.891,3,0.3
FUR-CH-10000414,"Novimex Chairmat, Black",633.0,-144.856,23,0.2285714285714286
TEC-CO-10004191,"HP Ink, Laser",137.0,-144.8464,4,0.602
FUR-BO-10001811,"Atlantic Metals Mobile 5-Shelf Bookcases, Custom Colors",1963.0,-144.47039999999998,10,0.348
OFF-KRA-10000117,"Kraft Mailers, Security-Tint",312.0,-144.45000000000002,12,0.3
TEC-NOK-10003341,"Nokia Headset, Cordless",448.0,-144.336,10,0.3333333333333333
TEC-PH-10000292,"Samsung Office Telephone, Full Size",613.0,-144.108,16,0.36
TEC-CO-10004649,"Brother Copy Machine, High-Speed",139.0,-144.09144,2,0.602
TEC-CO-10002681,"HP Personal Copier, Digital",297.0,-143.808,4,0.4
TEC-PH-10000298,"Nokia Speaker Phone, Cordless",454.0,-143.64,6,0.4
FUR-TA-10002622,"Bush Andora Conference Table, Maple/Graphite Gray Finish",1436.0,-143.6232,12,0.3
OFF-ST-10000645,"Tenex File Cart, Industrial",1574.0,-143.408,20,0.17142857142857146
TEC-PH-10002428,"Apple Headset, VoIP",1919.0,-143.337,29,0.07833333333333334
FUR-TA-10000198,Chromcraft Bull-Nose Wood Oval Conference Tables & Bases,331.0,-143.2548,1,0.4
OFF-PA-10001835,"SanDisk Computer Printout Paper, 8.5 x 11",671.0,-143.1846,24,0.22
FUR-CH-10001634,"Novimex Rocking Chair, Adjustable",3073.0,-143.16800000000003,40,0.13333333333333336
TEC-MA-10003779,"Konica Printer, Durable",214.0,-142.912,4,0.7
FUR-CH-10000546,"Harbour Creations Executive Leather Armchair, Adjustable",714.0,-142.83,3,0.5
TEC-CO-10001968,"Canon Personal Copier, Color",269.0,-142.68968,7,0.602
TEC-BRO-10003555,"Brother Ink, High-Speed",816.0,-142.59,7,0.13999999999999999
FUR-CH-10003392,"Novimex Steel Folding Chair, Red",1885.0,-142.532,37,0.05000000000000001
TEC-PH-10003102,"Samsung Audio Dock, with Caller ID",1780.0,-142.52,18,0.08
TEC-PH-10003796,"Apple Headset, with Caller ID",425.0,-142.36200000000002,9,0.26666666666666666
OFF-ST-10003150,"Smead Lockers, Wire Frame",209.0,-142.2006,2,0.47
FUR-TEN-10003871,"Tenex Frame, Durable",835.0,-141.282,12,0.35
TEC-HEW-10000930,"Hewlett Ink, Digital",1081.0,-141.264,15,0.2333333333333333
FUR-DAN-10001993,"Dania 3-Shelf Cabinet, Mobile",662.0,-141.25799999999998,6,0.175
OFF-BI-10001820,"Wilson Jones Binding Machine, Durable",1638.0,-140.97,36,0.13636363636363635
OFF-BIC-10002440,"BIC Sketch Pad, Blue",818.0,-140.832,24,0.2
FUR-CH-10002927,"Office Star Swivel Stool, Black",652.0,-140.80200000000002,7,0.35
FUR-TA-10002487,"Bevis Training Table, with Bottom Storage",402.0,-140.724,3,0.6
OFF-EN-10002425,"Ames Peel and Seal, Set of 50",422.0,-140.6298,31,0.26636363636363636
OFF-FIS-10004721,"Fiskars Box Cutter, Serrated",364.0,-140.304,23,0.5199999999999999
FUR-TA-10004342,"Chromcraft Round Table, with Bottom Storage",2173.0,-140.26500000000001,9,0.48333333333333334
FUR-CH-10002024,HON 5400 Series Task Chairs for Big and Tall,981.0,-140.196,2,0.3
FUR-TA-10003222,"Barricks Wood Table, with Bottom Storage",274.0,-139.5771,1,0.47
OFF-LA-10002575,"Smead Legal Exhibit Labels, 5000 Label Set",246.0,-139.365,35,0.3333333333333333
FUR-CH-10002543,"SAFCO Steel Folding Chair, Set of Two",563.0,-139.296,14,0.55
FUR-TA-10001359,"Chromcraft Training Table, with Bottom Storage",1153.0,-139.2066,5,0.235
TEC-PH-10003549,"Samsung Headset, with Caller ID",1112.0,-139.08,18,0.125
TEC-AC-10004144,"SanDisk Numeric Keypad, Bluetooth",528.0,-138.9,12,0.25
TEC-AC-10002601,"SanDisk Router, Bluetooth",695.0,-138.54149999999998,5,0.45999999999999996
TEC-CO-10000560,"Hewlett Ink, High-Speed",869.0,-138.2604,7,0.135
OFF-AP-10004841,"Hamilton Beach Toaster, Silver",291.0,-138.1626,8,0.335
OFF-ST-10003154,"Fellowes Shelving, Industrial",1151.0,-138.1032,26,0.19666666666666666
TEC-MA-10004897,"StarTech Calculator, White",651.0,-137.73,21,0.17500000000000002
TEC-AC-10001455,"Logitech Memory Card, Erganomic",243.0,-137.664,4,0.4
FUR-FU-10002422,"Eldon Photo Frame, Duo Pack",1129.0,-137.662,34,0.21250000000000002
FUR-TA-10002571,"Chromcraft Coffee Table, Adjustable Height",1535.0,-137.48399999999998,9,0.275
TEC-CO-10001626,"Brother Copy Machine, Color",1635.0,-137.274,8,0.225
OFF-STI-10000305,"Stiletto Shears, High Speed",519.0,-137.17799999999997,15,0.11666666666666665
OFF-ST-10002499,"Eldon File Cart, Single Width",1746.0,-136.928,22,0.05714285714285715
FUR-CH-10002228,"Harbour Creations Steel Folding Chair, Set of Two",240.0,-136.224,4,0.4
FUR-FU-10001764,"Deflect-O Clock, Black",121.0,-135.936,9,0.6
OFF-AVE-10002892,"Avery 3-Hole Punch, Recycled",538.0,-135.504,24,0.24285714285714285
FUR-ELD-10002511,"Eldon Photo Frame, Duo Pack",302.0,-135.036,8,0.175
OFF-ST-10004020,"Tenex Lockers, Single Width",2553.0,-134.91,14,0.16
OFF-BRE-10001197,"Breville Refrigerator, Black",156.0,-134.892,1,0.7
TEC-CO-10003166,"Canon Fax Machine, Color",384.0,-134.364,2,0.4
OFF-AR-10002902,"Sanford Canvas, Water Color",1852.0,-134.25,37,0.09090909090909091
TEC-BEL-10002324,"Belkin Keyboard, Bluetooth",873.0,-134.20800000000003,16,0.13999999999999999
OFF-KIT-10000624,"KitchenAid Blender, Black",138.0,-133.728,4,0.6499999999999999
TEC-PH-10001066,"Apple Smart Phone, Cordless",859.0,-133.63500000000002,2,0.325
FUR-CH-10002061,"Harbour Creations Executive Leather Armchair, Red",2761.0,-133.45199999999997,8,0.175
FUR-CH-10003956,Novimex High-Tech Fabric Mesh Task Chair,923.0,-133.4424,16,0.15000000000000002
FUR-FU-10003046,"Advantus Photo Frame, Durable",665.0,-133.437,19,0.33999999999999997
FUR-BO-10000468,O'Sullivan 2-Shelf Heavy-Duty Bookcases,724.0,-133.1092,21,0.18333333333333335
OFF-PA-10000383,"Green Bar Note Cards, Premium",459.0,-132.91199999999998,20,0.16166666666666665
FUR-FU-10003297,"Rubbermaid Frame, Erganomic",2039.0,-132.732,33,0.15000000000000002
TEC-MA-10003361,"Konica Printer, Red",212.0,-132.528,3,0.6
OFF-ST-10001554,"Tenex File Cart, Industrial",3997.0,-132.006,38,0.2090909090909091
OFF-BIN-10004512,"Binney & Smith Pens, Easy-Erase",197.0,-131.868,27,0.34615384615384615
OFF-AP-10002518,Kensington 7 Outlet MasterPiece Power Center,1638.0,-131.7052,14,0.25
TEC-CO-10003568,"HP Copy Machine, Color",130.0,-131.39768,2,0.602
FUR-TA-10003518,"Chromcraft Training Table, Fully Assembled",302.0,-131.3184,2,0.47
FUR-CH-10003833,Novimex Fabric Task Chair,1890.0,-131.107,39,0.1888888888888889
FUR-CH-10001482,Office Star - Mesh Screen back chair with Vinyl seat,2200.0,-130.98000000000002,20,0.14285714285714285
TEC-OKI-10001385,"Okidata Inkjet, White",1494.0,-130.86,6,0.19999999999999998
OFF-ROG-10001549,"Rogers Shelving, Blue",696.0,-130.704,14,0.27999999999999997
TEC-AC-10004848,"SanDisk Memory Card, Erganomic",2177.0,-130.515,23,0.18999999999999997
OFF-AP-10002330,"Hamilton Beach Stove, Silver",543.0,-130.35,2,0.5
TEC-PH-10003723,"Samsung Audio Dock, with Caller ID",1111.0,-130.1922,8,0.1675
OFF-AR-10000660,"Boston Canvas, Water Color",893.0,-130.1178,18,0.12333333333333334
TEC-CO-10001317,"Sharp Fax Machine, Digital",354.0,-129.972,2,0.4
FUR-FU-10004097,"Advantus Door Stop, Duo Pack",590.0,-129.951,17,0.275
OFF-BI-10004200,"Ibico Binding Machine, Clear",604.0,-129.924,23,0.2285714285714286
FUR-FU-10000193,Tenex Chairmats For Use with Hard Floors,468.0,-129.92,20,0.26666666666666666
OFF-AR-10001599,"Binney & Smith Canvas, Blue",1576.0,-129.25799999999998,41,0.21000000000000002
OFF-AP-10000691,"Cuisinart Refrigerator, Red",595.0,-129.024,2,0.4
OFF-CAR-10000150,"Cardinal Binder, Clear",180.0,-128.856,24,0.2
FUR-CH-10001975,"Hon Swivel Stool, Red",1200.0,-128.78000000000003,14,0.2
FUR-BO-10000502,"Sauder Classic Bookcase, Mobile",1345.0,-128.716,6,0.20000000000000004
FUR-TA-10002172,"Hon Conference Table, Rectangular",919.0,-128.67,2,0.5
OFF-STI-10000114,"Stiletto Letter Opener, High Speed",195.0,-128.52,14,0.5249999999999999
OFF-ST-10001393,"Fellowes Trays, Blue",636.0,-128.444,21,0.16
FUR-BO-10004408,"Dania Stackable Bookrack, Pine",1819.0,-128.328,16,0.07500000000000001
TEC-CAN-10001256,"Canon Wireless Fax, High-Speed",151.0,-128.136,1,0.6
OFF-AP-10000179,"Breville Refrigerator, Red",900.0,-128.108,3,0.2
FUR-BUS-10004882,"Bush Floating Shelf Set, Metal",649.0,-128.07600000000002,5,0.19999999999999998
TEC-MA-10000334,"Panasonic Printer, Wireless",1066.0,-128.04000000000002,8,0.5
FUR-CH-10002547,"Office Star Steel Folding Chair, Red",2105.0,-128.00400000000002,41,0.18181818181818182
TEC-PH-10004597,"Apple Signal Booster, with Caller ID",1604.0,-127.84,20,0.1
OFF-PA-10002416,"Xerox Memo Slips, 8.5 x 11",301.0,-127.7265,25,0.2842857142857143
TEC-MA-10003121,"StarTech Card Printer, Wireless",588.0,-127.62,6,0.4
FUR-FU-10000944,"Tenex Door Stop, Black",934.0,-127.60079999999999,26,0.198
FUR-CH-10000996,"Harbour Creations Steel Folding Chair, Black",1322.0,-127.328,24,0.13333333333333333
FUR-HON-10004987,"Hon Training Table, Adjustable Height",268.0,-127.308,2,0.6
TEC-AC-10001639,"Belkin Flash Drive, Erganomic",622.0,-127.1475,23,0.29857142857142854
FUR-CH-10000309,Global Comet Stacking Arm Chair,1774.0,-126.753,6,0.3
OFF-ST-10003656,Safco Industrial Wire Shelving,1363.0,-126.7068,16,0.16
FUR-CH-10003874,"Hon Chairmat, Red",133.0,-126.648,9,0.6
TEC-MA-10001940,"Okidata Card Printer, Wireless",211.0,-126.624,2,0.4
TEC-AC-10000827,"SanDisk Keyboard, Programmable",1826.0,-126.6,28,0.16666666666666666
FUR-CH-10004026,"SAFCO Rocking Chair, Adjustable",330.0,-126.48,4,0.4
TEC-EPS-10000689,"Epson Card Printer, Wireless",459.0,-125.775,4,0.32499999999999996
OFF-ST-10003470,"Tennsco Snap-Together Open Shelving Units, Starter Sets and Add-On Units",671.0,-125.766,3,0.2
FUR-BO-10001601,"Sauder Mission Library with Doors, Fruitwood Finish",935.0,-125.74080000000001,10,0.26333333333333336
OFF-AP-10000213,"Cuisinart Refrigerator, Black",396.0,-125.552,2,0.4
FUR-FU-10000723,"Deflect-o EconoMat Studded, No Bevel Mat for Low Pile Carpeting",1115.0,-125.1996,33,0.17777777777777776
OFF-EN-10001109,"Ames Interoffice Envelope, Recycled",446.0,-125.172,13,0.18999999999999997
OFF-KIT-10004058,"KitchenAid Stove, White",738.0,-125.043,2,0.35
TEC-AC-10001002,"SanDisk Memory Card, USB",169.0,-125.01,3,0.5
OFF-BI-10001927,"Ibico Binding Machine, Durable",85.0,-124.968,6,0.6
TEC-CO-10002812,"Canon Ink, Color",357.0,-124.824,4,0.4
TEC-MA-10003553,"Epson Printer, Red",821.0,-124.7268,4,0.21000000000000002
OFF-ROG-10002682,"Rogers Box, Industrial",338.0,-124.695,19,0.32999999999999996
FUR-CHR-10000888,"Chromcraft Computer Table, Fully Assembled",178.0,-124.59,1,0.6
FUR-CH-10000336,"SAFCO Chairmat, Set of Two",695.0,-124.536,22,0.2
OFF-PA-10004268,"SanDisk Note Cards, 8.5 x 11",789.0,-124.3404,33,0.23166666666666666
TEC-PH-10001795,ClearOne CHATAttach 160 - speaker phone,744.0,-123.998,2,0.4
FUR-DEF-10000349,"Deflect-O Stacking Tray, Durable",212.0,-123.98400000000001,14,0.11666666666666665
OFF-PA-10002109,"SanDisk Message Books, Premium",496.0,-123.864,26,0.21833333333333335
TEC-MA-10001726,"Epson Receipt Printer, White",1094.0,-123.82440000000001,11,0.1675
FUR-NOV-10000222,"Novimex Steel Folding Chair, Adjustable",679.0,-123.81,11,0.24
OFF-ELD-10003038,"Eldon Shelving, Blue",865.0,-123.64199999999998,28,0.24285714285714285
FUR-TA-10003855,"Lesro Round Table, with Bottom Storage",90.0,-123.558,1,0.7
FUR-CH-10004506,"Novimex Steel Folding Chair, Set of Two",1401.0,-122.952,19,0.16
FUR-BO-10002781,"Sauder Floating Shelf Set, Traditional",1226.0,-122.856,11,0.3
FUR-SAF-10004173,"Safco Corner Shelving, Traditional",1225.0,-122.80800000000002,11,0.2333333333333333
FUR-BO-10004620,"Safco Stackable Bookrack, Mobile",1057.0,-122.41199999999999,9,0.26666666666666666
FUR-FU-10000298,"Eldon Photo Frame, Duo Pack",698.0,-122.31000000000002,15,0.15
OFF-ST-10001418,Carina Media Storage Towers in Natural & Black,1073.0,-121.96000000000001,20,0.12000000000000002
TEC-CIS-10001661,"Cisco Signal Booster, VoIP",1307.0,-121.788,10,0.175
FUR-CH-10004943,"Office Star Bag Chairs, Adjustable",377.0,-121.755,10,0.3333333333333333
FUR-CH-10001944,"Harbour Creations Rocking Chair, Red",608.0,-121.628,8,0.20000000000000004
FUR-BO-10001781,"Bush Library with Doors, Traditional",2576.0,-121.57199999999999,15,0.3
TEC-MA-10004842,"Konica Calculator, Red",176.0,-121.392,11,0.35
TEC-CO-10000961,"Canon Copy Machine, Color",280.0,-120.97376,4,0.602
TEC-KON-10000005,"Konica Phone, Durable",380.0,-120.936,10,0.425
TEC-PH-10003513,"Nokia Speaker Phone, VoIP",358.0,-120.804,4,0.275
OFF-WIL-10000390,"Wilson Jones Binder, Durable",412.0,-120.636,38,0.09999999999999999
TEC-MEM-10003302,"Memorex Numeric Keypad, Erganomic",351.0,-120.555,12,0.4
OFF-BI-10002465,"Avery Binding Machine, Clear",709.0,-120.48,26,0.15555555555555556
OFF-AP-10000055,Belkin F9S820V06 8 Outlet Surge,266.0,-120.17599999999999,17,0.4
OFF-ST-10001346,"Smead File Cart, Industrial",1764.0,-120.14,25,0.17142857142857146
TEC-HP -10001574,"HP Fax Machine, Laser",240.0,-119.988,2,0.6
FUR-CH-10004355,"Harbour Creations Rocking Chair, Set of Two",493.0,-119.47800000000001,5,0.3
TEC-CO-10000825,"Brother Ink, Color",2001.0,-119.39700000000002,15,0.11750000000000001
OFF-SU-10001066,"Acme Letter Opener, Steel",473.0,-119.2839,22,0.21
TEC-PH-10001137,"Samsung Speaker Phone, with Caller ID",164.0,-119.18,5,0.6
TEC-AC-10000051,"Logitech Memory Card, USB",617.0,-119.1636,9,0.33
FUR-BO-10002574,"Bush Corner Shelving, Traditional",132.0,-119.104,4,0.6
TEC-PH-10003075,"Samsung Signal Booster, Full Size",1639.0,-118.9356,13,0.07333333333333335
OFF-SAN-10004824,"Sanford Pencil Sharpener, Water Color",577.0,-118.71000000000001,36,0.30666666666666664
OFF-BRE-10004872,"Breville Blender, Black",54.0,-118.398,2,0.7
TEC-PH-10000956,"Motorola Speaker Phone, with Caller ID",591.0,-118.251,7,0.325
OFF-AP-10001824,"Breville Stove, Silver",1400.0,-118.1079,3,0.17
TEC-AC-10003262,"Belkin Router, Erganomic",308.0,-118.068,2,0.4
FUR-BO-10000112,"Bush Birmingham Collection Bookcase, Dark Cherry",825.0,-117.882,9,0.3
FUR-TA-10004957,"Bevis Wood Table, Fully Assembled",460.0,-117.7512,2,0.57
TEC-PH-10003368,"Samsung Signal Booster, Full Size",423.0,-117.708,7,0.30000000000000004
TEC-NOK-10001282,"Nokia Signal Booster, with Caller ID",1434.0,-117.63,16,0.25999999999999995
OFF-BI-10002881,"Wilson Jones Binding Machine, Economy",1323.0,-117.5904,30,0.095
FUR-BO-10004327,"Bush 3-Shelf Cabinet, Mobile",1124.0,-116.84700000000001,10,0.175
FUR-BO-10001524,"Bush Stackable Bookrack, Pine",166.0,-116.62,5,0.6
OFF-ENE-10003549,"Enermax Cards & Envelopes, Recycled",66.0,-116.586,4,0.6666666666666666
FUR-BO-10003029,"Sauder Library with Doors, Traditional",244.0,-116.3031,1,0.37
TEC-MA-10000555,"Panasonic Card Printer, Red",2278.0,-116.2596,14,0.0425
OFF-KLE-10002340,"Kleencut Shears, Easy Grip",319.0,-116.136,9,0.15
TEC-CO-10004409,"Hewlett Fax and Copier, High-Speed",253.0,-116.0138,5,0.602
OFF-SU-10001869,"Stiletto Scissors, Steel",470.0,-116.0055,26,0.19444444444444445
TEC-HEW-10000365,"Hewlett Copy Machine, Laser",1948.0,-115.98599999999999,8,0.09999999999999999
OFF-ST-10004428,"Tenex Lockers, Industrial",273.0,-115.96,5,0.6
FUR-CH-10001220,"Harbour Creations Chairmat, Set of Two",178.0,-115.92,4,0.4
TEC-PH-10004297,"Motorola Speaker Phone, Full Size",1867.0,-115.64249999999998,17,0.1375
OFF-PA-10002022,"Xerox Message Books, 8.5 x 11",337.0,-115.4877,19,0.2157142857142857
FUR-TA-10004607,Hon 2111 Invitation Series Straight Table,2039.0,-115.3074,18,0.2714285714285714
TEC-MA-10004298,"Panasonic Calculator, Durable",984.0,-114.93599999999999,22,0.11833333333333335
FUR-TA-10003663,"Bevis Computer Table, Adjustable Height",1509.0,-114.824,5,0.1
OFF-BI-10001987,"Acco Binding Machine, Economy",660.0,-114.79599999999999,23,0.15000000000000002
TEC-MA-10004116,"StarTech Inkjet, Wireless",483.0,-114.756,2,0.2
OFF-ACM-10003278,"Acme Trimmer, Easy Grip",102.0,-114.72,6,0.6499999999999999
FUR-CH-10001714,"Global Leather & Oak Executive Chair, Burgundy",1689.0,-114.6764,13,0.18
TEC-OKI-10001433,"Okidata Calculator, Red",271.0,-114.50999999999999,11,0.3333333333333333
FUR-TA-10002855,Bevis Round Conference Table Top & Single Column Base,1272.0,-114.14519999999999,12,0.275
OFF-ACM-10003715,"Acme Shears, Serrated",430.0,-113.976,12,0.175
OFF-AP-10001947,Acco 6 Outlet Guardian Premium Plus Surge Suppressor,289.0,-113.7672,31,0.4000000000000001
FUR-BO-10001271,"Sauder Classic Bookcase, Pine",350.0,-113.748,3,0.6
OFF-BOS-10002073,"Boston Canvas, Water Color",950.0,-113.70600000000002,22,0.19999999999999998
FUR-TA-10004005,"Bevis Coffee Table, Rectangular",632.0,-113.7,4,0.5
OFF-FIS-10004882,"Fiskars Shears, Easy Grip",197.0,-113.33999999999999,7,0.3
FUR-BO-10002202,"Atlantic Metals Mobile 2-Shelf Bookcases, Custom Colors",400.0,-113.2606,3,0.51
OFF-HOO-10002386,"Hoover Toaster, Silver",210.0,-113.205,6,0.4666666666666666
TEC-CO-10003694,"Brother Wireless Fax, Color",2985.0,-113.19099999999997,13,0.082
TEC-PH-10001163,"Motorola Speaker Phone, Cordless",1525.0,-112.75499999999998,13,0.09166666666666667
OFF-ST-10001974,"Rogers File Cart, Industrial",3765.0,-112.25999999999999,33,0.2090909090909091
FUR-BO-10001155,"Dania 3-Shelf Cabinet, Traditional",2148.0,-112.2045,17,0.12
TEC-MA-10004482,"Panasonic Card Printer, White",974.0,-112.0305,9,0.2833333333333333
OFF-SU-10002388,"Elite Shears, Easy Grip",1174.0,-111.83069999999998,30,0.197
FUR-DAN-10000597,"Dania Floating Shelf Set, Traditional",813.0,-111.78000000000002,6,0.19999999999999998
FUR-BO-10004055,"Safco Corner Shelving, Metal",2010.0,-111.69000000000003,19,0.22000000000000003
FUR-CH-10001536,"Harbour Creations Swivel Stool, Red",144.0,-111.684,3,0.6
TEC-PH-10004825,"Cisco Headset, VoIP",399.0,-111.555,6,0.25
TEC-MA-10004002,Zebra GX420t Direct Thermal/Thermal Transfer Printer,265.0,-111.4995,1,0.5
FUR-FU-10004955,"Tenex Door Stop, Durable",459.0,-111.456,16,0.19999999999999998
FUR-FU-10003773,Eldon Cleatmat Plus Chair Mats for High Pile Carpets,1305.0,-111.32800000000003,20,0.15999999999999998
OFF-GRE-10000328,"Green Bar Parchment Paper, Premium",83.0,-111.0,12,0.5249999999999999
OFF-EN-10001029,"Cameo Business Envelopes, Recycled",329.0,-110.6055,23,0.22400000000000003
TEC-AC-10002048,"Enermax Flash Drive, Bluetooth",77.0,-110.51599999999999,7,0.6
FUR-CH-10000027,"SAFCO Executive Leather Armchair, Black",3084.0,-110.16000000000003,8,0.16
TEC-MEM-10002883,"Memorex Memory Card, Erganomic",300.0,-110.16,5,0.4
OFF-ST-10002344,"Carina 42""Hx23 3/4""W Media Storage Unit",1636.0,-110.1328,22,0.1
FUR-BO-10002325,"Bush Classic Bookcase, Metal",2527.0,-110.048,12,0.2
OFF-BIC-10004557,"BIC Canvas, Blue",731.0,-109.64999999999999,17,0.14444444444444443
OFF-AP-10002684,"Acco 7-Outlet Masterpiece Power Center, Wihtout Fax/Phone Line Protection",1338.0,-109.42200000000003,17,0.3333333333333333
TEC-MA-10003557,"Panasonic Inkjet, Durable",2637.0,-109.40549999999996,11,0.19
TEC-PH-10003784,"Motorola Signal Booster, with Caller ID",1355.0,-109.0989,11,0.11333333333333334
FUR-DAN-10003065,"Dania Library with Doors, Traditional",3115.0,-108.95999999999998,10,0.09999999999999999
OFF-ST-10002554,Tennsco Industrial Shelving,1283.0,-108.5802,29,0.1111111111111111
FUR-NOV-10002939,"Novimex Swivel Stool, Black",49.0,-108.561,1,0.7
TEC-SAN-10000250,"SanDisk Memory Card, USB",676.0,-108.12,8,0.32499999999999996
FUR-FU-10001322,"Deflect-O Clock, Durable",170.0,-108.036,6,0.4
OFF-PA-10002811,"Green Bar Message Books, 8.5 x 11",687.0,-107.9241,32,0.22
FUR-TA-10000222,"Bevis Training Table, Adjustable Height",715.0,-107.9196,4,0.47
OFF-EN-10004956,"Jiffy Interoffice Envelope, Set of 50",74.0,-107.856,6,0.6
TEC-PH-10001413,"Motorola Audio Dock, with Caller ID",139.0,-107.544,3,0.6
FUR-BO-10002462,"Ikea Classic Bookcase, Pine",1512.0,-107.45400000000001,4,0.085
TEC-MA-10001731,"Okidata Card Printer, White",186.0,-106.944,4,0.6
OFF-SAN-10002639,"Sanford Markers, Easy-Erase",334.0,-106.69800000000001,19,0.22727272727272727
TEC-PH-10000342,"Samsung Office Telephone, Full Size",505.0,-106.524,10,0.2
OFF-SU-10000207,"Kleencut Box Cutter, High Speed",736.0,-106.221,32,0.2671428571428572
TEC-KON-10004774,"Konica Inkjet, Durable",1654.0,-106.15499999999999,6,0.175
FUR-CH-10000604,"Office Star Rocking Chair, Set of Two",115.0,-105.972,3,0.6
FUR-TA-10001980,"Hon Wood Table, Rectangular",344.0,-105.795,1,0.35
OFF-SU-10002543,"Stiletto Scissors, Easy Grip",583.0,-105.6093,29,0.22714285714285712
OFF-ST-10003995,"Eldon File Cart, Single Width",3671.0,-105.45599999999997,36,0.16363636363636364
OFF-ST-10002561,"Rogers File Cart, Blue",3226.0,-105.44800000000002,37,0.07500000000000001
TEC-AC-10001703,"Memorex Keyboard, USB",493.0,-105.435,9,0.18333333333333335
FUR-CH-10004536,"Novimex Bag Chairs, Set of Two",371.0,-105.363,13,0.4333333333333333
OFF-SU-10000738,"Acme Shears, Steel",236.0,-105.084,9,0.4725
TEC-AC-10003920,"Belkin Keyboard, Bluetooth",210.0,-104.85,5,0.5
FUR-TA-10004152,"Barricks 18"" x 48"" Non-Folding Utility Table with Bottom Storage Shelf",1089.0,-104.832,16,0.32
FUR-CH-10003195,"Hon Rocking Chair, Red",1513.0,-104.808,20,0.14285714285714285
TEC-PH-10002623,"Cisco Smart Phone, with Caller ID",2093.0,-104.772,6,0.4666666666666666
OFF-SU-10004846,"Acme Box Cutter, Serrated",592.0,-104.19,28,0.25333333333333335
OFF-ST-10002790,Safco Industrial Shelving,827.0,-104.1285,13,0.12000000000000002
FUR-ELD-10000335,"Eldon Door Stop, Durable",268.0,-103.917,10,0.32499999999999996
OFF-AP-10002625,"Cuisinart Microwave, Black",1112.0,-103.80000000000001,8,0.2
OFF-SU-10001488,"Stiletto Scissors, Steel",235.0,-103.69800000000001,15,0.13333333333333333
OFF-BRE-10003558,"Breville Refrigerator, White",724.0,-103.542,2,0.3
FUR-BO-10003893,Sauder Camden County Collection Library,1368.0,-103.482,16,0.235
TEC-MA-10004820,"Okidata Card Printer, Wireless",141.0,-103.176,4,0.7
TEC-PH-10001602,"Samsung Office Telephone, Full Size",142.0,-102.912,8,0.6
OFF-BI-10001098,Acco D-Ring Binder w/DublLock,234.0,-102.8378,31,0.6222222222222222
TEC-MA-10003315,"Panasonic Card Printer, Red",342.0,-102.66,4,0.5
OFF-PA-10004648,"Xerox Message Books, Recycled",238.0,-102.38400000000001,18,0.26799999999999996
OFF-JIF-10004747,"Jiffy Manila Envelope, with clear poly window",367.0,-102.06,16,0.15
OFF-AR-10001508,"BIC Canvas, Water Color",691.0,-101.4768,16,0.258
FUR-TA-10001622,"Lesro Coffee Table, with Bottom Storage",403.0,-100.8,3,0.2
OFF-WIL-10000604,"Wilson Jones Binder, Clear",267.0,-100.60800000000002,32,0.3
OFF-BRE-10000448,"Breville Coffee Grinder, Silver",125.0,-100.32,6,0.6499999999999999
OFF-ST-10004793,"Tenex File Cart, Industrial",72.0,-100.184,2,0.6
TEC-MA-10002525,"StarTech Phone, Durable",45.0,-100.056,3,0.7
TEC-SAN-10000740,"SanDisk Numeric Keypad, Bluetooth",399.0,-100.008,9,0.3
TEC-PH-10001963,"Nokia Speaker Phone, Full Size",1394.0,-99.822,15,0.275
FUR-BO-10004695,O'Sullivan 2-Door Barrister Bookcase in Odessa Pine,1991.0,-99.539,15,0.21000000000000002
FUR-BO-10002545,"Atlantic Metals Mobile 3-Shelf Bookcases, Custom Colors",3376.0,-99.17239999999998,18,0.264
OFF-SU-10003371,"Elite Shears, Serrated",599.0,-99.07600000000001,24,0.16666666666666666
TEC-AC-10002545,"Logitech Router, Bluetooth",198.0,-98.964,3,0.6
FUR-TA-10002827,"Hon Computer Table, Fully Assembled",1086.0,-98.838,6,0.44999999999999996
FUR-TA-10004484,"Barricks Wood Table, Adjustable Height",363.0,-98.646,1,0.3
TEC-CO-10002065,"HP Fax Machine, High-Speed",179.0,-98.406,1,0.4
TEC-PH-10003932,"Apple Audio Dock, VoIP",2895.0,-98.32000000000001,28,0.05
FUR-BO-10003783,"Dania Library with Doors, Pine",1691.0,-98.30250000000001,6,0.22499999999999998
OFF-AP-10000023,"Breville Toaster, Black",254.0,-98.02,7,0.2
FUR-CH-10001810,"Harbour Creations Chairmat, Red",778.0,-97.92,19,0.1
TEC-PH-10004871,"Motorola Headset, Cordless",1386.0,-97.868,29,0.17777777777777778
FUR-CH-10003848,"Office Star Rocking Chair, Adjustable",1004.0,-97.79999999999998,12,0.32499999999999996
OFF-AR-10003688,"Sanford Canvas, Blue",67.0,-97.74,5,0.6
FUR-TA-10003954,Hon 94000 Series Round Tables,711.0,-97.7394,3,0.2
FUR-BO-10003450,"Bush Westfield Collection Bookcases, Dark Cherry Finish",650.0,-97.4064,14,0.2333333333333333
OFF-AR-10002255,"Boston Sketch Pad, Water Color",1811.0,-97.19999999999999,38,0.09090909090909091
FUR-BO-10000700,"Sauder Floating Shelf Set, Metal",233.0,-97.032,2,0.4
TEC-CO-10000137,"Canon Wireless Fax, Color",2022.0,-96.9748,11,0.252
FUR-FU-10000913,"Rubbermaid Door Stop, Durable",543.0,-96.86099999999999,18,0.3
OFF-ENE-10003314,"Enermax Parchment Paper, Recycled",78.0,-96.84,12,0.4
TEC-CO-10004263,"Hewlett Personal Copier, Laser",1566.0,-96.79049999999998,12,0.11249999999999999
OFF-ENE-10000012,"Enermax Computer Printout Paper, Recycled",65.0,-96.546,6,0.6333333333333333
FUR-TA-10004416,"Bevis Wood Table, Adjustable Height",536.0,-96.48,2,0.5
TEC-MA-10000354,"StarTech Calculator, Wireless",592.0,-96.19200000000001,20,0.21000000000000002
OFF-EN-10003859,"Jiffy Interoffice Envelope, with clear poly window",320.0,-96.128,16,0.4000000000000001
OFF-BIC-10001211,"BIC Highlighters, Water Color",375.0,-96.02999999999999,26,0.19999999999999998
TEC-AC-10000254,"Belkin Keyboard, Programmable",897.0,-95.97,14,0.25
FUR-TA-10002972,"Barricks Computer Table, Fully Assembled",254.0,-95.8857,1,0.47
OFF-ST-10000711,"Fellowes Box, Single Width",74.0,-95.816,14,0.6
TEC-PH-10000611,"Samsung Signal Booster, VoIP",164.0,-95.724,2,0.4
TEC-MA-10002413,"Panasonic Card Printer, Durable",322.0,-95.721,3,0.325
FUR-BO-10001276,"Safco Floating Shelf Set, Mobile",318.0,-95.664,6,0.6
OFF-TEN-10002065,"Tenex Shelving, Industrial",932.0,-95.544,23,0.26666666666666666
OFF-EN-10000824,"GlobeWeis Manila Envelope, Security-Tint",143.0,-95.328,8,0.4
OFF-ST-10004830,"Eldon Lockers, Blue",1457.0,-95.22240000000001,8,0.0925
FUR-IKE-10003251,"Ikea Floating Shelf Set, Mobile",69.0,-95.076,1,0.6
OFF-AR-10000578,"BIC Pencil Sharpener, Fluorescent",382.0,-95.0664,17,0.276
FUR-CH-10000214,"Harbour Creations Bag Chairs, Black",444.0,-94.875,10,0.4333333333333333
TEC-CO-10004928,"Brother Copy Machine, Color",207.0,-94.86996,3,0.602
OFF-GLO-10001348,"GlobeWeis Manila Envelope, Security-Tint",290.0,-94.797,13,0.2857142857142857
OFF-CAM-10000726,"Cameo Interoffice Envelope, Security-Tint",175.0,-94.695,6,0.38
OFF-AR-10000989,"Binney & Smith Canvas, Blue",304.0,-94.58879999999999,8,0.25666666666666665
TEC-BEL-10003311,"Belkin Keyboard, USB",218.0,-94.20599999999999,4,0.35
FUR-CH-10000438,"Novimex Chairmat, Adjustable",141.0,-94.128,4,0.4
OFF-JIF-10004450,"Jiffy Mailers, Recycled",137.0,-93.714,8,0.35
TEC-PH-10000106,"Apple Smart Phone, Full Size",2465.0,-93.5,7,0.1
FUR-BO-10004935,"Ikea Stackable Bookrack, Mobile",133.0,-93.44,4,0.6
FUR-TA-10000963,"Chromcraft Round Table, with Bottom Storage",747.0,-93.42,3,0.2
TEC-AC-10003081,"Memorex Mouse, USB",529.0,-93.24000000000001,35,0.2
OFF-EN-10000454,"GlobeWeis Business Envelopes, Set of 50",202.0,-92.5956,17,0.22
OFF-BI-10004098,"Acco 3-Hole Punch, Durable",940.0,-92.5488,33,0.07375000000000001
TEC-PH-10002332,"Motorola Audio Dock, VoIP",2452.0,-92.512,22,0.06666666666666667
FUR-TA-10004584,"Hon Training Table, Rectangular",132.0,-92.492,2,0.7
OFF-ST-10001818,"Smead Trays, Blue",2860.0,-92.28000000000003,70,0.1411764705882353
TEC-MA-10002989,"Panasonic Printer, White",141.0,-91.84,2,0.6
FUR-BO-10004630,"Ikea Library with Doors, Mobile",1647.0,-91.605,5,0.1
TEC-PH-10003555,Motorola HK250 Universal Bluetooth Headset,833.0,-91.5002,41,0.13333333333333336
TEC-HEW-10003695,"Hewlett Wireless Fax, Digital",912.0,-91.188,3,0.3
OFF-GLO-10003650,"GlobeWeis Mailers, with clear poly window",114.0,-91.01700000000001,6,0.5199999999999999
FUR-BO-10000087,"Dania Classic Bookcase, Mobile",1087.0,-90.99359999999999,3,0.185
OFF-ROG-10002279,"Rogers Box, Blue",921.0,-90.912,43,0.22
OFF-EN-10000128,"GlobeWeis Interoffice Envelope, Set of 50",478.0,-90.9,14,0.26666666666666666
OFF-EN-10000857,"Jiffy Interoffice Envelope, Set of 50",638.0,-90.864,24,0.15000000000000002
OFF-HOO-10003246,"Hoover Blender, Black",68.0,-90.84,2,0.6499999999999999
TEC-SAN-10004885,"SanDisk Flash Drive, Erganomic",421.0,-90.765,14,0.25
TEC-HP -10003345,"HP Fax and Copier, High-Speed",1266.0,-90.744,13,0.2333333333333333
OFF-AP-10002531,"Hoover Blender, White",1654.0,-90.43199999999999,18,0.07500000000000001
FUR-BO-10003913,"Safco Stackable Bookrack, Pine",1669.0,-90.237,13,0.17500000000000002
TEC-CO-10000259,"Hewlett Ink, Color",1194.0,-90.126,9,0.175
TEC-PH-10004577,"Samsung Office Telephone, with Caller ID",157.0,-90.072,9,0.6
OFF-JIF-10000556,"Jiffy Interoffice Envelope, Security-Tint",78.0,-89.976,4,0.6
OFF-ST-10003750,"Tenex Shelving, Wire Frame",516.0,-89.912,19,0.27999999999999997
FUR-BUS-10001876,"Bush 3-Shelf Cabinet, Pine",43.0,-89.754,1,0.7
TEC-PH-10001884,"Nokia Office Telephone, Full Size",2461.0,-89.6748,40,0.08857142857142856
OFF-EN-10001476,"Ames Interoffice Envelope, Set of 50",132.0,-89.408,11,0.6
OFF-AR-10001162,"BIC Pencil Sharpener, Blue",244.0,-89.376,14,0.4
TEC-ENE-10005000,"Enermax Memory Card, Bluetooth",583.0,-89.24100000000001,7,0.25999999999999995
OFF-PA-10000976,"Green Bar Cards & Envelopes, Premium",103.0,-89.0532,4,0.47
FUR-BO-10000616,"Dania Corner Shelving, Pine",444.0,-89.028,6,0.4
FUR-ADV-10001283,"Advantus Frame, Black",178.0,-88.968,3,0.35
FUR-FU-10000072,"Advantus Light Bulb, Erganomic",149.0,-88.62,14,0.26666666666666666
TEC-PH-10000237,"Motorola Office Telephone, with Caller ID",77.0,-88.096,4,0.6
OFF-ST-10003489,"Smead Shelving, Wire Frame",64.0,-88.0,5,0.6
TEC-BRO-10001852,"Brother Fax and Copier, Digital",76.0,-87.948,1,0.6
TEC-AC-10000111,"SanDisk Mouse, USB",412.0,-87.82560000000001,13,0.2233333333333333
FUR-FU-10003370,"Tenex Light Bulb, Durable",223.0,-87.82400000000001,30,0.31666666666666665
OFF-BI-10003709,"Wilson Jones Binding Machine, Durable",1137.0,-87.768,40,0.125
FUR-TA-10003371,"Chromcraft Training Table, Adjustable Height",38.0,-87.736,1,0.8
OFF-FA-10001596,"Stockwell Clamps, 12 Pack",479.0,-87.708,33,0.19000000000000003
OFF-AR-10001482,"Stanley Markers, Easy-Erase",943.0,-87.633,46,0.06875
TEC-AC-10003659,"Memorex Memory Card, Programmable",1430.0,-87.2994,17,0.16749999999999998
FUR-FU-10004842,"Advantus Light Bulb, Erganomic",235.0,-87.22,26,0.2571428571428572
OFF-BI-10001984,"Ibico Binding Machine, Economy",1737.0,-87.204,39,0.06999999999999999
TEC-MA-10002864,"Panasonic Card Printer, Durable",139.0,-86.988,3,0.6
FUR-BO-10002981,"Sauder Stackable Bookrack, Traditional",976.0,-86.96000000000001,11,0.06666666666666667
OFF-EN-10003887,"Cameo Interoffice Envelope, with clear poly window",68.0,-86.74,5,0.6
TEC-CAN-10004913,"Canon Copy Machine, Laser",629.0,-86.54400000000001,3,0.19999999999999998
TEC-HP -10003894,"HP Wireless Fax, Laser",1944.0,-86.52600000000001,6,0.15
OFF-AR-10003582,"BIC Pencil Sharpener, Water Color",739.0,-86.4738,27,0.1685714285714286
OFF-AP-10004415,"Hoover Microwave, Red",370.0,-86.472,3,0.4
OFF-PA-10000951,"Enermax Note Cards, Multicolor",589.0,-86.3544,22,0.14857142857142858
TEC-MA-10003390,"Okidata Printer, Durable",143.0,-85.976,2,0.6
OFF-HOO-10002715,"Hoover Coffee Grinder, White",174.0,-85.78200000000001,4,0.2333333333333333
OFF-BI-10000482,"Acco 3-Hole Punch, Recycled",746.0,-85.74,30,0.16666666666666666
FUR-BO-10000889,"Safco 3-Shelf Cabinet, Mobile",206.0,-85.728,2,0.4
OFF-EN-10003632,"Jiffy Mailers, Recycled",343.0,-85.6059,14,0.21800000000000003
FUR-NOV-10002333,"Novimex Steel Folding Chair, Black",511.0,-85.44,9,0.32499999999999996
TEC-AC-10002482,"Logitech Mouse, Erganomic",316.0,-85.347,15,0.1625
TEC-MOT-10002372,"Motorola Speaker Phone, Full Size",497.0,-85.28400000000002,5,0.3
TEC-CO-10001831,"Sharp Wireless Fax, High-Speed",425.0,-84.996,2,0.4
TEC-AC-10002756,"SanDisk Keyboard, Bluetooth",472.0,-84.966,9,0.26666666666666666
FUR-FU-10004339,"Deflect-O Frame, Black",1892.0,-84.81200000000001,35,0.2222222222222222
TEC-MA-10001607,"Konica Phone, Durable",453.0,-84.6825,7,0.25
FUR-TA-10003006,"Hon Wood Table, Rectangular",635.0,-84.66,2,0.4
TEC-AC-10001030,"Memorex Flash Drive, Erganomic",258.0,-84.645,14,0.25
OFF-AP-10004698,"Breville Microwave, Red",724.0,-84.576,4,0.4
TEC-CO-10004976,"Brother Ink, High-Speed",874.0,-84.38999999999999,7,0.25
FUR-BO-10004098,"Ikea Stackable Bookrack, Pine",397.0,-84.384,6,0.2
FUR-TA-10002979,"Bevis Coffee Table, Rectangular",842.0,-84.2,5,0.2
OFF-AP-10002326,"Hamilton Beach Microwave, White",1039.0,-84.195,4,0.05
TEC-NOK-10002716,"Nokia Audio Dock, with Caller ID",1333.0,-83.57999999999998,10,0.2857142857142857
OFF-CAR-10000687,"Cardinal Binder Covers, Economy",390.0,-83.52000000000001,41,0.22857142857142856
FUR-CH-10003692,"SAFCO Swivel Stool, Set of Two",3098.0,-83.412,21,0.15833333333333333
FUR-CH-10002989,"SAFCO Bag Chairs, Adjustable",353.0,-83.376,10,0.26666666666666666
OFF-EN-10000872,"Ames Business Envelopes, Set of 50",68.0,-83.328,14,0.6
FUR-FU-10003694,"Rubbermaid Clock, Duo Pack",393.0,-83.31599999999999,17,0.24000000000000005
TEC-AC-10000025,"SanDisk Memory Card, Bluetooth",135.0,-83.208,2,0.4
FUR-CH-10004255,"SAFCO Executive Leather Armchair, Red",831.0,-83.106,2,0.1
FUR-SAU-10002167,"Sauder 3-Shelf Cabinet, Metal",133.0,-83.088,2,0.6
FUR-HON-10003871,"Hon Conference Table, Fully Assembled",1661.0,-83.07,3,0.3
TEC-PH-10002555,Nortel Meridian M5316 Digital phone,1450.0,-82.86399999999999,8,0.26666666666666666
OFF-AP-10002360,"Cuisinart Blender, White",478.0,-82.78,15,0.2
TEC-CIS-10000791,"Cisco Audio Dock, Full Size",697.0,-82.632,5,0.19999999999999998
OFF-IBI-10000080,"Ibico Binder, Recycled",357.0,-82.584,30,0.125
FUR-BO-10001155,"Ikea 3-Shelf Cabinet, Metal",752.0,-82.47,7,0.19999999999999998
OFF-BI-10001575,GBC Linen Binding Covers,209.0,-82.4068,18,0.5499999999999999
FUR-SAF-10003745,"SAFCO Rocking Chair, Set of Two",1563.0,-82.296,12,0.06666666666666667
FUR-BO-10001362,"Ikea Classic Bookcase, Metal",1315.0,-82.248,4,0.2
OFF-BI-10002133,"Wilson Jones Elliptical Ring 3 1/2"" Capacity Binders, 800 sheets",835.0,-82.17599999999999,42,0.5125
TEC-BEL-10004950,"Belkin Numeric Keypad, Erganomic",1137.0,-82.08000000000001,21,0.19999999999999998
OFF-SU-10000113,"Acme Shears, Easy Grip",96.0,-81.872,7,0.6
TEC-PH-10001475,"Cisco Office Telephone, VoIP",171.0,-81.76,8,0.6
TEC-CO-10000821,"Canon Ink, High-Speed",1213.0,-81.5175,9,0.05666666666666667
OFF-HON-10001204,"Hon Color Coded Labels, Alphabetical",79.0,-81.501,13,0.5
TEC-AC-10002795,"Memorex Mouse, Programmable",279.0,-81.4686,16,0.3525
TEC-MA-10002998,"Okidata Receipt Printer, Durable",1978.0,-81.23759999999999,18,0.13
FUR-BO-10003433,Sauder Cornerstone Collection Library,322.0,-81.1676,14,0.2333333333333333
OFF-SU-10004198,"Kleencut Scissors, Easy Grip",378.0,-80.9793,22,0.25666666666666665
OFF-PA-10004124,"SanDisk Message Books, 8.5 x 11",218.0,-80.8416,11,0.30666666666666664
TEC-AC-10003407,"Memorex Mouse, Erganomic",434.0,-80.7036,23,0.294
OFF-ST-10002800,"Tenex Folders, Industrial",726.0,-80.58,34,0.1
TEC-BEL-10002207,"Belkin Memory Card, USB",725.0,-80.514,7,0.175
FUR-CH-10001146,"Global Task Chair, Black",462.0,-80.4062,12,0.24
FUR-BO-10004032,"Bush Corner Shelving, Pine",134.0,-80.224,4,0.6
TEC-AC-10002760,"Memorex Memory Card, Erganomic",1321.0,-80.064,21,0.16
FUR-BUS-10003708,"Bush Stackable Bookrack, Traditional",197.0,-79.998,3,0.35
TEC-SAN-10000260,"SanDisk Keyboard, Programmable",548.0,-79.812,9,0.09999999999999999
OFF-BI-10001200,"Avery Binder, Durable",364.0,-79.794,33,0.22625
OFF-ST-10002905,"Rogers Box, Single Width",427.0,-79.67999999999999,24,0.23333333333333334
OFF-BI-10004581,"Cardinal Binding Machine, Economy",66.0,-79.64,5,0.6
TEC-MA-10001298,"StarTech Receipt Printer, Wireless",1360.0,-79.62599999999999,14,0.16
OFF-EN-10002046,"Kraft Manila Envelope, Set of 50",63.0,-79.524,9,0.6
OFF-AP-10004191,"Cuisinart Refrigerator, Silver",596.0,-79.524,3,0.4
OFF-CUI-10003670,"Cuisinart Toaster, White",166.0,-79.5,6,0.2333333333333333
OFF-AP-10004511,"Cuisinart Refrigerator, Black",496.0,-79.29,2,0.5
TEC-MA-10000768,"Epson Card Printer, White",1064.0,-79.20479999999999,7,0.085
TEC-SAM-10000613,"Samsung Speaker Phone, with Caller ID",1774.0,-79.10400000000001,16,0.13333333333333333
FUR-CH-10003062,"Novimex Chairmat, Red",551.0,-79.06800000000001,16,0.32499999999999996
FUR-TA-10001595,"Chromcraft Coffee Table, Adjustable Height",575.0,-79.056,4,0.2
FUR-CH-10004827,"SAFCO Chairmat, Black",643.0,-78.97200000000001,23,0.20000000000000004
FUR-DAN-10001462,"Dania Stackable Bookrack, Pine",652.0,-78.858,6,0.2333333333333333
FUR-BO-10001337,O'Sullivan Living Dimensions 2-Shelf Bookcases,2970.0,-78.637,28,0.11000000000000001
FUR-FU-10003919,Eldon Executive Woodline II Cherry Finish Desk Accessories,98.0,-78.5088,6,0.6
FUR-BO-10004690,O'Sullivan Cherrywood Estates Traditional Barrister Bookcase,1072.0,-78.36359999999999,9,0.15
FUR-CH-10002331,Hon 4700 Series Mobuis Mid-Back Task Chairs with Adjustable Arms,2172.0,-78.31559999999999,8,0.2333333333333333
TEC-AC-10004196,"Belkin Memory Card, USB",368.0,-78.216,4,0.2
OFF-ST-10004160,"Tenex Trays, Wire Frame",57.0,-78.208,4,0.6
TEC-PH-10001619,"Cisco Signal Booster, Full Size",1162.0,-78.1992,9,0.188
FUR-BO-10003159,"Sauder Camden County Collection Libraries, Planked Cherry Finish",1909.0,-78.18639999999999,19,0.1457142857142857
OFF-ST-10001370,Sensible Storage WireTech Storage Systems,2485.0,-78.07799999999999,38,0.07500000000000001
OFF-AP-10002867,Fellowes Command Center 5-outlet power strip,666.0,-78.016,15,0.25
FUR-CH-10002768,"Office Star Swivel Stool, Black",1211.0,-77.756,12,0.10000000000000002
OFF-EN-10003577,"GlobeWeis Manila Envelope, with clear poly window",359.0,-77.752,23,0.24000000000000005
OFF-EN-10003737,"Jiffy Mailers, Security-Tint",74.0,-77.616,7,0.6
TEC-AC-10004241,"Logitech Keyboard, USB",1055.0,-77.608,26,0.1142857142857143
OFF-ST-10001173,"Eldon Trays, Industrial",164.0,-77.52,5,0.2
OFF-FA-10001010,"Stockwell Clamps, Metal",252.0,-77.496,23,0.34199999999999997
OFF-AP-10002753,"Cuisinart Toaster, Red",221.0,-77.47200000000001,9,0.26666666666666666
FUR-FU-10004598,"Deflect-O Stacking Tray, Durable",289.0,-77.408,22,0.2285714285714286
TEC-PH-10001754,"Cisco Office Telephone, with Caller ID",290.0,-77.364,6,0.4
OFF-ST-10002791,"Tenex Shelving, Blue",798.0,-77.07060000000001,16,0.12333333333333334
FUR-TA-10002544,"Barricks Training Table, Fully Assembled",320.0,-76.77,2,0.5
FUR-TA-10001272,"Barricks Training Table, Fully Assembled",341.0,-76.752,2,0.2
OFF-SU-10002785,"Fiskars Trimmer, Serrated",507.0,-76.44000000000001,17,0.2
OFF-BI-10001293,"Acco 3-Hole Punch, Clear",480.0,-76.215,19,0.11666666666666668
FUR-CH-10002226,"Hon Steel Folding Chair, Black",84.0,-75.904,4,0.6
TEC-PH-10004570,"Apple Speaker Phone, Cordless",303.0,-75.72,4,0.4
OFF-EN-10004303,"Jiffy Mailers, Recycled",126.0,-75.705,7,0.5
FUR-CH-10004725,"Office Star Bag Chairs, Set of Two",1776.0,-75.668,58,0.15
TEC-AC-10002637,Logitech VX Revolution Cordless Laser Mouse for Notebooks (Black),2124.0,-75.5958,13,0.1
TEC-MA-10003630,"Epson Calculator, White",90.0,-75.36,4,0.5
TEC-PH-10001494,Polycom CX600 IP Phone VoIP phone,1020.0,-74.98750000000001,5,0.30000000000000004
OFF-FA-10001026,"Stockwell Paper Clips, Assorted Sizes",534.0,-74.925,50,0.19444444444444445
TEC-SAN-10000060,"SanDisk Mouse, Bluetooth",436.0,-74.916,15,0.09999999999999999
TEC-AC-10002324,"Enermax Numeric Keypad, Bluetooth",1357.0,-74.87219999999999,26,0.09727272727272727
OFF-SU-10000925,"Acme Shears, Easy Grip",129.0,-74.85,5,0.5
FUR-CH-10001282,"Hon Bag Chairs, Adjustable",781.0,-74.804,35,0.22000000000000003
TEC-PH-10004810,"Samsung Speaker Phone, Full Size",871.0,-74.78999999999999,10,0.25
OFF-AP-10001920,"KitchenAid Microwave, Silver",249.0,-74.664,3,0.6
FUR-FU-10004049,"Eldon Light Bulb, Erganomic",219.0,-74.436,14,0.19999999999999998
OFF-EAT-10002068,"Eaton Note Cards, Premium",271.0,-74.424,13,0.175
OFF-ST-10001511,Space Solutions Commercial Steel Shelving,1952.0,-74.3475,33,0.028571428571428574
TEC-AC-10001106,"Belkin Numeric Keypad, Erganomic",63.0,-74.32,4,0.6
TEC-CO-10003633,"Canon Ink, Laser",176.0,-74.2086,3,0.402
OFF-AP-10003354,"KitchenAid Microwave, White",370.0,-74.088,2,0.4
OFF-SU-10000452,"Fiskars Letter Opener, Steel",148.0,-73.92,10,0.4
OFF-AR-10003658,"Boston Markers, Water Color",1051.0,-73.875,38,0.041666666666666664
OFF-EN-10004486,"GlobeWeis Business Envelopes, Security-Tint",278.0,-73.8582,20,0.27799999999999997
TEC-KON-10003726,"Konica Card Printer, Wireless",473.0,-73.64099999999999,4,0.32499999999999996
OFF-STI-10003148,"Stiletto Trimmer, Serrated",260.0,-73.61999999999999,9,0.19999999999999998
FUR-FU-10002122,"Rubbermaid Frame, Duo Pack",279.0,-73.36,5,0.2
OFF-PA-10003034,"SanDisk Memo Slips, 8.5 x 11",330.0,-73.312,30,0.15000000000000002
FUR-TA-10002088,"Barricks Coffee Table, Adjustable Height",2774.0,-73.25799999999998,19,0.3
OFF-EN-10002924,"GlobeWeis Interoffice Envelope, Security-Tint",872.0,-73.083,20,0.13
OFF-AR-10000833,"Sanford Canvas, Easy-Erase",1025.0,-73.028,33,0.08888888888888889
OFF-GRE-10000216,"Green Bar Note Cards, Premium",398.0,-72.90000000000002,17,0.19999999999999998
FUR-BO-10000514,"Bush Library with Doors, Traditional",1312.0,-72.888,4,0.1
FUR-BO-10004103,"Dania Library with Doors, Pine",291.0,-72.78,3,0.6
FUR-BO-10004558,"Sauder Library with Doors, Pine",311.0,-72.616,2,0.4
OFF-BI-10002533,"Wilson Jones Binding Machine, Economy",216.0,-72.576,6,0.2
TEC-MA-10003326,"StarTech Calculator, Durable",370.0,-72.3,13,0.2875
TEC-PH-10000072,"Cisco Speaker Phone, VoIP",166.0,-72.096,2,0.4
OFF-PA-10000194,"SanDisk Cards & Envelopes, 8.5 x 11",161.0,-71.91600000000001,7,0.26666666666666666
OFF-ST-10003331,"Rogers File Cart, Single Width",76.0,-71.784,2,0.6
TEC-MA-10002694,Hewlett-Packard Deskjet F4180 All-in-One Color Ink-jet - Printer / copier / scanner,102.0,-71.3958,2,0.7
OFF-KIT-10002678,"KitchenAid Coffee Grinder, Silver",491.0,-71.382,10,0.32499999999999996
FUR-IKE-10002147,"Ikea 3-Shelf Cabinet, Traditional",85.0,-71.256,2,0.7
TEC-AC-10002712,"Enermax Keyboard, Erganomic",1637.0,-71.06399999999998,35,0.15555555555555556
TEC-AC-10003044,"Belkin Numeric Keypad, Erganomic",514.0,-70.96,17,0.16
OFF-STA-10004327,"Stanley Markers, Blue",473.0,-70.86000000000001,27,0.19
FUR-BO-10004360,Rush Hierlooms Collection Rich Wood Bookcases,489.0,-70.8312,4,0.16
FUR-OFF-10004824,"Office Star Swivel Stool, Set of Two",1040.0,-70.71900000000001,9,0.475
OFF-BI-10003899,"Avery 3-Hole Punch, Recycled",1256.0,-70.575,47,0.03571428571428571
FUR-CH-10001262,"Novimex Bag Chairs, Red",620.0,-70.572,25,0.2
OFF-ST-10000351,"Smead Shelving, Wire Frame",737.0,-70.56,17,0.11166666666666668
OFF-AP-10002238,"Hoover Coffee Grinder, Red",998.0,-70.545,16,0.15
FUR-FU-10001324,"Deflect-O Clock, Duo Pack",64.0,-70.518,4,0.35
FUR-BO-10002213,"Sauder Forest Hills Library, Woodland Oak Finish",1874.0,-70.49,15,0.125
OFF-PA-10002231,"Green Bar Computer Printout Paper, Premium",48.0,-70.344,6,0.6
FUR-FU-10000060,"Advantus Light Bulb, Duo Pack",187.0,-70.12,20,0.3333333333333333
OFF-AR-10003446,"BIC Highlighters, Water Color",437.0,-70.08869999999999,23,0.09000000000000001
FUR-CH-10003621,"Harbour Creations Chairmat, Adjustable",428.0,-70.044,13,0.3333333333333333
OFF-GRE-10002109,"Green Bar Note Cards, Multicolor",230.0,-69.876,15,0.4
OFF-ST-10003322,"Eldon Shelving, Wire Frame",934.0,-69.777,23,0.18571428571428572
TEC-APP-10003588,"Apple Signal Booster, with Caller ID",55.0,-69.72,1,0.6
OFF-BI-10000474,Avery Recycled Flexi-View Covers for Binding Systems,197.0,-69.5702,32,0.5285714285714286
TEC-CO-10002538,"Brother Fax and Copier, Color",232.0,-69.504,2,0.4
OFF-BI-10002459,"Cardinal Binding Machine, Recycled",1277.0,-69.105,34,0.16666666666666666
TEC-KON-10002052,"Konica Inkjet, Wireless",720.0,-69.018,3,0.2333333333333333
FUR-HON-10003593,"Hon Steel Folding Chair, Adjustable",344.0,-68.889,6,0.32499999999999996
OFF-ST-10001128,"Carina Mini System Audio Rack, Model AR050B",2731.0,-68.8076,26,0.06666666666666667
TEC-AC-10002938,"Enermax Memory Card, USB",92.0,-68.76,3,0.6
OFF-SU-10002346,"Elite Ruler, High Speed",263.0,-68.52,26,0.16666666666666666
OFF-EN-10004895,"Kraft Mailers, Security-Tint",540.0,-68.44500000000001,16,0.1
OFF-BI-10003166,GBC Plasticlear Binding Covers,68.0,-68.4208,23,0.7285714285714285
OFF-EN-10000139,"Kraft Interoffice Envelope, Set of 50",495.0,-68.394,15,0.255
OFF-ENE-10002093,"Enermax Message Books, Multicolor",91.0,-68.322,7,0.5199999999999999
TEC-LOG-10003539,"Logitech Mouse, Erganomic",203.0,-68.26500000000001,13,0.21666666666666665
FUR-IKE-10003262,"Ikea Floating Shelf Set, Traditional",732.0,-68.238,5,0.175
FUR-FU-10004013,"Tenex Stacking Tray, Erganomic",355.0,-68.22,27,0.2
FUR-BO-10003034,"O'Sullivan Elevations Bookcase, Cherry Finish",1912.0,-68.1096,18,0.2
OFF-ST-10002460,"Rogers Shelving, Single Width",413.0,-68.0,12,0.1
FUR-TA-10002982,"Lesro Coffee Table, Adjustable Height",932.0,-67.97,10,0.36666666666666664
FUR-FU-10000790,"Rubbermaid Light Bulb, Black",124.0,-67.952,16,0.39999999999999997
TEC-PH-10003486,"Apple Audio Dock, Cordless",204.0,-67.932,3,0.4
OFF-BIN-10001257,"Binney & Smith Sketch Pad, Easy-Erase",448.0,-67.92599999999999,13,0.1857142857142857
FUR-NOV-10002911,"Novimex Steel Folding Chair, Set of Two",894.0,-67.872,12,0.19999999999999998
OFF-BOS-10000350,"Boston Pens, Blue",404.0,-67.608,34,0.13846153846153844
OFF-XER-10003495,"Xerox Cards & Envelopes, Premium",153.0,-67.602,7,0.3
OFF-FA-10000353,"Accos Staples, Metal",260.0,-67.5945,30,0.21111111111111114
TEC-MA-10003868,"StarTech Phone, Durable",784.0,-67.32000000000001,12,0.16666666666666666
FUR-SAF-10004525,"SAFCO Swivel Stool, Red",772.0,-67.176,10,0.39999999999999997
OFF-KRA-10000695,"Kraft Mailers, Set of 50",98.0,-67.17,6,0.4333333333333333
OFF-AR-10000505,"Binney & Smith Pens, Easy-Erase",543.0,-67.155,50,0.1
TEC-PH-10002590,"Motorola Audio Dock, Cordless",211.0,-66.996,2,0.4
OFF-SU-10003130,"Acme Trimmer, Serrated",804.0,-66.96000000000001,24,0.125
TEC-MA-10004955,"Okidata Card Printer, Durable",2199.0,-66.945,14,0.11249999999999999
OFF-AVE-10001847,"Avery Binder, Clear",110.0,-66.84,16,0.35454545454545455
TEC-CO-10001271,"Sharp Personal Copier, Color",64.0,-66.71584,2,0.602
FUR-CH-10003180,"Novimex Steel Folding Chair, Adjustable",45.0,-66.656,2,0.6
TEC-MA-10001831,"Konica Card Printer, Durable",263.0,-66.645,2,0.25
FUR-DEF-10001477,"Deflect-O Door Stop, Erganomic",39.0,-66.447,3,0.7
OFF-SU-10003592,"Acme Ruler, High Speed",351.0,-66.39,26,0.11399999999999999
TEC-PH-10001470,"Cisco Office Telephone, with Caller ID",354.0,-66.096,6,0.325
FUR-BO-10000668,"Sauder Classic Bookcase, Mobile",1092.0,-65.7801,3,0.22
TEC-MA-10000755,"Panasonic Phone, Durable",68.0,-65.712,4,0.7
TEC-APP-10001851,"Apple Headset, Full Size",307.0,-65.685,6,0.25999999999999995
OFF-SU-10002152,"Fiskars Shears, Serrated",630.0,-65.4486,16,0.128
FUR-CH-10000677,"Hon Steel Folding Chair, Red",586.0,-65.37599999999999,15,0.28
OFF-FA-10002719,"OIC Rubber Bands, Bulk Pack",522.0,-65.356,52,0.1285714285714286
OFF-AR-10000266,"BIC Markers, Fluorescent",1591.0,-65.325,65,0.0625
OFF-AP-10000005,"KitchenAid Microwave, Red",1956.0,-65.184,7,0.10000000000000002
OFF-PA-10001653,"Green Bar Memo Slips, Multicolor",171.0,-65.1168,15,0.385
OFF-FIS-10000063,"Fiskars Box Cutter, Easy Grip",201.0,-65.034,13,0.4
TEC-CO-10000562,"HP Wireless Fax, Digital",1620.0,-64.93500000000003,6,0.16666666666666666
OFF-SU-10000283,"Stiletto Letter Opener, Easy Grip",341.0,-64.89,17,0.19999999999999998
OFF-ST-10000022,"Eldon Folders, Industrial",105.0,-64.74000000000001,10,0.4
FUR-FU-10002829,"Deflect-O Clock, Black",1107.0,-64.68929999999999,25,0.13142857142857142
TEC-MA-10002368,"Panasonic Receipt Printer, White",143.0,-64.428,2,0.4
OFF-AR-10000904,"Sanford Sketch Pad, Blue",801.0,-64.152,30,0.12000000000000002
FUR-TA-10002957,"Bevis Training Table, Fully Assembled",771.0,-64.0095,4,0.385
OFF-SU-10003456,"Elite Letter Opener, Easy Grip",377.0,-63.72,16,0.16666666666666666
OFF-ST-10001713,"Gould Plastics 9-Pocket Panel Bin, 18-3/8w x 5-1/4d x 20-1/2h, Black",954.0,-63.588,20,0.10000000000000002
TEC-APP-10000530,"Apple Audio Dock, VoIP",50.0,-63.456,1,0.7
TEC-MA-10004553,"Epson Receipt Printer, Red",1376.0,-63.231,15,0.19666666666666668
TEC-PH-10003325,"Samsung Speaker Phone, with Caller ID",2718.0,-63.198,24,0.08125
OFF-AP-10000381,"Hoover Refrigerator, Red",632.0,-63.168,2,0.4
OFF-PA-10002360,"SanDisk Computer Printout Paper, 8.5 x 11",404.0,-63.144,21,0.08
TEC-OKI-10004199,"Okidata Receipt Printer, White",278.0,-63.144,3,0.2333333333333333
OFF-PA-10004155,"Eaton Computer Printout Paper, 8.5 x 11",691.0,-63.132000000000005,38,0.17500000000000002
OFF-AR-10002513,"Sanford Sketch Pad, Blue",996.0,-63.108,24,0.11666666666666665
FUR-TA-10004154,"Riverside Furniture Oval Coffee Table, Oval End Table, End Table with Drawer",832.0,-63.10700000000001,4,0.2333333333333333
OFF-AR-10001535,"Binney & Smith Sketch Pad, Blue",270.0,-63.0912,8,0.27
OFF-CUI-10002314,"Cuisinart Coffee Grinder, Silver",125.0,-63.048,6,0.2333333333333333
OFF-ST-10002459,"Eldon Trays, Wire Frame",63.0,-62.78,5,0.6
FUR-CH-10004652,"Hon Bag Chairs, Black",278.0,-62.656000000000006,16,0.27999999999999997
TEC-CO-10001629,"Sharp Copy Machine, Color",241.0,-62.64,2,0.5
OFF-EN-10004493,"GlobeWeis Manila Envelope, Security-Tint",384.0,-62.559,15,0.25
TEC-MA-10003698,"Okidata Phone, White",1794.0,-62.517,22,0.09166666666666667
FUR-OFF-10002511,"Office Star Steel Folding Chair, Black",1456.0,-62.496,17,0.175
FUR-CH-10001784,"SAFCO Bag Chairs, Adjustable",363.0,-62.489999999999995,10,0.35
FUR-BO-10004425,"Sauder Library with Doors, Mobile",2704.0,-62.48000000000003,14,0.24
OFF-WIL-10002233,"Wilson Jones Index Tab, Durable",290.0,-62.415,45,0.24615384615384614
TEC-CO-10002659,"Sharp Fax Machine, Color",758.0,-62.4105,3,0.15
OFF-FA-10003020,"Accos Paper Clips, Bulk Pack",130.0,-62.404799999999994,16,0.37749999999999995
FUR-TA-10003185,"Chromcraft Computer Table, Fully Assembled",623.0,-62.34,2,0.3
FUR-BO-10000002,"Bush Classic Bookcase, Mobile",1121.0,-62.28,3,0.1
TEC-PH-10002517,"Cisco Speaker Phone, Cordless",339.0,-62.208,4,0.4
TEC-PH-10003698,"Nokia Signal Booster, Full Size",483.0,-62.084999999999994,5,0.25
FUR-FU-10002557,"Rubbermaid Stacking Tray, Erganomic",425.0,-62.076,22,0.08
TEC-AC-10000540,"Memorex Numeric Keypad, USB",155.0,-62.028,6,0.4
FUR-BO-10001699,"Ikea 3-Shelf Cabinet, Mobile",77.0,-61.888,2,0.6
FUR-BO-10001042,"Dania 3-Shelf Cabinet, Pine",1960.0,-61.88000000000001,25,0.2
OFF-ST-10004608,"Smead Shelving, Industrial",1227.0,-61.877399999999994,29,0.15333333333333335
OFF-AP-10000818,"Hoover Blender, Black",97.0,-61.86,2,0.5
OFF-BI-10000282,"Ibico Binder, Durable",450.0,-61.53,31,0.0625
FUR-ADV-10002889,"Advantus Clock, Durable",803.0,-61.488,19,0.08571428571428572
OFF-EN-10004057,"Jiffy Manila Envelope, Recycled",183.0,-61.36,15,0.26666666666666666
FUR-BO-10000288,"Safco Classic Bookcase, Traditional",789.0,-61.35,2,0.1
OFF-EN-10004443,"Ames Mailers, Security-Tint",102.0,-61.2,10,0.6
OFF-EN-10004495,"Kraft Peel and Seal, Security-Tint",428.0,-61.0992,24,0.148
FUR-CH-10002924,"Novimex Steel Folding Chair, Set of Two",68.0,-60.876,3,0.6
OFF-WIL-10001979,"Wilson Jones Binder Covers, Clear",172.0,-60.82499999999999,29,0.2
OFF-FEL-10002658,"Fellowes Shelving, Wire Frame",411.0,-60.64800000000001,14,0.25999999999999995
FUR-FU-10000483,"Tenex Clock, Durable",101.0,-60.576,8,0.6
TEC-MA-10003101,"Panasonic Receipt Printer, Wireless",387.0,-60.57000000000001,5,0.325
TEC-PH-10003646,"Nokia Audio Dock, Full Size",403.0,-60.528,4,0.4
OFF-BI-10003519,"Acco 3-Hole Punch, Economy",145.0,-60.384,8,0.4
TEC-SAM-10003205,"Samsung Audio Dock, VoIP",434.0,-60.16799999999999,4,0.2333333333333333
OFF-ACC-10001703,"Acco Binder, Recycled",212.0,-60.144,18,0.25
TEC-MOT-10001196,"Motorola Audio Dock, Cordless",722.0,-59.957999999999984,6,0.25999999999999995
OFF-FA-10004795,"Advantus Paper Clips, Assorted Sizes",302.0,-59.934,32,0.16699999999999998
OFF-SU-10000932,"Elite Shears, Steel",564.0,-59.77440000000001,14,0.15333333333333332
FUR-TEN-10001809,"Tenex Photo Frame, Erganomic",236.0,-59.658,6,0.25999999999999995
TEC-KON-10002309,"Konica Inkjet, Wireless",721.0,-59.65199999999999,3,0.35
OFF-ELD-10002297,"Eldon Lockers, Blue",1900.0,-59.604,11,0.19999999999999998
TEC-AC-10003711,"Memorex Mouse, Erganomic",390.0,-59.57999999999999,18,0.25
FUR-BO-10003181,"Safco Corner Shelving, Metal",89.0,-59.568,1,0.4
OFF-AR-10003897,"Stanley Pencil Sharpener, Water Color",227.0,-59.492,19,0.27999999999999997
FUR-SAU-10002714,"Sauder Corner Shelving, Pine",536.0,-59.46000000000001,5,0.35
FUR-TA-10004134,"Barricks Training Table, with Bottom Storage",340.0,-59.44,2,0.2
TEC-NOK-10004183,"Nokia Office Telephone, VoIP",228.0,-59.42999999999999,7,0.35
OFF-STO-10001916,"Stockwell Clamps, Metal",100.0,-59.129999999999995,15,0.35
OFF-PA-10001576,"Eaton Memo Slips, Multicolor",178.0,-58.839999999999996,26,0.32
FUR-CH-10002743,"Novimex Chairmat, Adjustable",411.0,-58.83,8,0.125
TEC-PH-10003800,i.Sound Portable Power - 8000 mAh,414.0,-58.8189,9,0.12000000000000002
OFF-STA-10003908,"Stanley Highlighters, Blue",261.0,-58.8,27,0.17857142857142858
TEC-AC-10004855,V7 USB Numeric Keypad,462.0,-58.7832,16,0.15000000000000002
OFF-EAT-10002674,"Eaton Memo Slips, Multicolor",130.0,-58.71,15,0.32499999999999996
OFF-ST-10004317,"Smead Folders, Blue",648.0,-58.692,46,0.17500000000000002
OFF-FEL-10000998,"Fellowes Box, Single Width",202.0,-58.518,14,0.3125
FUR-SAU-10002642,"Sauder 3-Shelf Cabinet, Traditional",601.0,-58.452,5,0.175
TEC-PH-10001329,"Motorola Headset, Cordless",44.0,-58.392,2,0.6
OFF-PA-10003556,"Eaton Computer Printout Paper, 8.5 x 11",41.0,-58.38,5,0.6
FUR-TA-10002093,"Chromcraft Wood Table, Adjustable Height",1067.0,-58.27800000000002,6,0.44999999999999996
OFF-PA-10003686,"SanDisk Message Books, Multicolor",751.0,-58.256699999999995,33,0.14888888888888888
FUR-ELD-10000857,"Eldon Door Stop, Erganomic",664.0,-58.242000000000004,17,0.3333333333333333
TEC-CO-10003228,"Hewlett Copy Machine, Laser",975.0,-57.992999999999995,4,0.075
OFF-SU-10000817,"Acme Box Cutter, Serrated",83.0,-57.96,9,0.6
FUR-BO-10003284,"Sauder Floating Shelf Set, Mobile",1156.0,-57.84,12,0.25
FUR-CH-10001831,"Novimex Rocking Chair, Set of Two",1964.0,-57.563999999999986,17,0.16
TEC-CIS-10001877,"Cisco Office Telephone, with Caller ID",851.0,-57.384,13,0.08571428571428572
OFF-ST-10000934,"Contico 72""H Heavy-Duty Storage System",598.0,-57.372,16,0.08
FUR-CH-10001043,"Harbour Creations Bag Chairs, Red",259.0,-57.366,9,0.55
TEC-PH-10001298,"Motorola Office Telephone, VoIP",969.0,-57.300000000000004,23,0.13333333333333333
OFF-SU-10000157,Compact Automatic Electric Letter Opener,2983.0,-57.26880000000001,26,0.05
OFF-FA-10001082,"OIC Staples, Assorted Sizes",307.0,-57.2517,42,0.142
OFF-GLO-10003463,"GlobeWeis Peel and Seal, Security-Tint",258.0,-57.16799999999999,15,0.13999999999999999
FUR-CH-10002693,"Harbour Creations Swivel Stool, Set of Two",49.0,-57.148,1,0.6
FUR-FU-10002709,"Advantus Clock, Erganomic",240.0,-57.132,6,0.15
OFF-ST-10003335,"Smead Box, Blue",342.0,-57.081,37,0.12727272727272726
TEC-PH-10000026,"Nokia Office Telephone, Cordless",1367.0,-57.072,23,0.15
OFF-BI-10003281,"Ibico Binder, Recycled",295.0,-56.879999999999995,24,0.17142857142857143
OFF-EN-10000539,"Ames Clasp Envelope, with clear poly window",80.0,-56.876999999999995,13,0.35
OFF-FA-10004705,"OIC Thumb Tacks, 12 Pack",211.0,-56.7,22,0.23166666666666666
OFF-EN-10002926,"Cameo Mailers, Set of 50",61.0,-56.544,6,0.6
OFF-ACM-10003591,"Acme Trimmer, Steel",149.0,-56.388000000000005,6,0.4
FUR-BO-10001798,Bush Somerset Collection Bookcase,1264.0,-56.3214,12,0.2125
OFF-BIN-10000561,"Binney & Smith Highlighters, Fluorescent",454.0,-56.25000000000001,31,0.23333333333333328
OFF-ST-10000676,Fellowes Econo/Stor Drawers,582.0,-56.2194,7,0.1
TEC-PAN-10002884,"Panasonic Inkjet, Wireless",1685.0,-56.213999999999984,6,0.12
OFF-FIS-10002924,"Fiskars Scissors, High Speed",306.0,-56.087999999999994,30,0.36
OFF-SU-10003582,"Elite Scissors, High Speed",108.0,-56.016,12,0.4
FUR-NOV-10004003,"Novimex Steel Folding Chair, Red",132.0,-55.992,4,0.6
TEC-PH-10004188,OtterBox Commuter Series Case - Samsung Galaxy S4,385.0,-55.9776,18,0.15000000000000002
OFF-ACM-10004669,"Acme Shears, Easy Grip",434.0,-55.943999999999996,12,0.12
TEC-PAN-10004651,"Panasonic Phone, White",474.0,-55.934999999999995,7,0.32499999999999996
OFF-AP-10001510,"Cuisinart Microwave, Silver",1899.0,-55.842,7,0.03333333333333333
OFF-EN-10002096,"GlobeWeis Mailers, Recycled",80.0,-55.84,8,0.6
OFF-FA-10003833,"OIC Thumb Tacks, Metal",195.0,-55.8294,19,0.194
OFF-AP-10003956,"Hoover Toaster, Red",468.0,-55.815999999999995,10,0.13333333333333333
TEC-MA-10002178,Cisco CP-7937G Unified IP Conference Station Phone,1392.0,-55.656,4,0.5
OFF-EN-10003728,"Cameo Mailers, with clear poly window",708.0,-55.52000000000001,33,0.2
FUR-FU-10001791,"Tenex Photo Frame, Durable",284.0,-55.434,16,0.43333333333333335
OFF-ROG-10002866,"Rogers Folders, Blue",246.0,-55.38,10,0.16249999999999998
OFF-AR-10002882,"BIC Sketch Pad, Water Color",940.0,-55.368,30,0.05
OFF-FA-10003980,"OIC Paper Clips, Metal",226.0,-55.211999999999996,21,0.274
OFF-ST-10002574,"Smead Shelving, Blue",300.0,-55.196,11,0.15000000000000002
TEC-MA-10001330,"Konica Card Printer, Red",414.0,-55.152,4,0.4
OFF-EN-10001755,"Ames Interoffice Envelope, Set of 50",469.0,-54.912000000000006,26,0.4
OFF-EAT-10004908,"Eaton Message Books, Recycled",314.0,-54.894,21,0.0875
FUR-BO-10001943,"Safco Library with Doors, Traditional",702.0,-54.618,2,0.1
OFF-AR-10004594,"Sanford Canvas, Water Color",487.0,-54.56,18,0.2
OFF-SU-10004279,"Kleencut Shears, Serrated",565.0,-54.53999999999999,15,0.1
OFF-SU-10001087,"Elite Shears, Easy Grip",117.0,-54.528,4,0.4
OFF-PA-10004326,"Enermax Parchment Paper, Multicolor",212.0,-54.204,18,0.3233333333333333
OFF-EN-10001154,"Kraft Clasp Envelope, Set of 50",96.0,-54.18,17,0.36000000000000004
TEC-MA-10003223,"StarTech Inkjet, Durable",1815.0,-54.171,7,0.13333333333333333
OFF-AR-10002335,"Sanford Canvas, Fluorescent",690.0,-54.080000000000005,22,0.13333333333333333
TEC-AC-10001974,"Logitech Memory Card, Bluetooth",124.0,-53.784,2,0.4
OFF-EN-10001157,"Ames Business Envelopes, Security-Tint",390.0,-53.7684,33,0.17333333333333334
OFF-ST-10004947,"Tenex Trays, Industrial",102.0,-53.732,7,0.6
OFF-BIC-10003654,"BIC Pens, Blue",137.0,-53.711999999999996,15,0.32499999999999996
FUR-BO-10001596,"Dania Library with Doors, Mobile",2141.0,-53.635999999999996,11,0.20000000000000004
OFF-EN-10003615,"GlobeWeis Interoffice Envelope, with clear poly window",390.0,-53.544000000000004,12,0.3
TEC-PH-10003491,"Samsung Office Telephone, Full Size",1660.0,-53.510400000000004,28,0.074
FUR-BO-10003103,"Dania Floating Shelf Set, Pine",592.0,-53.49999999999999,7,0.20000000000000004
TEC-SHA-10003670,"Sharp Wireless Fax, Laser",1282.0,-53.38799999999996,5,0.2333333333333333
OFF-AP-10000604,"Hamilton Beach Coffee Grinder, Black",84.0,-53.32,5,0.4
OFF-AR-10003448,"Boston Markers, Water Color",361.0,-53.19,14,0.15
OFF-ADV-10001451,"Advantus Clamps, Assorted Sizes",64.0,-53.028,8,0.2333333333333333
FUR-TA-10003449,"Chromcraft Coffee Table, Rectangular",212.0,-52.932,3,0.6
TEC-AC-10001831,"Memorex Keyboard, Bluetooth",57.0,-52.848,3,0.6
OFF-ACC-10003788,"Acco Hole Reinforcements, Clear",180.0,-52.824000000000005,40,0.11249999999999999
FUR-CH-10002212,"Hon Chairmat, Black",1375.0,-52.709999999999994,28,0.05
OFF-EN-10000968,"Kraft Mailers, Recycled",550.0,-52.665000000000006,19,0.15000000000000002
OFF-ST-10002119,"Rogers Shelving, Industrial",50.0,-52.632,2,0.6
OFF-ST-10003479,"Eldon Base for stackable storage shelf, platinum",873.0,-52.568999999999996,25,0.08571428571428573
FUR-FU-10001447,"Eldon Stacking Tray, Duo Pack",847.0,-52.538399999999996,31,0.11400000000000002
OFF-FEL-10004117,"Fellowes Trays, Blue",1549.0,-52.46999999999999,30,0.10909090909090909
OFF-FA-10003931,"Stockwell Push Pins, 12 Pack",97.0,-52.44,12,0.3333333333333333
FUR-CH-10001322,"Harbour Creations Executive Leather Armchair, Adjustable",1062.0,-52.407,3,0.26
OFF-SU-10004434,"Kleencut Box Cutter, Easy Grip",77.0,-52.3476,4,0.47
OFF-PA-10003571,"Enermax Cards & Envelopes, Recycled",470.0,-52.13999999999999,17,0.08
OFF-ACM-10004895,"Acme Scissors, Easy Grip",195.0,-52.128,12,0.32499999999999996
FUR-CH-10001332,"Hon Chairmat, Black",595.0,-52.08,21,0.20000000000000004
OFF-BIC-10003841,"BIC Canvas, Water Color",1641.0,-52.056,30,0.04285714285714286
TEC-PH-10000373,"Motorola Speaker Phone, with Caller ID",138.0,-51.968,4,0.6
TEC-AC-10002221,"Memorex Mouse, Bluetooth",865.0,-51.74250000000001,37,0.15777777777777777
OFF-AP-10001138,"Cuisinart Blender, Silver",664.0,-51.58800000000001,11,0.19999999999999998
FUR-FU-10002804,"Advantus Clock, Duo Pack",123.0,-51.48,4,0.4
OFF-LA-10003381,"Harbour Creations Color Coded Labels, Alphabetical",133.0,-51.465599999999995,16,0.27999999999999997
OFF-AR-10000719,"Boston Pencil Sharpener, Water Color",313.0,-51.408,17,0.15000000000000002
OFF-EN-10004550,"GlobeWeis Interoffice Envelope, Recycled",392.0,-51.39960000000001,14,0.3475
OFF-SU-10003545,"Fiskars Box Cutter, Serrated",120.0,-51.352,14,0.6
FUR-FU-10001091,"Eldon Photo Frame, Erganomic",204.0,-51.192,6,0.4
TEC-EPS-10002212,"Epson Receipt Printer, White",737.0,-51.024,12,0.31666666666666665
FUR-TA-10001496,"Barricks Computer Table, Fully Assembled",510.0,-50.984,2,0.2
TEC-PH-10001574,"Nokia Audio Dock, Cordless",628.0,-50.967,5,0.325
OFF-SU-10000970,"Elite Box Cutter, Easy Grip",1030.0,-50.963100000000004,34,0.1275
FUR-BO-10002084,"Dania Library with Doors, Metal",2943.0,-50.91199999999999,17,0.24000000000000005
OFF-FA-10002617,"Advantus Clamps, Assorted Sizes",289.0,-50.8824,23,0.22800000000000004
OFF-EN-10003529,"GlobeWeis Manila Envelope, Recycled",457.0,-50.748,30,0.14285714285714285
FUR-CH-10004992,"Hon Bag Chairs, Red",36.0,-50.58,3,0.6
FUR-HAR-10002223,"Harbour Creations Chairmat, Set of Two",208.0,-50.58,4,0.3
OFF-SU-10003973,"Elite Trimmer, Easy Grip",58.0,-50.58,5,0.6
OFF-AR-10004215,"Binney & Smith Canvas, Fluorescent",84.0,-50.568,6,0.6
OFF-XER-10002848,"Xerox Message Books, Multicolor",26.0,-50.544,4,0.7
OFF-SU-10003105,"Fiskars Shears, Steel",1069.0,-50.54160000000001,29,0.17833333333333334
TEC-PH-10003945,"Nokia Audio Dock, VoIP",3805.0,-50.47599999999999,35,0.05000000000000001
TEC-CO-10001391,"Sharp Ink, Color",630.0,-50.43,6,0.2333333333333333
TEC-PH-10000127,iOttie XL Car Mount,224.0,-50.3748,14,0.2
TEC-PH-10003916,"Motorola Office Telephone, with Caller ID",427.0,-50.358,7,0.15
OFF-XER-10003203,"Xerox Computer Printout Paper, Recycled",302.0,-50.324999999999996,20,0.2777777777777778
OFF-FA-10004698,"Stockwell Staples, Metal",175.0,-50.262,22,0.2
FUR-BO-10000684,"Sauder Corner Shelving, Traditional",1047.0,-50.25,8,0.175
OFF-EN-10003685,"Jiffy Mailers, with clear poly window",54.0,-50.22,5,0.6
FUR-CH-10002288,"SAFCO Bag Chairs, Red",731.0,-50.117999999999995,17,0.2
OFF-PA-10003416,"Green Bar Parchment Paper, Recycled",159.0,-50.0619,14,0.22400000000000003
OFF-AP-10001926,"Hamilton Beach Refrigerator, White",1644.0,-49.958999999999975,5,0.3
OFF-FIS-10002784,"Fiskars Box Cutter, High Speed",180.0,-49.848,10,0.5285714285714286
OFF-AR-10000465,"Sanford Markers, Blue",256.0,-49.7625,16,0.298
TEC-AC-10003690,"Logitech Numeric Keypad, USB",354.0,-49.632,13,0.06666666666666667
FUR-BO-10002109,"Safco Stackable Bookrack, Pine",909.0,-49.620000000000005,13,0.26666666666666666
OFF-SU-10000885,"Elite Box Cutter, Steel",186.0,-49.5582,7,0.24666666666666667
TEC-PH-10002456,"Cisco Speaker Phone, Cordless",2494.0,-49.52549999999998,20,0.15
TEC-OKI-10000592,"Okidata Phone, White",119.0,-49.476,2,0.3
OFF-ACC-10003745,"Accos Paper Clips, Assorted Sizes",56.0,-49.43999999999999,8,0.32499999999999996
TEC-AC-10001951,"Enermax Memory Card, Erganomic",90.0,-49.38,3,0.6
OFF-LA-10000615,"Hon Removable Labels, Adjustable",267.0,-49.3305,39,0.3485714285714286
OFF-SU-10003355,"Acme Trimmer, Steel",194.0,-49.30800000000001,6,0.2
OFF-JIF-10003677,"Jiffy Peel and Seal, Set of 50",56.0,-49.182,7,0.35
OFF-ST-10000648,"Eldon File Cart, Industrial",3440.0,-49.11899999999999,31,0.13
TEC-MA-10000811,"Okidata Phone, Durable",765.0,-48.98400000000001,12,0.25
TEC-AC-10003989,"Enermax Numeric Keypad, Bluetooth",673.0,-48.97740000000001,19,0.33499999999999996
TEC-MA-10004615,"Okidata Calculator, Durable",126.0,-48.916,5,0.35
TEC-AC-10004938,"Belkin Mouse, Bluetooth",1387.0,-48.83609999999999,41,0.13
TEC-PH-10000141,Clearsounds A400,488.0,-48.8326,11,0.3333333333333333
OFF-SU-10004919,"Acme Letter Opener, High Speed",112.0,-48.7809,7,0.47
FUR-FU-10004622,Eldon Advantage Foldable Chair Mats for Low Pile Carpets,379.0,-48.78,10,0.19999999999999998
OFF-FA-10001800,"Accos Paper Clips, Metal",182.0,-48.735,18,0.25
FUR-ADV-10002632,"Advantus Door Stop, Duo Pack",36.0,-48.708,2,0.6
OFF-ST-10002301,Tennsco Commercial Shelving,375.0,-48.6126,21,0.1111111111111111
TEC-AC-10004227,SanDisk Ultra 16 GB MicroSDHC Class 10 Memory Card,330.0,-48.5826,31,0.14285714285714285
OFF-ST-10001173,"Eldon Folders, Industrial",545.0,-48.498000000000005,35,0.15555555555555556
FUR-TA-10003079,"Hon Training Table, Rectangular",176.0,-48.456,2,0.6
FUR-BO-10002906,"Ikea Corner Shelving, Traditional",755.0,-48.452,11,0.13333333333333333
OFF-AP-10003963,"Breville Microwave, Silver",502.0,-48.4164,2,0.17
OFF-ADV-10003030,"Advantus Staples, 12 Pack",143.0,-48.369,20,0.3333333333333333
FUR-CH-10003808,"Harbour Creations Steel Folding Chair, Adjustable",151.0,-48.24,3,0.5
OFF-PA-10001085,"Eaton Computer Printout Paper, Premium",42.0,-47.88,6,0.6
OFF-AR-10001244,"BIC Canvas, Easy-Erase",86.0,-47.568,4,0.4
OFF-AVE-10003740,"Avery Binding Machine, Clear",1483.0,-47.550000000000004,36,0.22
TEC-AC-10001664,"SanDisk Keyboard, USB",423.0,-47.4858,8,0.3133333333333333
OFF-SU-10000062,"Stiletto Scissors, High Speed",717.0,-47.4804,33,0.09571428571428571
OFF-ST-10002756,"Tennsco Stur-D-Stor Boltless Shelving, 5 Shelves, 24"" Deep, Sand",3302.0,-47.3585,25,0.03333333333333333
OFF-LA-10002289,"Hon Shipping Labels, Adjustable",206.0,-47.3571,30,0.16714285714285712
OFF-FA-10004027,"OIC Staples, Bulk Pack",330.0,-47.212199999999996,35,0.13375
OFF-ST-10003994,"Belkin 19"" Center-Weighted Shelf, Gray",850.0,-47.184,16,0.1
OFF-SU-10000175,"Elite Scissors, Easy Grip",191.0,-47.175000000000004,12,0.34
OFF-SAN-10002441,"Sanford Highlighters, Blue",291.0,-47.16,24,0.20833333333333334
FUR-CH-10004338,"Hon Bag Chairs, Red",559.0,-47.040000000000006,21,0.13333333333333333
OFF-PA-10003939,"Enermax Note Cards, Multicolor",52.0,-47.016,6,0.6
FUR-FU-10000585,"Deflect-O Light Bulb, Duo Pack",151.0,-46.96,16,0.20000000000000004
OFF-FA-10003318,"Stockwell Clamps, Bulk Pack",181.0,-46.8057,13,0.18999999999999997
FUR-CH-10002374,"SAFCO Bag Chairs, Black",607.0,-46.724,24,0.14285714285714285
OFF-ELI-10001812,"Elite Shears, Easy Grip",136.0,-46.716,4,0.3
OFF-JIF-10000981,"Jiffy Peel and Seal, with clear poly window",106.0,-46.665000000000006,8,0.35
OFF-SU-10002710,"Fiskars Trimmer, High Speed",170.0,-46.620000000000005,6,0.25
OFF-PA-10004294,"Xerox Computer Printout Paper, 8.5 x 11",671.0,-46.56,36,0.10000000000000002
OFF-SU-10002498,"Stiletto Letter Opener, High Speed",270.0,-46.528,19,0.20000000000000004
FUR-FU-10002703,"Tenex Traditional Chairmats for Hard Floors, Average Lip, 36"" x 48""",181.0,-46.403999999999996,4,0.3
TEC-CO-10004929,"Canon Personal Copier, Color",1083.0,-46.348200000000006,9,0.124
FUR-FU-10003339,"Tenex Clock, Black",121.0,-46.32,4,0.4
OFF-SU-10002419,"Fiskars Letter Opener, Easy Grip",266.0,-46.17,12,0.25
FUR-TEN-10003900,"Tenex Stacking Tray, Durable",88.0,-46.095,7,0.35
OFF-ELI-10003004,"Elite Ruler, Easy Grip",83.0,-46.062000000000005,9,0.19999999999999998
FUR-CH-10001207,"Hon Executive Leather Armchair, Red",345.0,-45.9675,1,0.25
OFF-AR-10004424,"Boston Markers, Blue",405.0,-45.8694,18,0.09500000000000001
FUR-FU-10004800,"Eldon Stacking Tray, Black",78.0,-45.78,7,0.3666666666666667
FUR-TEN-10000558,"Tenex Frame, Erganomic",392.0,-45.72,6,0.19999999999999998
OFF-AR-10003875,"Stanley Highlighters, Easy-Erase",479.0,-45.6594,38,0.21272727272727276
FUR-FU-10001142,"Deflect-O Clock, Black",838.0,-45.620000000000005,31,0.2
OFF-KLE-10000466,"Kleencut Letter Opener, Easy Grip",130.0,-45.612,9,0.2333333333333333
TEC-SHA-10002034,"Sharp Personal Copier, Laser",1872.0,-45.6,17,0.175
OFF-ST-10001366,"Rogers Folders, Wire Frame",515.0,-45.547200000000004,20,0.1457142857142857
OFF-ST-10000430,"Tenex File Cart, Blue",3997.0,-45.51000000000002,37,0.2
TEC-PH-10002493,"Nokia Signal Booster, with Caller ID",309.0,-45.5,5,0.2
TEC-STA-10003065,"StarTech Receipt Printer, Durable",44.0,-45.39,1,0.6
OFF-BIC-10003575,"BIC Markers, Easy-Erase",225.0,-44.940000000000005,14,0.37
OFF-PA-10002516,"Enermax Cards & Envelopes, 8.5 x 11",281.0,-44.730000000000004,7,0.16666666666666666
OFF-ST-10004185,"Fellowes Trays, Single Width",460.0,-44.63999999999999,14,0.13333333333333333
FUR-CH-10002817,"Harbour Creations Chairmat, Set of Two",59.0,-44.58,3,0.6
OFF-AP-10001670,"Hoover Coffee Grinder, White",2205.0,-44.42580000000001,35,0.07
FUR-TEN-10002418,"Tenex Clock, Duo Pack",80.0,-44.304,4,0.6
TEC-PH-10002296,"Nokia Headset, Full Size",1269.0,-44.22,18,0.0625
OFF-SU-10004304,"Elite Letter Opener, Easy Grip",243.0,-44.163000000000004,14,0.2975
OFF-SME-10000973,"Smead Folders, Industrial",316.0,-44.08799999999999,26,0.19999999999999998
OFF-EN-10004547,"Ames Business Envelopes, Security-Tint",117.0,-44.04,17,0.25
TEC-AC-10004334,"Belkin Mouse, Programmable",101.0,-44.016,4,0.4
OFF-SU-10000180,"Acme Shears, Serrated",205.0,-43.992000000000004,6,0.2
OFF-SU-10001690,"Kleencut Box Cutter, Steel",442.0,-43.89000000000001,17,0.125
OFF-STO-10003098,"Stockwell Thumb Tacks, Metal",87.0,-43.884,15,0.4333333333333333
OFF-AR-10000925,"Stanley Canvas, Easy-Erase",53.0,-43.824,4,0.6
OFF-ST-10002182,"Iris 3-Drawer Stacking Bin, Black",284.0,-43.4512,16,0.13333333333333333
OFF-PA-10004187,"Xerox Message Books, Multicolor",346.0,-43.443599999999996,19,0.17333333333333334
FUR-FU-10001601,"Rubbermaid Frame, Erganomic",260.0,-43.416,4,0.4
OFF-EAT-10004696,"Eaton Note Cards, 8.5 x 11",87.0,-43.083,6,0.4
OFF-FA-10004494,"Stockwell Push Pins, Metal",44.0,-42.75,6,0.5
OFF-HAM-10001712,"Hamilton Beach Blender, Silver",170.0,-42.624,3,0.3
FUR-FU-10004421,"Tenex Clock, Durable",90.0,-42.617999999999995,5,0.65
OFF-SU-10001595,"Kleencut Shears, Serrated",81.0,-42.616,7,0.6
OFF-EN-10001958,"GlobeWeis Clasp Envelope, Security-Tint",101.0,-42.597,13,0.3175
OFF-ST-10001954,"Rogers Shelving, Wire Frame",896.0,-42.55999999999999,32,0.2571428571428572
TEC-CO-10001191,"Sharp Wireless Fax, High-Speed",903.0,-42.534,3,0.15
OFF-BIN-10003327,"Binney & Smith Markers, Blue",622.0,-42.49800000000002,34,0.2357142857142857
OFF-BI-10003265,"Wilson Jones Binder, Clear",333.0,-42.493199999999995,33,0.16714285714285712
OFF-FA-10001086,"Accos Rubber Bands, Assorted Sizes",74.0,-42.411,10,0.47
FUR-FU-10004597,Eldon Cleatmat Chair Mats for Medium Pile Carpets,344.0,-42.18000000000001,8,0.3
FUR-CH-10000667,"Novimex Chairmat, Black",421.0,-42.16199999999999,11,0.32499999999999996
FUR-FU-10003622,"Tenex Light Bulb, Erganomic",245.0,-42.120000000000005,27,0.17142857142857146
OFF-ST-10001374,"Rogers Trays, Wire Frame",1015.0,-42.12,31,0.17777777777777778
FUR-CH-10002372,Office Star - Ergonomically Designed Knee Chair,1312.0,-42.1096,19,0.17142857142857143
OFF-SU-10002448,"Stiletto Trimmer, High Speed",930.0,-42.09750000000001,28,0.21
TEC-CO-10004306,"HP Copy Machine, Color",611.0,-42.02460000000001,5,0.202
OFF-ST-10001513,"Fellowes Folders, Blue",49.0,-42.0,7,0.6
TEC-SAN-10003793,"SanDisk Memory Card, Erganomic",771.0,-41.970000000000006,9,0.25999999999999995
OFF-SAN-10001862,"Sanford Highlighters, Easy-Erase",266.0,-41.867999999999995,20,0.2222222222222222
OFF-SME-10001718,"Smead Box, Industrial",229.0,-41.849999999999994,26,0.3
FUR-CH-10000981,"Novimex Swivel Stool, Set of Two",750.0,-41.805,5,0.1
OFF-BI-10004179,"Avery 3-Hole Punch, Clear",153.0,-41.592,8,0.2
TEC-MA-10002165,"Konica Card Printer, Red",138.0,-41.364,3,0.6
OFF-ST-10001743,"Tenex Folders, Wire Frame",178.0,-41.28,12,0.16666666666666666
OFF-AP-10003318,"Breville Blender, Black",45.0,-41.265,1,0.5
FUR-BO-10000425,"Bush Floating Shelf Set, Traditional",960.0,-41.20800000000001,8,0.2
FUR-CH-10000089,"Hon Rocking Chair, Black",137.0,-41.024,4,0.6
OFF-STO-10001310,"Stockwell Rubber Bands, Bulk Pack",106.0,-40.986,11,0.31666666666666665
TEC-MEM-10000178,"Memorex Keyboard, Programmable",255.0,-40.949999999999996,7,0.35
OFF-LA-10001764,"Avery Round Labels, Adjustable",103.0,-40.8816,30,0.2842857142857143
OFF-SU-10000178,"Acme Ruler, Easy Grip",315.0,-40.8804,21,0.2175
OFF-KLE-10000228,"Kleencut Shears, High Speed",253.0,-40.81199999999999,11,0.3499999999999999
FUR-CH-10002974,"SAFCO Rocking Chair, Red",1498.0,-40.778999999999996,12,0.07500000000000001
FUR-CH-10003155,"Harbour Creations Bag Chairs, Red",49.0,-40.704,3,0.6
OFF-PA-10004296,"Enermax Note Cards, Premium",48.0,-40.704,6,0.6
FUR-FU-10003394,"Tenex ""The Solids"" Textured Chair Mats",1470.0,-40.57679999999999,26,0.19999999999999998
FUR-FU-10003247,36X48 HARDFLOOR CHAIRMAT,370.0,-40.4914,21,0.2333333333333333
TEC-CO-10001371,"Sharp Fax and Copier, Laser",515.0,-40.484,5,0.13533333333333333
OFF-BI-10001089,"Acco Binding Machine, Clear",40.0,-40.44,3,0.6
OFF-BI-10002335,"Avery Binder Covers, Durable",268.0,-40.3833,25,0.10500000000000001
OFF-AP-10000604,"Breville Microwave, Silver",524.0,-40.376,4,0.30000000000000004
FUR-OFF-10000303,"Office Star Rocking Chair, Set of Two",1059.0,-40.29599999999999,8,0.19999999999999998
FUR-ELD-10003828,"Eldon Light Bulb, Erganomic",191.0,-40.11,11,0.24
OFF-FA-10001052,"Stockwell Paper Clips, Assorted Sizes",114.0,-40.05,15,0.3333333333333333
OFF-BI-10003009,"Ibico 3-Hole Punch, Clear",24.0,-39.912,4,0.7
OFF-FA-10001115,"Accos Push Pins, Assorted Sizes",120.0,-39.9,14,0.2
OFF-LA-10002992,"Novimex Removable Labels, 5000 Label Set",205.0,-39.8949,25,0.17285714285714285
FUR-BO-10001822,"Dania Library with Doors, Metal",1013.0,-39.882000000000005,3,0.05
OFF-ENE-10001356,"Enermax Cards & Envelopes, Multicolor",253.0,-39.858000000000004,7,0.24
OFF-PA-10004673,"Enermax Message Books, 8.5 x 11",197.0,-39.744,12,0.35
OFF-SU-10003717,"Stiletto Ruler, Serrated",284.0,-39.737399999999994,30,0.18666666666666668
FUR-FU-10003862,"Advantus Photo Frame, Black",1325.0,-39.72,26,0.05
OFF-BI-10000773,Insertable Tab Post Binder Dividers,66.0,-39.699,25,0.575
OFF-EN-10003094,"Ames Peel and Seal, with clear poly window",151.0,-39.675999999999995,13,0.1
OFF-AP-10003622,"Hamilton Beach Microwave, Silver",510.0,-39.672,2,0.1
OFF-PA-10000644,"Green Bar Cards & Envelopes, Recycled",39.0,-39.66,3,0.6
OFF-EN-10001789,"Kraft Peel and Seal, Set of 50",338.0,-39.5199,20,0.18142857142857144
OFF-EN-10003520,"Kraft Mailers, Recycled",87.0,-39.48,4,0.4
OFF-ENE-10001117,"Enermax Message Books, 8.5 x 11",43.0,-39.456,4,0.6
FUR-TA-10001866,Bevis Round Conference Room Tables and Bases,520.0,-39.4438,4,0.25
FUR-FU-10002933,"Advantus Stacking Tray, Erganomic",816.0,-39.312,43,0.17666666666666667
OFF-KLE-10004771,"Kleencut Shears, Serrated",372.0,-39.257999999999996,10,0.11666666666666665
FUR-FU-10003651,"Deflect-O Stacking Tray, Erganomic",261.0,-39.156,14,0.175
OFF-PA-10003002,"Enermax Message Books, Multicolor",45.0,-39.088,7,0.6
OFF-EN-10002015,"GlobeWeis Peel and Seal, with clear poly window",507.0,-39.021,23,0.09999999999999999
FUR-CH-10003623,"SAFCO Steel Folding Chair, Black",512.0,-39.016,10,0.06666666666666667
OFF-SU-10003801,"Elite Box Cutter, Easy Grip",39.0,-38.976,4,0.6
TEC-PH-10004897,Mediabridge Sport Armband iPhone 5s,258.0,-38.961,30,0.14285714285714285
OFF-SU-10002909,"Fiskars Ruler, Easy Grip",124.0,-38.9445,11,0.235
OFF-FA-10002015,"Stockwell Push Pins, 12 Pack",215.0,-38.867999999999995,21,0.2928571428571428
OFF-LA-10002633,"Novimex Shipping Labels, Laser Printer Compatible",221.0,-38.7906,28,0.3071428571428571
OFF-ADV-10004241,"Advantus Thumb Tacks, 12 Pack",161.0,-38.711999999999996,16,0.19999999999999998
OFF-ST-10003835,"Rogers Folders, Single Width",584.0,-38.699999999999996,22,0.1375
TEC-LOG-10002018,"Logitech Memory Card, Erganomic",1051.0,-38.604,11,0.15
OFF-LA-10003379,"Smead Color Coded Labels, Laser Printer Compatible",147.0,-38.574,15,0.22833333333333336
OFF-ST-10004116,"Fellowes Shelving, Blue",694.0,-38.56,19,0.04
FUR-FU-10000612,"Tenex Frame, Black",484.0,-38.538000000000004,5,0.15
OFF-EN-10001528,"Kraft Business Envelopes, Recycled",237.0,-38.480399999999996,21,0.23666666666666666
TEC-PH-10001846,"Nokia Audio Dock, Cordless",90.0,-38.472,2,0.6
TEC-AC-10003861,"Enermax Keyboard, Erganomic",541.0,-38.43449999999999,8,0.15
TEC-AC-10002025,"Memorex Flash Drive, Bluetooth",39.0,-38.3,5,0.6
OFF-SME-10004518,"Smead Legal Exhibit Labels, Laser Printer Compatible",129.0,-38.28,16,0.31666666666666665
OFF-AR-10000082,"Binney & Smith Pencil Sharpener, Water Color",159.0,-38.272,12,0.30000000000000004
OFF-BI-10001967,"Acco Binder, Recycled",440.0,-38.187,32,0.08875000000000001
FUR-CH-10004547,"Office Star Bag Chairs, Black",693.0,-38.176,22,0.14285714285714285
OFF-AR-10001898,"Binney & Smith Pencil Sharpener, Fluorescent",1115.0,-38.093999999999994,45,0.08
FUR-CH-10004642,"Hon Steel Folding Chair, Set of Two",45.0,-37.936,2,0.6
OFF-ROG-10001818,"Rogers Folders, Single Width",415.0,-37.919999999999995,16,0.2375
OFF-BI-10000051,"Ibico Binding Machine, Economy",69.0,-37.74,5,0.6
FUR-BO-10004430,"Bush Floating Shelf Set, Metal",1826.0,-37.629000000000005,12,0.12
FUR-CH-10003336,"SAFCO Chairmat, Adjustable",1219.0,-37.6164,24,0.17375000000000002
OFF-SU-10002135,"Fiskars Shears, Easy Grip",118.0,-37.536,4,0.4
OFF-SU-10000723,"Kleencut Shears, Steel",1309.0,-37.3788,36,0.27375
FUR-FU-10003462,"Rubbermaid Photo Frame, Black",166.0,-37.32,4,0.2
OFF-ST-10003741,"Smead Lockers, Blue",1482.0,-37.18399999999998,14,0.16
OFF-AP-10004494,"Hoover Blender, Black",237.0,-37.1781,3,0.17
OFF-AR-10002392,"Binney & Smith Highlighters, Blue",228.0,-37.0875,17,0.22000000000000003
OFF-AR-10004303,"Stanley Markers, Blue",469.0,-37.08,25,0.09999999999999999
OFF-ST-10003811,"Smead Lockers, Single Width",106.0,-37.08,2,0.6
OFF-AR-10002400,"Boston Highlighters, Water Color",288.0,-36.986999999999995,16,0.17750000000000002
TEC-CO-10004267,"Brother Ink, Laser",1500.0,-36.93299999999999,12,0.18
OFF-ST-10001335,"Tenex Trays, Blue",29.0,-36.888,2,0.6
OFF-AP-10004136,Kensington 6 Outlet SmartSocket Surge Protector,148.0,-36.882000000000005,6,0.4
OFF-PA-10000588,"SanDisk Cards & Envelopes, 8.5 x 11",63.0,-36.828,2,0.4
FUR-CH-10003750,"Harbour Creations Rocking Chair, Red",662.0,-36.795,5,0.1
TEC-AC-10004195,"Memorex Numeric Keypad, Bluetooth",356.0,-36.7752,11,0.18999999999999997
FUR-CH-10000182,"Office Star Bag Chairs, Adjustable",77.0,-36.76,5,0.6
OFF-SU-10000427,"Fiskars Trimmer, Steel",267.0,-36.72,8,0.2
FUR-FU-10002751,"Advantus Photo Frame, Durable",434.0,-36.68,15,0.24000000000000005
OFF-BI-10003142,"Acco Binder Covers, Clear",539.0,-36.6786,45,0.09454545454545454
OFF-SU-10000148,"Stiletto Ruler, Serrated",92.0,-36.6,12,0.2
FUR-FU-10000481,"Rubbermaid Clock, Durable",158.0,-36.6,7,0.26666666666666666
OFF-AR-10001423,"BIC Canvas, Water Color",228.0,-36.480000000000004,8,0.2
FUR-CH-10001545,Hon Comfortask Task/Swivel Chairs,1687.0,-36.4736,18,0.15
TEC-AC-10004883,"Logitech Keyboard, Bluetooth",289.0,-36.3,5,0.25
FUR-BO-10000883,"Dania Corner Shelving, Mobile",950.0,-36.2583,8,0.185
OFF-FA-10000196,"OIC Paper Clips, Bulk Pack",31.0,-36.256,8,0.6
OFF-CAR-10003703,"Cardinal Binder, Durable",151.0,-36.24,13,0.18
TEC-SAN-10004181,"SanDisk Keyboard, USB",115.0,-35.994,2,0.3
TEC-CO-10002981,"HP Wireless Fax, High-Speed",896.0,-35.925,5,0.5
TEC-AC-10002581,"SanDisk Flash Drive, Erganomic",37.0,-35.91,2,0.5
OFF-PA-10000522,"Xerox Computer Printout Paper, Recycled",106.0,-35.88,8,0.5
OFF-EN-10003898,"Ames Peel and Seal, Set of 50",382.0,-35.792,34,0.06666666666666668
FUR-ELD-10003802,"Eldon Photo Frame, Durable",441.0,-35.52000000000001,12,0.32499999999999996
FUR-FU-10000718,"Tenex Stacking Tray, Erganomic",387.0,-35.43,19,0.125
OFF-SU-10000388,"Acme Ruler, Serrated",185.0,-35.336,25,0.16
OFF-AVE-10004308,"Avery Binder, Durable",282.0,-35.28,23,0.21818181818181817
TEC-AC-10000218,"SanDisk Numeric Keypad, USB",192.0,-35.244,6,0.4
TEC-MA-10004323,"Panasonic Phone, White",874.0,-35.235,12,0.09999999999999999
OFF-ST-10001554,"Eldon Folders, Industrial",777.0,-35.2332,48,0.06285714285714286
OFF-LA-10004749,"Avery Legal Exhibit Labels, Laser Printer Compatible",63.0,-35.196,10,0.4666666666666666
OFF-FA-10000713,"Stockwell Clamps, 12 Pack",333.0,-35.168,34,0.13333333333333336
OFF-PA-10004761,"Green Bar Memo Slips, Premium",161.0,-35.144999999999996,13,0.25
OFF-EN-10004254,"Ames Interoffice Envelope, Recycled",53.0,-35.136,2,0.4
OFF-PA-10002974,"Enermax Note Cards, 8.5 x 11",771.0,-35.06850000000001,35,0.19333333333333333
OFF-EN-10001669,"Ames Interoffice Envelope, with clear poly window",52.0,-35.056,4,0.6
OFF-ACC-10003925,"Accos Staples, Bulk Pack",35.0,-35.04,8,0.4333333333333333
FUR-DEF-10000495,"Deflect-O Clock, Black",794.0,-34.872,17,0.3
TEC-CO-10000228,"Hewlett Personal Copier, Laser",1458.0,-34.803,11,0.049999999999999996
OFF-ST-10002485,Rogers Deluxe File Chest,444.0,-34.72839999999999,22,0.1
OFF-FA-10002388,"Accos Push Pins, Assorted Sizes",285.0,-34.6731,28,0.15666666666666665
TEC-CO-10000679,"Hewlett Personal Copier, High-Speed",4478.0,-34.6632,32,0.023333333333333334
OFF-KIT-10004732,"KitchenAid Blender, Silver",158.0,-34.61999999999999,3,0.35
OFF-BI-10002894,"Avery Binding Machine, Durable",2995.0,-34.530000000000015,64,0.09375
TEC-ENE-10000995,"Enermax Memory Card, USB",940.0,-34.37999999999999,10,0.24
OFF-ACM-10004150,"Acme Ruler, Serrated",43.0,-34.368,8,0.6
TEC-CO-10002380,"Canon Fax and Copier, High-Speed",1535.0,-34.23599999999999,9,0.11249999999999999
OFF-EN-10002081,"Jiffy Mailers, Set of 50",37.0,-34.23,2,0.5
TEC-MA-10003422,"Panasonic Calculator, Red",28.0,-34.182,3,0.7
OFF-ACC-10004748,"Accos Push Pins, 12 Pack",99.0,-34.095,14,0.4
OFF-HON-10002610,"Hon Removable Labels, Adjustable",138.0,-33.93,17,0.31666666666666665
OFF-ST-10004280,"Eldon Trays, Industrial",353.0,-33.915,8,0.06666666666666667
FUR-FU-10000069,"Tenex Door Stop, Durable",580.0,-33.9012,17,0.184
TEC-MA-10003558,"Panasonic Calculator, Durable",920.0,-33.900000000000006,22,0.18571428571428572
OFF-ST-10001229,"Fellowes Box, Single Width",366.0,-33.876599999999996,22,0.1466666666666667
OFF-AR-10000751,"Binney & Smith Highlighters, Blue",60.0,-33.876,6,0.4
OFF-BI-10001124,"Ibico Binder Covers, Clear",697.0,-33.837,60,0.09411764705882353
TEC-PH-10004601,"Nokia Audio Dock, with Caller ID",1950.0,-33.64200000000001,14,0.17
OFF-BIN-10004569,"Binney & Smith Highlighters, Blue",193.0,-33.635999999999996,16,0.2375
OFF-SU-10001886,"Acme Box Cutter, Serrated",259.0,-33.629999999999995,11,0.3333333333333333
OFF-ST-10003528,"Fellowes Folders, Wire Frame",309.0,-33.5142,14,0.1675
FUR-FU-10003198,"Rubbermaid Photo Frame, Erganomic",631.0,-33.4602,15,0.182
FUR-CH-10004969,"Office Star Bag Chairs, Red",410.0,-33.443999999999996,10,0.3
OFF-CAR-10001911,"Cardinal Binder Covers, Clear",133.0,-33.426,20,0.3
FUR-ELD-10001413,"Eldon Light Bulb, Black",138.0,-33.33,11,0.4
OFF-PA-10004174,"Enermax Computer Printout Paper, 8.5 x 11",117.0,-33.263999999999996,6,0.4
OFF-PA-10004994,"Green Bar Parchment Paper, Premium",195.0,-33.2112,15,0.2925
TEC-MOT-10004682,"Motorola Office Telephone, VoIP",209.0,-33.19499999999999,6,0.4333333333333333
OFF-LA-10003273,"Harbour Creations Color Coded Labels, Adjustable",140.0,-33.138,17,0.11399999999999999
OFF-ACC-10000102,"Acco Binding Machine, Clear",1092.0,-33.120000000000005,25,0.14444444444444443
OFF-AR-10000401,"Binney & Smith Highlighters, Water Color",26.0,-33.04,5,0.6
TEC-MEM-10000919,"Memorex Keyboard, USB",379.0,-32.985,6,0.175
OFF-FIS-10002759,"Fiskars Letter Opener, High Speed",98.0,-32.861999999999995,5,0.2333333333333333
OFF-BI-10001248,"Avery Binder, Economy",311.0,-32.67999999999999,43,0.08888888888888889
FUR-CH-10002944,"Office Star Steel Folding Chair, Black",2654.0,-32.67839999999999,32,0.13375
TEC-MA-10004822,"Epson Calculator, Durable",152.0,-32.6775,5,0.375
OFF-AP-10000653,"Cuisinart Blender, White",217.0,-32.6658,4,0.16
FUR-CH-10003968,Novimex Turbo Task Chair,1341.0,-32.6508,22,0.13333333333333333
TEC-AC-10002702,"Enermax Keyboard, Bluetooth",453.0,-32.6322,6,0.1425
OFF-LA-10004918,"Harbour Creations Round Labels, Alphabetical",81.0,-32.5746,19,0.308
FUR-CH-10000133,"Harbour Creations Steel Folding Chair, Black",1251.0,-32.513999999999996,16,0.19999999999999998
OFF-EN-10003607,"Cameo Business Envelopes, Recycled",235.0,-32.480000000000004,23,0.13333333333333333
OFF-ST-10003056,"Tenex Folders, Single Width",544.0,-32.36,39,0.10909090909090911
TEC-AC-10002550,"Memorex 25GB 6X Branded Blu-Ray Recordable Disc, 30/Pack",473.0,-32.2695,17,0.1
OFF-EN-10003832,"Ames Business Envelopes, Set of 50",260.0,-32.232,27,0.1
OFF-PA-10003395,"Eaton Computer Printout Paper, Recycled",49.0,-32.228,7,0.6
TEC-AC-10003626,"Enermax Numeric Keypad, Bluetooth",298.0,-32.184000000000005,6,0.2
OFF-ROG-10000332,"Rogers Box, Single Width",347.0,-32.16,18,0.16153846153846152
TEC-PH-10003405,"Apple Office Telephone, Full Size",480.0,-32.135999999999996,12,0.1
OFF-FA-10001309,"Stockwell Thumb Tacks, 12 Pack",274.0,-32.0997,30,0.2414285714285714
OFF-AP-10000977,"Cuisinart Toaster, Red",64.0,-32.088,2,0.4
OFF-AR-10003758,"Binney & Smith Canvas, Water Color",269.0,-32.076,9,0.2
OFF-EN-10003920,"Jiffy Business Envelopes, Set of 50",31.0,-32.04,4,0.6
OFF-FA-10003962,"Accos Thumb Tacks, Assorted Sizes",227.0,-32.0028,25,0.17888888888888888
TEC-PH-10003187,Anker Astro Mini 3000mAh Ultra-Compact Portable Charger,148.0,-31.984,9,0.2
TEC-PH-10001917,"Motorola Speaker Phone, Full Size",2708.0,-31.70000000000001,32,0.025
FUR-FU-10002803,"Deflect-O Stacking Tray, Erganomic",520.0,-31.653000000000002,25,0.1416666666666667
OFF-LA-10001582,"Smead Round Labels, 5000 Label Set",27.0,-31.544,13,0.4
OFF-AR-10004362,"Sanford Canvas, Water Color",29.0,-31.52,2,0.6
TEC-MA-10002039,"Panasonic Calculator, Wireless",705.0,-31.499999999999993,17,0.14
OFF-EN-10000761,"Jiffy Peel and Seal, with clear poly window",223.0,-31.46,20,0.2285714285714286
OFF-SU-10001554,"Acme Trimmer, Serrated",22.0,-31.384,2,0.6
OFF-ST-10001358,"Rogers Folders, Wire Frame",367.0,-31.302000000000003,15,0.21428571428571427
FUR-CH-10001051,"Hon Chairmat, Red",973.0,-31.18500000000001,21,0.26
FUR-SAF-10000204,"Safco Library with Doors, Metal",311.0,-31.14,3,0.2
OFF-ST-10002175,"Fellowes Lockers, Single Width",2551.0,-31.121999999999986,15,0.18571428571428572
OFF-LA-10001067,"Smead Legal Exhibit Labels, Laser Printer Compatible",21.0,-31.08,7,0.6
TEC-PH-10000562,Samsung Convoy 3,688.0,-31.077199999999998,9,0.2
TEC-PH-10004833,Macally Suction Cup Mount,279.0,-31.07,26,0.15000000000000002
TEC-AC-10001592,"Enermax Flash Drive, Programmable",52.0,-30.996,2,0.4
OFF-FA-10000700,"OIC Thumb Tacks, 12 Pack",133.0,-30.96,19,0.2
OFF-PA-10000827,"Enermax Message Books, 8.5 x 11",133.0,-30.959999999999997,8,0.3333333333333333
OFF-BI-10000325,"Wilson Jones Binder Covers, Recycled",294.0,-30.889999999999997,45,0.1
FUR-ELD-10000038,"Eldon Photo Frame, Erganomic",307.0,-30.887999999999998,9,0.15
FUR-BO-10000120,"Sauder Stackable Bookrack, Mobile",73.0,-30.84,1,0.5
OFF-PA-10000301,"Enermax Parchment Paper, Premium",139.0,-30.78,11,0.16666666666666666
FUR-IKE-10003796,"Ikea Stackable Bookrack, Metal",439.0,-30.605999999999995,5,0.2333333333333333
TEC-CAN-10004697,"Canon Fax and Copier, Digital",649.0,-30.587999999999994,4,0.19999999999999998
OFF-CUI-10004428,"Cuisinart Coffee Grinder, White",122.0,-30.555,7,0.475
TEC-CIS-10003017,"Cisco Signal Booster, with Caller ID",2703.0,-30.546000000000035,24,0.1857142857142857
TEC-HEW-10004172,"Hewlett Wireless Fax, Laser",494.0,-30.453000000000003,2,0.35
OFF-PA-10002382,"Eaton Note Cards, Premium",669.0,-30.292,43,0.1
FUR-FU-10002305,"Advantus Door Stop, Black",432.0,-30.252000000000002,13,0.25
OFF-SU-10004799,"Elite Ruler, Steel",32.0,-30.24,9,0.6
OFF-ST-10001469,Fellowes Bankers Box Recycled Super Stor/Drawer,1189.0,-30.228800000000003,24,0.08571428571428573
FUR-BO-10002309,"Dania 3-Shelf Cabinet, Traditional",320.0,-30.18,4,0.1
FUR-FU-10000342,"Deflect-O Light Bulb, Durable",55.0,-30.171999999999997,8,0.3666666666666667
TEC-AC-10001735,"Logitech Mouse, Bluetooth",752.0,-30.168,31,0.1388888888888889
TEC-CO-10000119,"HP Fax Machine, Color",874.0,-30.138,3,0.05
OFF-LA-10003848,"Avery File Folder Labels, 5000 Label Set",34.0,-30.134999999999998,7,0.5
FUR-FU-10003901,"Advantus Stacking Tray, Erganomic",90.0,-30.096,9,0.4000000000000001
TEC-AC-10004252,"SanDisk Mouse, Bluetooth",236.0,-30.0435,7,0.18333333333333335
OFF-PA-10001849,"SanDisk Cards & Envelopes, Recycled",58.0,-30.024,2,0.4
FUR-BO-10001872,"Bush Stackable Bookrack, Pine",449.0,-30.024,6,0.4
OFF-AP-10002041,"Cuisinart Toaster, White",62.0,-29.94,2,0.4
TEC-AC-10004604,"SanDisk Mouse, Bluetooth",46.0,-29.928,2,0.4
TEC-AC-10002842,"Memorex Mouse, Bluetooth",23.0,-29.904,3,0.6
OFF-ST-10004660,"Fellowes Box, Single Width",298.0,-29.735999999999997,27,0.16666666666666666
FUR-CH-10003618,"SAFCO Rocking Chair, Red",162.0,-29.688,2,0.4
OFF-STO-10000128,"Stockwell Push Pins, Metal",37.0,-29.64,5,0.3
FUR-CH-10004736,"Novimex Bag Chairs, Adjustable",427.0,-29.58,17,0.23333333333333336
OFF-LA-10003217,"Smead File Folder Labels, Laser Printer Compatible",191.0,-29.58,25,0.2
OFF-EN-10002007,"Kraft Clasp Envelope, with clear poly window",436.0,-29.251199999999997,44,0.211
OFF-SU-10001185,"Acme Letter Opener, Steel",55.0,-29.148,7,0.6
OFF-BI-10000542,"Ibico Binder Covers, Recycled",166.0,-29.108,22,0.17142857142857146
OFF-FA-10004665,"Stockwell Paper Clips, Metal",84.0,-29.084999999999997,9,0.25
FUR-FU-10004730,"Rubbermaid Light Bulb, Erganomic",275.0,-29.0574,18,0.10666666666666667
OFF-FA-10003817,"Stockwell Clamps, Metal",328.0,-28.991999999999997,20,0.12
OFF-EN-10000788,"Cameo Peel and Seal, Set of 50",95.0,-28.980000000000004,7,0.25
OFF-BI-10004795,"Avery Binding Machine, Clear",58.0,-28.98,2,0.4
TEC-CO-10002244,"Sharp Ink, Laser",2271.0,-28.957499999999982,22,0.10833333333333334
FUR-CH-10000749,Office Star - Ergonomic Mid Back Chair with 2-Way Adjustable Arms,579.0,-28.9568,4,0.2
TEC-SAN-10000142,"SanDisk Mouse, Erganomic",28.0,-28.944,2,0.6
TEC-PH-10003784,"Motorola Signal Booster, Full Size",405.0,-28.924,5,0.2
FUR-SAU-10003203,"Sauder 3-Shelf Cabinet, Mobile",271.0,-28.799999999999997,3,0.35
FUR-BO-10004699,"Dania 3-Shelf Cabinet, Mobile",2563.0,-28.794,18,0.016666666666666666
TEC-AC-10004094,"SanDisk Keyboard, Programmable",44.0,-28.784,2,0.6
OFF-AR-10000067,"Boston Pencil Sharpener, Water Color",55.0,-28.756,7,0.6
OFF-EN-10003977,"Cameo Clasp Envelope, Recycled",179.0,-28.716,27,0.09999999999999999
OFF-SU-10003527,"Elite Ruler, Easy Grip",322.0,-28.696800000000003,30,0.23375
OFF-ST-10001142,"Smead Folders, Wire Frame",875.0,-28.692,58,0.07857142857142858
OFF-SU-10003160,"Acme Ruler, High Speed",293.0,-28.575000000000003,20,0.16666666666666666
OFF-SU-10002599,"Stiletto Letter Opener, Easy Grip",228.0,-28.56,15,0.2
OFF-GRE-10003899,"Green Bar Cards & Envelopes, Recycled",14.0,-28.5,1,0.7
OFF-STO-10004971,"Stockwell Paper Clips, Assorted Sizes",23.0,-28.47,5,0.6
OFF-AR-10002575,"Sanford Canvas, Blue",121.0,-28.392,4,0.4
TEC-PAN-10001593,"Panasonic Calculator, Durable",15.0,-28.23,1,0.7
OFF-CAM-10000192,"Cameo Interoffice Envelope, with clear poly window",20.0,-28.062,1,0.6
OFF-PA-10003899,"SanDisk Memo Slips, Multicolor",322.0,-27.974999999999998,20,0.1
FUR-FU-10001200,"Tenex Photo Frame, Erganomic",1604.0,-27.881999999999994,33,0.049999999999999996
FUR-CH-10001429,"SAFCO Executive Leather Armchair, Adjustable",835.0,-27.864,2,0.1
OFF-FA-10002752,"Advantus Push Pins, Bulk Pack",129.0,-27.81,12,0.25
FUR-BO-10002510,"Bush 3-Shelf Cabinet, Mobile",1876.0,-27.804599999999997,15,0.10333333333333333
FUR-BO-10003199,"Bush Classic Bookcase, Mobile",830.0,-27.700000000000003,5,0.4
OFF-STO-10002857,"Stockwell Push Pins, 12 Pack",47.0,-27.6,6,0.32499999999999996
TEC-AC-10002842,"Belkin Memory Card, Bluetooth",138.0,-27.588,2,0.4
FUR-FU-10000813,"Tenex Door Stop, Durable",65.0,-27.328,4,0.4
OFF-FA-10003034,"OIC Rubber Bands, 12 Pack",48.0,-27.28,8,0.3
OFF-EN-10001311,"GlobeWeis Business Envelopes, with clear poly window",42.0,-27.24,5,0.4
TEC-PAN-10002583,"Panasonic Calculator, Wireless",120.0,-27.198,3,0.19999999999999998
OFF-STO-10004495,"Stockwell Thumb Tacks, Bulk Pack",75.0,-27.192,11,0.38
OFF-BI-10003676,"GBC Standard Recycled Report Covers, Clear Plastic Sheets",258.0,-27.165600000000005,51,0.4916666666666667
FUR-TA-10002557,"Barricks Conference Table, Rectangular",588.0,-27.1575,1,0.35
OFF-SU-10004048,"Kleencut Shears, High Speed",56.0,-27.156,2,0.4
OFF-BI-10003064,"Cardinal 3-Hole Punch, Clear",45.0,-27.144,6,0.6
TEC-MA-10001825,"Epson Calculator, Durable",178.0,-27.126,6,0.3
OFF-ELI-10000541,"Elite Trimmer, High Speed",13.0,-27.099,1,0.7
TEC-AC-10002110,"Memorex Mouse, Programmable",206.0,-27.088,12,0.1
FUR-BO-10001608,"Hon Metal Bookcases, Black",1570.0,-26.972400000000007,30,0.244
FUR-RUB-10001310,"Rubbermaid Photo Frame, Black",177.0,-26.970000000000002,4,0.15
OFF-FA-10002717,"OIC Rubber Bands, Metal",41.0,-26.904,4,0.4
FUR-CH-10002752,"Harbour Creations Bag Chairs, Set of Two",364.0,-26.901000000000003,9,0.39999999999999997
TEC-PH-10003946,"Cisco Office Telephone, VoIP",927.0,-26.835,13,0.125
OFF-BI-10004830,"Ibico Index Tab, Clear",101.0,-26.784,23,0.20000000000000004
OFF-EN-10004564,"Jiffy Mailers, Set of 50",30.0,-26.784,3,0.6
OFF-EN-10002263,"GlobeWeis Interoffice Envelope, with clear poly window",62.0,-26.748,2,0.4
TEC-PH-10003303,"Cisco Office Telephone, Cordless",100.0,-26.688,2,0.4
OFF-FA-10003257,"Accos Thumb Tacks, 12 Pack",136.0,-26.667,14,0.19999999999999998
OFF-FA-10000746,"Advantus Thumb Tacks, 12 Pack",192.0,-26.635800000000003,18,0.282
OFF-AR-10002153,"Sanford Pens, Fluorescent",23.0,-26.628,7,0.6
OFF-STO-10002661,"Stockwell Staples, 12 Pack",92.0,-26.477999999999998,19,0.31666666666666665
OFF-AR-10001226,"Boston Pencil Sharpener, Fluorescent",314.0,-26.4525,12,0.11000000000000001
OFF-ST-10000642,"Tennsco Lockers, Gray",403.0,-26.4348,22,0.10000000000000002
FUR-CH-10000666,"SAFCO Chairmat, Black",69.0,-26.412,2,0.4
OFF-PA-10000420,"Green Bar Cards & Envelopes, 8.5 x 11",42.0,-26.316,3,0.6
OFF-PA-10001795,"Green Bar Message Books, Premium",253.0,-26.286,13,0.19999999999999998
TEC-OKI-10003655,"Okidata Calculator, Wireless",230.0,-26.274,5,0.3
TEC-LOG-10001434,"Logitech Keyboard, USB",203.0,-26.232000000000003,4,0.3
OFF-LA-10000950,"Avery Color Coded Labels, 5000 Label Set",196.0,-26.22,19,0.258
FUR-FU-10001667,"Rubbermaid Stacking Tray, Black",20.0,-26.22,3,0.6
OFF-EN-10003731,"GlobeWeis Mailers, Set of 50",31.0,-26.22,3,0.6
TEC-OKI-10002547,"Okidata Phone, Durable",313.0,-26.208,5,0.2333333333333333
OFF-AVE-10000543,"Avery Hole Reinforcements, Clear",47.0,-26.109,21,0.4090909090909091
OFF-BI-10002799,"Acco Binder Covers, Recycled",338.0,-25.936,44,0.14545454545454548
TEC-CO-10002467,"Sharp Personal Copier, Laser",64.0,-25.92,2,0.602
TEC-PH-10003847,"Apple Headset, with Caller ID",1905.0,-25.92,31,0.2285714285714286
FUR-FU-10002834,"Deflect-O Light Bulb, Erganomic",23.0,-25.92,5,0.6
OFF-SME-10003134,"Smead Box, Single Width",70.0,-25.919999999999998,12,0.33749999999999997
FUR-FU-10003507,"Deflect-O Stacking Tray, Erganomic",280.0,-25.896,27,0.3
OFF-SU-10004938,"Fiskars Trimmer, Steel",505.0,-25.896,14,0.1175
OFF-FA-10003815,"Stockwell Clamps, Metal",116.0,-25.8,11,0.2
TEC-PH-10002962,"Motorola Smart Phone, Full Size",773.0,-25.764,2,0.4
TEC-OKI-10001454,"Okidata Calculator, Durable",121.0,-25.707,3,0.35
OFF-AR-10004049,"Stanley Sketch Pad, Fluorescent",49.0,-25.664,4,0.6
OFF-EN-10003715,"Kraft Manila Envelope, Set of 50",580.0,-25.6494,26,0.17555555555555558
FUR-FU-10003069,"Deflect-O Photo Frame, Durable",690.0,-25.617,17,0.13999999999999999
OFF-SU-10003803,"Acme Trimmer, Steel",461.0,-25.609199999999998,12,0.13399999999999998
OFF-STA-10004885,"Stanley Sketch Pad, Easy-Erase",954.0,-25.559999999999988,27,0.23157894736842102
TEC-ENE-10003090,"Enermax Memory Card, Programmable",162.0,-25.554,2,0.3
OFF-BRE-10004211,"Breville Blender, White",118.0,-25.533,2,0.35
OFF-AR-10001461,"BIC Canvas, Water Color",2059.0,-25.524,37,0.022222222222222223
OFF-GRE-10001814,"Green Bar Computer Printout Paper, 8.5 x 11",62.0,-25.47,3,0.39999999999999997
TEC-SAM-10002682,"Samsung Headset, Full Size",170.0,-25.413,3,0.2333333333333333
TEC-MA-10004857,"Konica Calculator, White",40.0,-25.368,2,0.4
OFF-AP-10003442,"Hamilton Beach Coffee Grinder, Black",67.0,-25.296,4,0.6
OFF-KIT-10001245,"KitchenAid Blender, Black",155.0,-25.266,3,0.35
OFF-FA-10001621,"Accos Rubber Bands, 12 Pack",85.0,-25.2636,8,0.30666666666666664
OFF-FA-10003749,"Advantus Rubber Bands, 12 Pack",17.0,-25.232,4,0.6
OFF-AP-10001587,"Hamilton Beach Coffee Grinder, Silver",43.0,-25.23,2,0.5
OFF-BI-10003417,"Ibico Hole Reinforcements, Economy",17.0,-25.164,9,0.6
OFF-SU-10003688,"Acme Shears, High Speed",300.0,-25.08,10,0.4
FUR-FU-10004823,"Advantus Clock, Erganomic",60.0,-25.008,3,0.4
OFF-PA-10001236,"Enermax Message Books, Recycled",270.0,-24.9954,14,0.16749999999999998
OFF-ELI-10000044,"Elite Ruler, Serrated",96.0,-24.99,14,0.35
OFF-SME-10001667,"Smead Shipping Labels, 5000 Label Set",182.0,-24.96,18,0.175
OFF-FA-10004362,"Stockwell Thumb Tacks, Metal",118.0,-24.9408,14,0.32
TEC-APP-10004912,"Apple Speaker Phone, with Caller ID",1454.0,-24.90000000000001,16,0.17142857142857143
OFF-EN-10002985,"Cameo Peel and Seal, Recycled",723.0,-24.810000000000002,43,0.1457142857142857
OFF-LA-10000236,"Avery Color Coded Labels, Laser Printer Compatible",143.0,-24.808,19,0.13333333333333333
OFF-ST-10000557,"Tenex Box, Blue",239.0,-24.8,27,0.15000000000000002
FUR-FU-10002837,"Advantus Frame, Duo Pack",1111.0,-24.72,21,0.24000000000000005
OFF-EN-10002959,"GlobeWeis Mailers, with clear poly window",44.0,-24.704,4,0.6
OFF-PA-10002373,"Enermax Parchment Paper, Premium",514.0,-24.624000000000002,35,0.06666666666666667
OFF-STO-10000041,"Stockwell Staples, 12 Pack",33.0,-24.624,8,0.6
OFF-SU-10000216,"Stiletto Ruler, Steel",130.0,-24.544800000000002,15,0.242
OFF-EN-10001715,"Ames Clasp Envelope, with clear poly window",39.0,-24.516,6,0.4
TEC-PH-10001264,"Cisco Signal Booster, VoIP",2795.0,-24.512,32,0.15000000000000002
OFF-ST-10004337,"SAFCO Commercial Wire Shelving, 72h",1445.0,-24.496,24,0.04
OFF-ST-10004479,"Eldon Shelving, Industrial",59.0,-24.48,2,0.4
OFF-HAM-10001387,"Hamilton Beach Coffee Grinder, Black",17.0,-24.414,1,0.6
OFF-PA-10003808,"SanDisk Note Cards, Premium",112.0,-24.372,6,0.4
TEC-MA-10002538,"Okidata Phone, Wireless",208.0,-24.36,4,0.4
FUR-BO-10003903,"Dania 3-Shelf Cabinet, Pine",885.0,-24.359999999999996,7,0.175
TEC-AC-10004652,"Belkin Mouse, Erganomic",818.0,-24.28559999999999,28,0.174
OFF-LA-10002674,"Novimex Legal Exhibit Labels, Adjustable",35.0,-24.2712,8,0.47
OFF-FA-10003668,"Accos Rubber Bands, 12 Pack",58.0,-24.264,6,0.4
OFF-BI-10004080,"Wilson Jones 3-Hole Punch, Economy",369.0,-24.258,21,0.18
OFF-GLO-10002982,"GlobeWeis Mailers, Set of 50",282.0,-24.105,8,0.175
TEC-PH-10001448,Anker Astro 15000mAh USB Portable Charger,600.0,-23.9952,13,0.08
FUR-BO-10002334,"Ikea 3-Shelf Cabinet, Pine",403.0,-23.987999999999996,5,0.2
TEC-LOG-10001482,"Logitech Keyboard, Erganomic",232.0,-23.981999999999996,4,0.2333333333333333
TEC-SAM-10001935,"Samsung Office Telephone, Cordless",380.0,-23.897999999999996,7,0.35
OFF-EN-10004784,"Kraft Business Envelopes, Recycled",164.0,-23.813999999999997,11,0.15666666666666665
OFF-BI-10004099,GBC VeloBinder Strips,53.0,-23.808,20,0.55
OFF-BI-10004465,Avery Durable Slant Ring Binders,52.0,-23.76,19,0.6199999999999999
FUR-BO-10000807,"Sauder Floating Shelf Set, Mobile",473.0,-23.76,4,0.4
OFF-FA-10002427,"Stockwell Push Pins, 12 Pack",127.0,-23.671999999999997,17,0.13333333333333333
FUR-CH-10004306,"SAFCO Bag Chairs, Red",824.0,-23.6064,22,0.16166666666666665
OFF-ST-10001776,"Eldon Trays, Wire Frame",56.0,-23.532,2,0.4
TEC-MA-10001411,"Epson Calculator, Wireless",19.0,-23.516,2,0.7
OFF-ST-10002424,"Smead Trays, Industrial",59.0,-23.508,2,0.4
TEC-PH-10004635,"Samsung Office Telephone, with Caller ID",1382.0,-23.49600000000001,28,0.19999999999999998
OFF-CAR-10003259,"Cardinal Binder, Recycled",390.0,-23.496,37,0.19374999999999998
TEC-NOK-10004278,"Nokia Signal Booster, Full Size",303.0,-23.472,3,0.26666666666666666
FUR-FU-10003960,"Deflect-O Stacking Tray, Erganomic",264.0,-23.431200000000004,14,0.09000000000000001
OFF-FA-10002011,"OIC Push Pins, Bulk Pack",266.0,-23.4201,24,0.235
OFF-AVE-10004732,"Avery Round Labels, 5000 Label Set",14.0,-23.346000000000004,5,0.6333333333333333
OFF-PA-10003937,"Green Bar Memo Slips, Recycled",102.0,-23.310000000000002,9,0.3333333333333333
FUR-DEF-10003676,"Deflect-O Stacking Tray, Erganomic",62.0,-23.304000000000002,4,0.3
FUR-CH-10003696,"Novimex Bag Chairs, Black",58.0,-23.26,5,0.6
TEC-BRO-10000663,"Brother Fax and Copier, Color",1003.0,-23.244000000000014,7,0.3
OFF-LA-10000114,"Novimex Removable Labels, 5000 Label Set",36.0,-23.148,6,0.4
OFF-PA-10003133,"Eaton Cards & Envelopes, 8.5 x 11",422.0,-23.136000000000003,15,0.12000000000000002
OFF-ST-10000661,"Tenex Box, Industrial",78.0,-23.112000000000002,7,0.2
FUR-CH-10002940,"Harbour Creations Chairmat, Black",2144.0,-23.052600000000012,35,0.08222222222222222
OFF-FA-10002964,"Accos Clamps, 12 Pack",103.0,-23.025,8,0.25
OFF-AR-10001029,"Stanley Sketch Pad, Water Color",76.0,-22.944,6,0.6
OFF-SU-10004932,"Stiletto Ruler, Easy Grip",18.0,-22.88,4,0.6
FUR-BO-10004911,"Ikea Corner Shelving, Mobile",2363.0,-22.7844,20,0.054000000000000006
OFF-HON-10000278,"Hon Shipping Labels, Laser Printer Compatible",59.0,-22.776,10,0.3
OFF-ST-10004382,"Smead Folders, Blue",173.0,-22.752,19,0.24000000000000005
OFF-SU-10003866,"Acme Ruler, Easy Grip",37.0,-22.74,4,0.5
OFF-SU-10000047,"Kleencut Box Cutter, Steel",36.0,-22.72,4,0.6
OFF-SU-10002230,"Fiskars Trimmer, Serrated",31.0,-22.62,3,0.6
OFF-FA-10004606,"Stockwell Staples, 12 Pack",142.0,-22.429199999999998,17,0.16
FUR-FU-10003725,"Advantus Light Bulb, Erganomic",15.0,-22.428,3,0.6
TEC-LOG-10003254,"Logitech Keyboard, Programmable",977.0,-22.409999999999997,15,0.13333333333333333
OFF-SAN-10000874,"Sanford Pencil Sharpener, Fluorescent",701.0,-22.407000000000004,43,0.22499999999999998
FUR-TA-10004086,KI Adjustable-Height Table,1789.0,-22.354799999999997,27,0.2571428571428572
TEC-MA-10000684,"Okidata Calculator, White",162.0,-22.32,4,0.3
TEC-CO-10002083,"HP Fax and Copier, High-Speed",291.0,-22.257000000000005,3,0.325
OFF-AR-10000814,"Binney & Smith Canvas, Fluorescent",189.0,-22.248,6,0.4
OFF-ST-10003204,"Tenex Trays, Industrial",1996.0,-22.245000000000005,41,0.12000000000000002
OFF-BIN-10001385,"Binney & Smith Pens, Fluorescent",273.0,-22.2,23,0.14999999999999997
OFF-ACC-10002425,"Accos Thumb Tacks, Assorted Sizes",133.0,-22.14,15,0.24
OFF-CAM-10003511,"Cameo Clasp Envelope, Set of 50",31.0,-22.128,6,0.2333333333333333
TEC-AC-10002145,"Belkin Memory Card, Programmable",70.0,-22.104,1,0.4
OFF-AR-10002681,"Boston Sketch Pad, Fluorescent",400.0,-22.0242,11,0.27
OFF-LA-10001803,"Avery Legal Exhibit Labels, Adjustable",91.0,-22.008,14,0.19999999999999998
OFF-EAT-10000854,"Eaton Parchment Paper, Recycled",16.0,-21.984,4,0.7
OFF-SU-10003567,Stiletto Hand Letter Openers,136.0,-21.983999999999998,17,0.15000000000000002
OFF-EN-10004473,"Ames Interoffice Envelope, with clear poly window",1320.0,-21.983999999999995,29,0.1111111111111111
TEC-MA-10004086,Plantronics Single Ear Headset,30.0,-21.945,5,0.7
FUR-CH-10003948,"Harbour Creations Swivel Stool, Set of Two",219.0,-21.936,2,0.4
OFF-AME-10001489,"Ames Manila Envelope, Set of 50",70.0,-21.828000000000003,4,0.3
FUR-BO-10002378,"Dania 3-Shelf Cabinet, Metal",1090.0,-21.796000000000006,13,0.08
OFF-SAN-10001295,"Sanford Pencil Sharpener, Water Color",650.0,-21.75599999999999,26,0.04615384615384615
FUR-CH-10002574,"Office Star Chairmat, Black",298.0,-21.686999999999998,7,0.3
TEC-CO-10000556,"HP Wireless Fax, Laser",1332.0,-21.662999999999997,4,0.075
TEC-MA-10004609,"Epson Phone, Durable",286.0,-21.642000000000003,6,0.35
OFF-BI-10002558,"Cardinal Binder Covers, Economy",184.0,-21.599999999999998,19,0.16166666666666665
OFF-FA-10000838,"Stockwell Push Pins, Assorted Sizes",201.0,-21.575400000000002,19,0.194
OFF-FA-10002481,"OIC Rubber Bands, 12 Pack",397.0,-21.51,26,0.11333333333333334
OFF-PA-10002563,"Enermax Memo Slips, Premium",351.0,-21.455999999999996,36,0.08888888888888889
FUR-FU-10002055,"Eldon Light Bulb, Black",95.0,-21.45,5,0.25
OFF-FA-10001339,"Accos Thumb Tacks, Bulk Pack",174.0,-21.4176,16,0.2425
OFF-EN-10002808,"Cameo Business Envelopes, Set of 50",98.0,-21.408,8,0.4
OFF-EN-10001768,"Kraft Clasp Envelope, with clear poly window",17.0,-21.38,5,0.6
FUR-FU-10002407,"Deflect-O Light Bulb, Duo Pack",46.0,-21.36,4,0.4
TEC-PH-10000018,"Nokia Smart Phone, Full Size",1615.0,-21.28,5,0.2
TEC-AC-10003951,"Belkin Mouse, Bluetooth",49.0,-21.228,2,0.4
FUR-CH-10000302,"Novimex Rocking Chair, Red",1680.0,-21.216000000000008,24,0.2
TEC-BEL-10000696,"Belkin Mouse, Programmable",152.0,-21.144000000000002,5,0.35
TEC-AC-10000540,"Logitech Mouse, Erganomic",33.0,-21.132,2,0.4
OFF-SU-10003701,"Stiletto Ruler, Easy Grip",242.0,-21.12,26,0.13333333333333333
FUR-FU-10003552,"Tenex Door Stop, Duo Pack",53.0,-21.12,2,0.4
TEC-AC-10003987,"Logitech Numeric Keypad, Programmable",57.0,-21.096,2,0.4
FUR-FU-10004338,"Tenex Light Bulb, Black",264.0,-21.064,34,0.35000000000000003
OFF-ST-10000107,"Eldon File Cart, Industrial",2212.0,-20.943,18,0.03333333333333333
OFF-SU-10003259,"Elite Trimmer, Easy Grip",368.0,-20.9079,13,0.3233333333333333
OFF-HAM-10002455,"Hamilton Beach Toaster, Red",311.0,-20.826,6,0.19999999999999998
OFF-FA-10003604,"Stockwell Paper Clips, Assorted Sizes",146.0,-20.7678,17,0.184
OFF-LA-10004312,"Hon File Folder Labels, Laser Printer Compatible",66.0,-20.735999999999997,15,0.20000000000000004
FUR-CH-10003535,"Global Armless Task Chair, Royal Blue",1396.0,-20.7332,28,0.175
OFF-BI-10000930,"Avery Hole Reinforcements, Clear",81.0,-20.726,43,0.2375
OFF-AP-10002344,"Hoover Microwave, Silver",701.0,-20.716,5,0.26666666666666666
OFF-LA-10003699,"Smead File Folder Labels, Adjustable",152.0,-20.658,27,0.13999999999999999
OFF-ST-10001824,"Rogers Box, Single Width",746.0,-20.639999999999997,34,0.06999999999999999
FUR-CH-10001317,"Harbour Creations Rocking Chair, Red",88.0,-20.616,1,0.4
OFF-PA-10004849,"Xerox Computer Printout Paper, Multicolor",330.0,-20.56,21,0.13333333333333333
TEC-PH-10000148,Cyber Acoustics AC-202b Speech Recognition Stereo Headset,120.0,-20.5242,11,0.16
OFF-EN-10000543,"Ames Clasp Envelope, Security-Tint",112.0,-20.52,14,0.15
OFF-BI-10001097,"Ibico 3-Hole Punch, Durable",77.0,-20.52,4,0.4
TEC-MA-10000752,Texas Instrument TI-15 Fraction Calculator,42.0,-20.519,8,0.44999999999999996
OFF-ST-10003641,Space Solutions Industrial Galvanized Steel Shelving.,520.0,-20.488,7,0.06666666666666667
OFF-AP-10004980,3M Replacement Filter for Office Air Cleaner for 20' x 33' Room,304.0,-20.476799999999997,14,0.25
OFF-AP-10001458,"KitchenAid Blender, Black",564.0,-20.408,11,0.2
OFF-FA-10004799,"Advantus Thumb Tacks, Bulk Pack",142.0,-20.385,12,0.16666666666666666
FUR-BO-10004459,"Safco 3-Shelf Cabinet, Traditional",1621.0,-20.37600000000001,18,0.20000000000000004
FUR-TA-10001600,"Lesro Coffee Table, Fully Assembled",811.0,-20.376,6,0.2
TEC-AC-10001032,"Enermax Numeric Keypad, Bluetooth",487.0,-20.295,15,0.3333333333333333
FUR-BO-10004709,"Bush Westfield Collection Bookcases, Medium Cherry Finish",1427.0,-20.293000000000006,32,0.22999999999999998
OFF-BI-10003181,"Ibico Binder Covers, Recycled",34.0,-20.256,4,0.4
OFF-PA-10003708,"Green Bar Computer Printout Paper, Premium",375.0,-20.208,20,0.05714285714285715
OFF-FA-10004243,"OIC Staples, Assorted Sizes",32.0,-20.196,6,0.4
FUR-HAR-10000870,"Harbour Creations Bag Chairs, Black",195.0,-20.193,4,0.175
FUR-ADV-10004718,"Advantus Light Bulb, Duo Pack",124.0,-20.184,9,0.27999999999999997
OFF-FA-10004878,"Stockwell Clamps, Bulk Pack",467.0,-20.172000000000004,28,0.09999999999999999
FUR-TA-10003569,Bretford CR8500 Series Meeting Room Furniture,2686.0,-20.048999999999978,9,0.225
OFF-PA-10002193,"Xerox Memo Slips, 8.5 x 11",24.0,-20.04,5,0.6
OFF-ST-10000035,"Tenex Folders, Industrial",414.0,-20.04,28,0.09999999999999999
OFF-PA-10003405,"Green Bar Memo Slips, Premium",157.0,-20.022000000000002,16,0.3725
FUR-CH-10002116,"SAFCO Rocking Chair, Black",569.0,-19.986,5,0.13333333333333333
OFF-PA-10003320,"Green Bar Parchment Paper, Recycled",40.0,-19.944,4,0.4
FUR-BO-10004238,"Ikea Corner Shelving, Pine",66.0,-19.928,2,0.6
OFF-EN-10003544,"Ames Peel and Seal, Recycled",23.0,-19.88,5,0.6
OFF-BI-10003196,Accohide Poly Flexible Ring Binders,43.0,-19.822,34,0.5375
OFF-EN-10000232,"Kraft Peel and Seal, Recycled",79.0,-19.756800000000002,6,0.32
TEC-AC-10004696,"Logitech Mouse, Programmable",37.0,-19.704,2,0.4
OFF-BI-10001982,Wilson Jones Custom Binder Spines & Labels,42.0,-19.692800000000002,22,0.6285714285714284
OFF-PA-10004379,"Enermax Computer Printout Paper, Premium",288.0,-19.683,11,0.06666666666666667
OFF-AR-10001134,"Boston Pens, Easy-Erase",150.0,-19.6785,13,0.2625
OFF-FA-10001718,"Accos Staples, Assorted Sizes",158.0,-19.638,27,0.3116666666666667
TEC-AC-10000115,"SanDisk Keyboard, USB",98.0,-19.632,2,0.4
OFF-SME-10001800,"Smead Shipping Labels, Laser Printer Compatible",12.0,-19.628999999999998,3,0.6499999999999999
FUR-BO-10004504,"Sauder 3-Shelf Cabinet, Mobile",3361.0,-19.619999999999976,37,0.15555555555555556
TEC-AC-10004396,Logitech Keyboard K120,175.0,-19.602,12,0.20000000000000004
OFF-LA-10003090,"Harbour Creations File Folder Labels, Adjustable",50.0,-19.575,11,0.25
OFF-AR-10003031,"Stanley Highlighters, Easy-Erase",232.0,-19.564,27,0.16
FUR-CH-10002126,Hon Deluxe Fabric Upholstered Stacking Chairs,1561.0,-19.5184,9,0.26666666666666666
FUR-BO-10004660,"Sauder Library with Doors, Metal",1278.0,-19.502999999999986,5,0.3
OFF-FA-10004931,"OIC Clamps, Bulk Pack",220.0,-19.472,19,0.16
OFF-BI-10003719,Large Capacity Hanging Post Binders,277.0,-19.461,22,0.45999999999999996
OFF-JIF-10003115,"Jiffy Interoffice Envelope, Recycled",14.0,-19.458,1,0.7
OFF-EN-10001647,"GlobeWeis Interoffice Envelope, Security-Tint",27.0,-19.456,2,0.6
OFF-ST-10000836,"Tenex Trays, Blue",737.0,-19.444000000000003,23,0.125
OFF-BOS-10003113,"Boston Pens, Water Color",312.0,-19.440000000000005,21,0.12
TEC-AC-10002530,"Memorex Numeric Keypad, USB",125.0,-19.392000000000003,5,0.3
OFF-AR-10004652,"Sanford Highlighters, Water Color",15.0,-19.356,3,0.6
OFF-AR-10002260,"Boston Pens, Blue",179.0,-19.3392,14,0.068
FUR-CH-10000488,"SAFCO Steel Folding Chair, Black",649.0,-19.325999999999993,11,0.35000000000000003
OFF-EN-10003416,"Jiffy Peel and Seal, with clear poly window",19.0,-19.32,3,0.6
OFF-PA-10003715,"Xerox Computer Printout Paper, Recycled",63.0,-19.3,5,0.30000000000000004
OFF-SU-10002466,"Elite Shears, Easy Grip",622.0,-19.236000000000004,23,0.125
OFF-EN-10002757,"Ames Interoffice Envelope, Security-Tint",389.0,-19.236000000000004,10,0.15
FUR-FU-10002521,"Tenex Stacking Tray, Black",328.0,-19.230000000000004,16,0.18
OFF-FA-10002084,"Accos Thumb Tacks, 12 Pack",199.0,-19.228,25,0.10000000000000002
OFF-ADV-10002549,"Advantus Rubber Bands, Assorted Sizes",123.0,-19.187999999999995,13,0.175
OFF-ENE-10000199,"Enermax Computer Printout Paper, Multicolor",39.0,-19.176,2,0.35
OFF-AR-10001195,"Stanley Canvas, Water Color",190.0,-19.08,6,0.4
OFF-ELI-10004427,"Elite Box Cutter, Serrated",82.0,-19.026000000000003,4,0.35
OFF-STO-10001142,"Stockwell Push Pins, Metal",138.0,-18.966,11,0.2333333333333333
OFF-FIS-10002949,"Fiskars Ruler, High Speed",137.0,-18.881999999999998,11,0.19999999999999998
OFF-FA-10001957,"OIC Push Pins, Bulk Pack",54.0,-18.864,6,0.4
OFF-PA-10000048,"Xerox Memo Slips, Multicolor",55.0,-18.819000000000003,5,0.225
OFF-EN-10001712,"Kraft Interoffice Envelope, Set of 50",56.0,-18.816,2,0.4
FUR-BUS-10004336,"Bush Corner Shelving, Traditional",471.0,-18.737999999999996,5,0.19999999999999998
TEC-BEL-10002106,"Belkin Memory Card, Bluetooth",1057.0,-18.70800000000001,12,0.13999999999999999
OFF-AR-10000461,"Binney & Smith Highlighters, Water Color",148.0,-18.704,14,0.16
FUR-FU-10000267,"Advantus Clock, Durable",528.0,-18.702000000000005,12,0.13333333333333333
OFF-ACC-10004364,"Accos Push Pins, Bulk Pack",65.0,-18.671999999999997,8,0.36
OFF-ENE-10000516,"Enermax Note Cards, Multicolor",59.0,-18.648,3,0.39999999999999997
OFF-FA-10000136,"Accos Paper Clips, Assorted Sizes",66.0,-18.642000000000003,7,0.3
OFF-ST-10003414,"Smead Box, Wire Frame",77.0,-18.612000000000002,11,0.2375
OFF-AP-10001018,"Hoover Toaster, Silver",101.0,-18.612,2,0.4
TEC-AC-10002458,"Logitech Mouse, Bluetooth",302.0,-18.592000000000002,19,0.24000000000000005
TEC-AC-10000598,"Belkin Flash Drive, USB",22.0,-18.56,2,0.6
OFF-FA-10000134,"Stockwell Push Pins, Assorted Sizes",16.0,-18.54,5,0.6
OFF-ROG-10003300,"Rogers Box, Wire Frame",386.0,-18.528000000000002,20,0.2375
OFF-BI-10003277,"Ibico Binder Covers, Durable",459.0,-18.525,36,0.1111111111111111
OFF-PA-10000354,"Xerox Computer Printout Paper, Multicolor",15.0,-18.52,2,0.6
OFF-FA-10001670,"Stockwell Thumb Tacks, Metal",26.0,-18.48,7,0.6
OFF-FA-10003399,"Accos Paper Clips, Metal",18.0,-18.44,5,0.6
OFF-BI-10004781,GBC Wire Binding Strips,213.0,-18.409200000000002,14,0.5
OFF-ST-10000123,"Fellowes Folders, Wire Frame",31.0,-18.396,2,0.4
OFF-PA-10000863,"Enermax Parchment Paper, Recycled",206.0,-18.36,22,0.075
OFF-AP-10000653,"Hamilton Beach Blender, Black",19.0,-18.328,1,0.6
OFF-EN-10003729,"Kraft Manila Envelope, Recycled",121.0,-18.288,8,0.4000000000000001
FUR-CH-10003114,"Harbour Creations Swivel Stool, Red",2556.0,-18.27600000000001,22,0.37142857142857144
OFF-AR-10002665,"Binney & Smith Markers, Easy-Erase",487.0,-18.258,22,0.15857142857142856
TEC-PH-10002844,Speck Products Candyshell Flip Case,189.0,-18.1948,8,0.30000000000000004
OFF-ST-10002583,Fellowes Neat Ideas Storage Cubes,481.0,-18.1888,16,0.08571428571428573
FUR-TA-10004154,"Lesro Round Table, Adjustable Height",727.0,-18.18,3,0.2
OFF-AVE-10000894,"Avery Color Coded Labels, Adjustable",81.0,-18.131999999999998,10,0.35
OFF-BI-10000172,"Ibico Index Tab, Clear",30.0,-18.108,6,0.4
OFF-AR-10000091,"BIC Markers, Fluorescent",232.0,-18.0447,11,0.21333333333333335
OFF-LA-10002630,"Novimex Legal Exhibit Labels, Laser Printer Compatible",258.0,-18.0198,31,0.245
OFF-FA-10001045,"Stockwell Staples, 12 Pack",210.0,-17.9904,25,0.1742857142857143
OFF-GLO-10000813,"GlobeWeis Mailers, Recycled",15.0,-17.94,1,0.6
OFF-AP-10002134,"KitchenAid Coffee Grinder, White",378.0,-17.925,6,0.05
OFF-FA-10000122,"Advantus Paper Clips, Assorted Sizes",27.0,-17.88,4,0.4
OFF-AR-10003321,"BIC Highlighters, Water Color",183.0,-17.864000000000004,16,0.13333333333333333
OFF-FA-10004108,"Accos Rubber Bands, 12 Pack",21.0,-17.82,5,0.6
OFF-AR-10003673,"Sanford Markers, Fluorescent",247.0,-17.7594,11,0.1175
OFF-AR-10001107,"BIC Highlighters, Water Color",27.0,-17.688,2,0.4
FUR-FU-10000669,"Eldon Stacking Tray, Duo Pack",70.0,-17.688,3,0.2
OFF-LA-10000477,"Smead Round Labels, Alphabetical",46.0,-17.6712,10,0.30666666666666664
OFF-EN-10004840,"Jiffy Clasp Envelope, Security-Tint",52.0,-17.664,8,0.4
OFF-AR-10004116,"Sanford Sketch Pad, Water Color",58.0,-17.568,2,0.4
TEC-PH-10000160,"Motorola Signal Booster, Cordless",350.0,-17.568,4,0.4
OFF-SU-10000706,"Fiskars Ruler, Steel",18.0,-17.56,5,0.6
FUR-BO-10001370,"Sauder Classic Bookcase, Mobile",1140.0,-17.54400000000001,3,0.2
OFF-BIN-10004563,"Binney & Smith Pencil Sharpener, Easy-Erase",431.0,-17.538,18,0.19
FUR-TA-10003837,Anderson Hickey Conga Table Tops & Accessories,51.0,-17.514499999999998,5,0.30000000000000004
FUR-CH-10000136,"Harbour Creations Steel Folding Chair, Set of Two",53.0,-17.392,2,0.6
OFF-LA-10003376,"Hon Shipping Labels, Adjustable",33.0,-17.388,6,0.4
OFF-HAM-10003872,"Hamilton Beach Blender, White",259.0,-17.316000000000003,6,0.3
OFF-PA-10001691,"Green Bar Note Cards, Premium",36.0,-17.292,2,0.4
FUR-HON-10000339,"Hon Bag Chairs, Set of Two",483.0,-17.28,12,0.17142857142857143
OFF-AR-10004077,"Binney & Smith Pencil Sharpener, Water Color",108.0,-17.279999999999998,8,0.3333333333333333
OFF-AP-10003758,"Hamilton Beach Blender, White",29.0,-17.244,1,0.6
OFF-AP-10002960,"Hamilton Beach Toaster, Black",256.0,-17.22,5,0.1
OFF-SU-10003191,"Stiletto Scissors, Easy Grip",30.0,-17.184,2,0.4
TEC-CO-10004481,"Canon Fax and Copier, Color",1130.0,-17.171440000000004,11,0.202
OFF-AP-10003236,"Hoover Blender, Black",25.0,-17.164,1,0.6
FUR-BO-10001746,"Dania 3-Shelf Cabinet, Pine",171.0,-17.16,2,0.4
FUR-FU-10003237,"Eldon Stacking Tray, Durable",234.0,-17.154000000000003,15,0.18
OFF-LA-10004318,"Hon Color Coded Labels, Adjustable",104.0,-17.136,17,0.16
FUR-FU-10002637,"Deflect-O Stacking Tray, Erganomic",119.0,-17.124,11,0.30000000000000004
OFF-CAM-10004338,"Cameo Interoffice Envelope, Set of 50",255.0,-17.118000000000002,9,0.15
FUR-TEN-10003879,"Tenex Light Bulb, Black",102.0,-17.118,9,0.19999999999999998
OFF-PA-10004380,"SanDisk Memo Slips, Multicolor",339.0,-17.1045,22,0.155
OFF-KLE-10001317,"Kleencut Ruler, Easy Grip",116.0,-17.034,9,0.1857142857142857
OFF-AP-10002439,Tripp Lite Isotel 8 Ultra 8 Outlet Metal Surge,824.0,-17.03280000000001,16,0.3333333333333333
TEC-AC-10003422,"Enermax Keyboard, Programmable",102.0,-17.028,2,0.4
OFF-PA-10000850,"SanDisk Parchment Paper, Multicolor",389.0,-16.979999999999997,28,0.16666666666666666
OFF-LA-10002980,"Harbour Creations Shipping Labels, Alphabetical",66.0,-16.864,12,0.26666666666666666
TEC-ENE-10000690,"Enermax Keyboard, USB",544.0,-16.845,10,0.35
OFF-FA-10000549,"Advantus Staples, Metal",168.0,-16.7748,19,0.235
OFF-PA-10002370,"Xerox Parchment Paper, Recycled",81.0,-16.7547,8,0.2233333333333333
OFF-FA-10003615,"Stockwell Staples, Assorted Sizes",99.0,-16.7328,19,0.31
OFF-LA-10004749,"Novimex Removable Labels, Adjustable",176.0,-16.727999999999998,30,0.13333333333333333
OFF-FA-10004377,"Stockwell Thumb Tacks, Metal",14.0,-16.656,4,0.6
OFF-LA-10000714,"Novimex Round Labels, 5000 Label Set",43.0,-16.64,14,0.24000000000000005
OFF-EN-10004173,"Jiffy Manila Envelope, Set of 50",35.0,-16.52,5,0.6
FUR-FU-10002553,"Electrix Incandescent Magnifying Lamp, Black",117.0,-16.4925,5,0.4
OFF-AR-10002111,"Sanford Highlighters, Easy-Erase",199.0,-16.4916,14,0.0925
OFF-FA-10003911,"Advantus Clamps, Assorted Sizes",312.0,-16.48,32,0.06666666666666668
OFF-ST-10003012,"Tenex Folders, Industrial",208.0,-16.439999999999998,12,0.26666666666666666
OFF-BI-10004632,"Avery 3-Hole Punch, Recycled",554.0,-16.369999999999997,33,0.13
TEC-AC-10000766,"SanDisk Mouse, Bluetooth",20.0,-16.368,2,0.6
OFF-ST-10002546,"Eldon Folders, Single Width",189.0,-16.356,22,0.2333333333333333
FUR-FU-10001255,"Advantus Light Bulb, Durable",196.0,-16.32,20,0.08
OFF-BI-10001819,"Cardinal Binder, Clear",14.0,-16.304,4,0.6
OFF-PA-10002328,"Eaton Memo Slips, Recycled",129.0,-16.3,17,0.1
OFF-BI-10004980,"Cardinal Hole Reinforcements, Recycled",88.0,-16.28,32,0.2
OFF-EN-10002613,"Ames Clasp Envelope, Security-Tint",68.0,-16.248,10,0.3233333333333333
FUR-FU-10000306,"Rubbermaid Clock, Duo Pack",599.0,-16.241999999999997,13,0.07500000000000001
OFF-BI-10002813,Avery Reinforcements for Hole-Punch Pages,28.0,-16.137,41,0.575
OFF-EN-10003533,"Cameo Peel and Seal, Recycled",30.0,-16.11,3,0.5
TEC-MA-10004482,"StarTech Card Printer, Red",1414.0,-16.08,10,0.09999999999999999
OFF-LA-10001830,"Hon Round Labels, Laser Printer Compatible",242.0,-16.0056,47,0.22625
OFF-SU-10004317,"Kleencut Box Cutter, Easy Grip",19.0,-15.976,2,0.6
OFF-FA-10002552,"Advantus Push Pins, Assorted Sizes",115.0,-15.968,20,0.25
OFF-FA-10003850,"Stockwell Push Pins, 12 Pack",11.0,-15.852,3,0.6
OFF-BI-10003870,"Wilson Jones Binder Covers, Economy",83.0,-15.848,14,0.35
OFF-FA-10003931,"Stockwell Clamps, Bulk Pack",53.0,-15.847999999999999,7,0.4
OFF-JIF-10000375,"Jiffy Mailers, Set of 50",245.0,-15.768,9,0.19999999999999998
OFF-SU-10002750,"Kleencut Box Cutter, Steel",41.0,-15.72,2,0.4
OFF-ST-10003411,"Eldon Trays, Wire Frame",1144.0,-15.697199999999988,29,0.16714285714285712
OFF-LA-10002486,"Novimex File Folder Labels, 5000 Label Set",31.0,-15.696,6,0.4
OFF-LA-10004398,"Hon Color Coded Labels, Alphabetical",236.0,-15.6612,20,0.11399999999999999
OFF-FA-10002308,"Accos Push Pins, Assorted Sizes",114.0,-15.645,11,0.16666666666666666
TEC-AC-10003408,"Enermax Keyboard, Programmable",1114.0,-15.634799999999991,19,0.23428571428571426
FUR-FU-10003336,"Eldon Door Stop, Erganomic",59.0,-15.624,2,0.4
OFF-FA-10000260,"Stockwell Push Pins, Metal",184.0,-15.6,15,0.16666666666666666
OFF-BI-10002827,Avery Durable Poly Binders,82.0,-15.5946,33,0.5333333333333333
FUR-FU-10001008,"Rubbermaid Light Bulb, Durable",177.0,-15.594000000000001,23,0.21666666666666667
TEC-PH-10000169,ARKON Windshield Dashboard Air Vent Car Mount Holder,218.0,-15.594000000000001,14,0.1
OFF-EAT-10004051,"Eaton Memo Slips, Recycled",60.0,-15.54,7,0.4
FUR-RUB-10003411,"Rubbermaid Stacking Tray, Erganomic",51.0,-15.519,3,0.2333333333333333
OFF-PA-10002771,"SanDisk Parchment Paper, Premium",131.0,-15.513599999999999,12,0.285
OFF-SU-10000411,"Stiletto Box Cutter, Easy Grip",406.0,-15.468000000000004,16,0.28
OFF-BI-10004442,"Wilson Jones Binder, Durable",12.0,-15.444,3,0.6
TEC-AC-10004812,"SanDisk Mouse, Erganomic",19.0,-15.416,2,0.6
TEC-EPS-10001473,"Epson Calculator, Durable",19.0,-15.378,1,0.6
OFF-LA-10001658,"Avery Round Labels, 5000 Label Set",142.0,-15.363,24,0.18999999999999997
OFF-EN-10004788,"Ames Mailers, Recycled",55.0,-15.36,6,0.6
OFF-HOO-10000335,"Hoover Microwave, White",1105.0,-15.341999999999985,5,0.2333333333333333
FUR-FU-10004497,"Tenex Door Stop, Erganomic",102.0,-15.336,4,0.4
OFF-OIC-10001921,"OIC Clamps, Assorted Sizes",62.0,-15.288,7,0.4333333333333333
FUR-BO-10001967,"Safco Corner Shelving, Mobile",1337.0,-15.276,10,0.13333333333333333
OFF-FA-10001621,"OIC Rubber Bands, Bulk Pack",323.0,-15.2649,30,0.33499999999999996
FUR-FU-10001902,"Deflect-O Stacking Tray, Durable",61.0,-15.264,4,0.4
OFF-EN-10001627,"Cameo Interoffice Envelope, with clear poly window",793.0,-15.256499999999992,18,0.16666666666666666
FUR-CH-10001191,"Hon Bag Chairs, Adjustable",57.0,-15.252,2,0.4
TEC-MA-10001296,"Epson Calculator, White",62.0,-15.251999999999999,2,0.3
OFF-HAR-10004011,"Harbour Creations File Folder Labels, Alphabetical",90.0,-15.24,14,0.12
OFF-SAN-10004633,"SanDisk Message Books, Multicolor",90.0,-15.222000000000001,5,0.175
TEC-CO-10003589,"HP Fax Machine, Digital",2022.0,-15.194999999999993,8,0.14666666666666667
OFF-AR-10002583,"BIC Markers, Fluorescent",410.0,-15.188000000000002,25,0.1
TEC-AC-10002749,"Enermax Mouse, USB",238.0,-15.119999999999997,12,0.2
OFF-EN-10002226,"Jiffy Clasp Envelope, Recycled",45.0,-15.100000000000001,13,0.24000000000000005
OFF-PA-10004640,"Eaton Message Books, Multicolor",53.0,-15.024,4,0.4
FUR-FU-10000546,"Eldon Door Stop, Erganomic",26.0,-14.984,2,0.6
TEC-PH-10002042,"Cisco Audio Dock, Full Size",1679.0,-14.972400000000007,11,0.17333333333333334
OFF-SU-10004780,"Fiskars Box Cutter, Steel",242.0,-14.928,12,0.08
OFF-EN-10001044,"Kraft Manila Envelope, Set of 50",32.0,-14.892,2,0.4
OFF-PA-10004673,"Xerox Message Books, Multicolor",26.0,-14.844,2,0.4
OFF-FA-10001111,"Advantus Rubber Bands, 12 Pack",13.0,-14.784,2,0.6
OFF-AP-10003007,"Breville Toaster, Red",485.0,-14.782800000000002,7,0.085
OFF-BI-10001843,"Wilson Jones Index Tab, Durable",48.0,-14.700000000000001,8,0.16666666666666666
OFF-FA-10001521,"Stockwell Thumb Tacks, Assorted Sizes",83.0,-14.671800000000001,11,0.255
TEC-PH-10004522,Dexim XPower Skin Super-Thin Power Case for iPhone 5 - Black,468.0,-14.622499999999999,11,0.20000000000000004
TEC-CO-10004664,"Hewlett Personal Copier, Color",124.0,-14.5965,1,0.15
OFF-JIF-10000890,"Jiffy Peel and Seal, Security-Tint",85.0,-14.592000000000002,5,0.19999999999999998
FUR-FU-10001254,"Deflect-O Light Bulb, Black",46.0,-14.544,4,0.4
OFF-SU-10001412,"Fiskars Scissors, High Speed",12.0,-14.528,2,0.6
OFF-LA-10003678,"Hon Round Labels, 5000 Label Set",91.0,-14.4525,15,0.18333333333333335
OFF-BI-10004146,"Acco Binding Machine, Recycled",27.0,-14.44,2,0.6
OFF-BI-10003694,"Avery 3 1/2"" Diskette Storage Pages, 10/Pack",137.0,-14.407200000000005,27,0.3833333333333333
OFF-PA-10002671,"Enermax Memo Slips, 8.5 x 11",48.0,-14.4,9,0.6
OFF-PA-10004968,"Enermax Computer Printout Paper, Multicolor",259.0,-14.3568,12,0.28
OFF-PA-10000036,"Green Bar Note Cards, Multicolor",95.0,-14.336,7,0.4
TEC-BRO-10000773,"Brother Personal Copier, High-Speed",536.0,-14.208000000000002,5,0.19999999999999998
OFF-BOS-10000557,"Boston Pens, Easy-Erase",326.0,-14.175,35,0.33749999999999997
OFF-SU-10000198,"Fiskars Scissors, Steel",123.0,-14.172,11,0.2
OFF-LA-10000436,"Novimex File Folder Labels, 5000 Label Set",95.0,-14.159999999999998,14,0.2333333333333333
OFF-BI-10000115,"Acco Hole Reinforcements, Clear",236.0,-14.159999999999997,43,0.041666666666666664
TEC-CIS-10000436,"Cisco Speaker Phone, with Caller ID",1980.0,-14.135999999999996,15,0.09999999999999999
OFF-FA-10000401,"Advantus Paper Clips, Metal",104.0,-14.128,14,0.13333333333333333
OFF-EAT-10001137,"Eaton Parchment Paper, 8.5 x 11",29.0,-14.124,3,0.35
OFF-ACC-10004278,"Accos Paper Clips, Bulk Pack",12.0,-14.076,3,0.6999999999999998
OFF-ADV-10000425,"Advantus Clamps, Metal",18.0,-14.030999999999999,3,0.7
OFF-PA-10003550,"Eaton Cards & Envelopes, Recycled",1405.0,-14.026499999999999,37,0.225
OFF-BI-10002607,"Ibico Binder Covers, Clear",17.0,-14.02,5,0.6
OFF-SU-10002379,"Fiskars Letter Opener, High Speed",642.0,-13.995000000000001,25,0.08333333333333333
FUR-ELD-10003843,"Eldon Photo Frame, Black",81.0,-13.985999999999999,2,0.3
OFF-SU-10004299,"Stiletto Trimmer, High Speed",620.0,-13.96499999999999,19,0.125
OFF-HAR-10001948,"Harbour Creations File Folder Labels, Adjustable",37.0,-13.935,8,0.475
OFF-BI-10001525,"Acco Pressboard Covers with Storage Hooks, 14 7/8"" x 11"", Executive Red",65.0,-13.906500000000001,37,0.5625
OFF-BI-10004868,"Wilson Jones Hole Reinforcements, Durable",260.0,-13.850999999999999,47,0.0825
TEC-BEL-10002153,"Belkin Flash Drive, Bluetooth",13.0,-13.848,1,0.7
OFF-FA-10000091,"Stockwell Push Pins, Metal",126.0,-13.84,15,0.2
TEC-APP-10004464,"Apple Signal Booster, VoIP",602.0,-13.794000000000006,5,0.15
OFF-LA-10004795,"Novimex Shipping Labels, Alphabetical",72.0,-13.788,10,0.3466666666666667
OFF-LA-10000633,"Novimex File Folder Labels, Laser Printer Compatible",115.0,-13.76,24,0.13333333333333333
OFF-HAR-10001913,"Harbour Creations Legal Exhibit Labels, Laser Printer Compatible",141.0,-13.739999999999998,18,0.21666666666666665
OFF-LA-10002272,"Smead File Folder Labels, Alphabetical",201.0,-13.734000000000002,27,0.16285714285714284
OFF-AR-10000468,"BIC Pens, Blue",165.0,-13.712,19,0.10000000000000002
OFF-SU-10002993,"Fiskars Trimmer, High Speed",221.0,-13.680000000000003,9,0.13333333333333333
TEC-AC-10004853,"Logitech Memory Card, Programmable",1833.0,-13.655999999999988,29,0.15
OFF-LA-10003285,"Avery Removable Labels, Adjustable",116.0,-13.648,25,0.17142857142857146
OFF-ST-10004326,"Rogers Box, Single Width",32.0,-13.6,5,0.6
OFF-EN-10003392,"Kraft Peel and Seal, Set of 50",272.0,-13.592999999999996,17,0.12
OFF-EN-10001991,"Kraft Clasp Envelope, Set of 50",113.0,-13.5,14,0.2
OFF-BI-10004140,Avery Non-Stick Binders,76.0,-13.469999999999999,36,0.46153846153846156
TEC-PH-10000458,"Nokia Office Telephone, Full Size",584.0,-13.463999999999999,12,0.3
OFF-FA-10001175,"OIC Staples, Bulk Pack",76.0,-13.439999999999998,14,0.26666666666666666
OFF-AR-10002419,"Sanford Markers, Fluorescent",13.0,-13.408,2,0.6
TEC-AC-10000342,"Logitech Numeric Keypad, Programmable",38.0,-13.404,3,0.6
TEC-PH-10003092,Motorola L804,608.0,-13.337100000000007,19,0.26666666666666666
OFF-BI-10000285,XtraLife ClearVue Slant-D Ring Binders by Cardinal,73.0,-13.328,22,0.5
OFF-BI-10001049,"Ibico Index Tab, Clear",21.0,-13.296,4,0.4
OFF-BI-10002414,GBC ProClick Spines for 32-Hole Punch,67.0,-13.2818,12,0.44000000000000006
OFF-LA-10001312,"Hon File Folder Labels, Laser Printer Compatible",136.0,-13.2768,22,0.24833333333333332
OFF-PA-10001115,"SanDisk Parchment Paper, Multicolor",43.0,-13.212,9,0.6
OFF-LA-10004020,"Hon Color Coded Labels, 5000 Label Set",93.0,-13.2,8,0.16666666666666666
TEC-PH-10004618,"Motorola Speaker Phone, VoIP",2650.0,-13.151999999999987,25,0.1142857142857143
OFF-EN-10003854,"Jiffy Clasp Envelope, Security-Tint",33.0,-13.14,5,0.25
OFF-PA-10003527,"Xerox Memo Slips, 8.5 x 11",21.0,-13.116,2,0.4
FUR-FU-10004960,"Deflect-O Photo Frame, Durable",405.0,-13.112000000000002,16,0.24000000000000005
FUR-FU-10003608,"Tenex Light Bulb, Erganomic",416.0,-13.065000000000001,26,0.07500000000000001
OFF-OIC-10002266,"OIC Staples, 12 Pack",28.0,-13.038,4,0.4666666666666666
OFF-EN-10004775,"Kraft Manila Envelope, Set of 50",247.0,-13.023,11,0.12
OFF-FA-10003015,"Accos Staples, Metal",20.0,-13.014,3,0.4
TEC-SAN-10001899,"SanDisk Keyboard, Erganomic",1230.0,-13.00500000000001,18,0.19
TEC-CO-10000344,"Hewlett Copy Machine, Color",940.0,-12.97211999999999,7,0.13533333333333333
OFF-AR-10001338,"Boston Canvas, Easy-Erase",43.0,-12.972,3,0.6
OFF-EN-10003176,"Cameo Manila Envelope, Set of 50",130.0,-12.96,8,0.4
OFF-NOV-10000986,"Novimex File Folder Labels, Adjustable",12.0,-12.915,5,0.6499999999999999
OFF-AR-10000120,"BIC Canvas, Fluorescent",577.0,-12.909600000000005,16,0.3025
OFF-SU-10004498,Martin-Yale Premier Letter Opener,238.0,-12.88,20,0.08571428571428573
TEC-PH-10000070,"Nokia Headset, with Caller ID",1854.0,-12.81150000000001,29,0.15833333333333335
OFF-AP-10004756,"Hamilton Beach Toaster, Red",374.0,-12.795000000000002,7,0.06666666666666667
OFF-ST-10000563,Fellowes Bankers Box Stor/Drawer Steel Plus,1426.0,-12.792,50,0.10000000000000002
FUR-FU-10002784,"Advantus Photo Frame, Duo Pack",42.0,-12.768,3,0.6
FUR-BO-10002206,"Bush Saratoga Collection 5-Shelf Bookcase, Hanover Cherry, *Special Order",120.0,-12.6882,1,0.15
OFF-LA-10004234,"Smead File Folder Labels, 5000 Label Set",32.0,-12.674700000000001,5,0.285
OFF-ST-10001799,"Fellowes Box, Single Width",24.0,-12.648,2,0.4
OFF-ENE-10002038,"Enermax Message Books, Premium",9.0,-12.6,1,0.6
OFF-AR-10002094,"Boston Pencil Sharpener, Water Color",825.0,-12.594000000000008,33,0.15454545454545454
OFF-LA-10003215,"Smead File Folder Labels, Laser Printer Compatible",49.0,-12.5532,9,0.34
OFF-HAR-10003043,"Harbour Creations Shipping Labels, 5000 Label Set",61.0,-12.54,8,0.35
TEC-AC-10001226,"Enermax Mouse, Programmable",865.0,-12.537,21,0.016666666666666666
OFF-FA-10003542,"Stockwell Staples, Bulk Pack",14.0,-12.52,5,0.6
TEC-AC-10004715,"Memorex Mouse, Erganomic",21.0,-12.516,3,0.6
TEC-AC-10003611,"Memorex Mouse, USB",287.0,-12.492,13,0.19999999999999998
OFF-BI-10002194,Cardinal Hold-It CD Pocket,38.0,-12.4488,12,0.5
TEC-PH-10003652,"Motorola Headset, Cordless",842.0,-12.4479,11,0.09000000000000001
OFF-BI-10001679,GBC Instant Index System for Binding Systems,72.0,-12.432,19,0.48
FUR-BO-10002008,"Bush Stackable Bookrack, Traditional",328.0,-12.379999999999999,5,0.20000000000000004
OFF-SU-10002323,"Elite Shears, Steel",918.0,-12.376,30,0.044444444444444446
OFF-AR-10001525,"Stanley Highlighters, Blue",172.0,-12.347999999999999,18,0.302
OFF-ST-10002122,"Smead Box, Industrial",210.0,-12.3,32,0.08571428571428573
FUR-BO-10002853,O'Sullivan 5-Shelf Heavy-Duty Bookcases,541.0,-12.290999999999997,9,0.175
FUR-TA-10004832,"Hon Conference Table, with Bottom Storage",983.0,-12.288,2,0.2
TEC-EPS-10001129,"Epson Inkjet, White",427.0,-12.221999999999994,2,0.3
OFF-ST-10004046,"Fellowes Box, Single Width",543.0,-12.204,30,0.07777777777777778
TEC-MA-10000379,"Okidata Phone, Wireless",104.0,-12.18,2,0.4
FUR-FU-10002930,"Eldon Door Stop, Duo Pack",181.0,-12.168,6,0.4
TEC-MA-10003349,"Panasonic Calculator, Wireless",161.0,-12.144000000000002,4,0.2
FUR-TA-10001520,"Lesro Sheffield Collection Coffee Table, End Table, Center Table, Corner Table",2298.0,-12.132900000000014,39,0.17777777777777778
OFF-PA-10001944,"SanDisk Computer Printout Paper, Premium",345.0,-12.087599999999998,13,0.16749999999999998
TEC-MA-10002242,"StarTech Calculator, Durable",108.0,-12.024,3,0.1
TEC-AC-10001314,Case Logic 2.4GHz Wireless Keyboard,1230.0,-11.997600000000006,27,0.07500000000000001
TEC-PH-10002583,iOttie HLCRIO102 Car Mount,216.0,-11.994,12,0.16
TEC-AC-10004102,"SanDisk Mouse, USB",19.0,-11.97,1,0.5
OFF-FA-10002025,"Stockwell Clamps, Bulk Pack",23.0,-11.964,2,0.4
TEC-PH-10004774,Gear Head AU3700S Headset,190.0,-11.950800000000001,16,0.06666666666666667
OFF-AR-10002847,"Stanley Pens, Water Color",136.0,-11.931000000000001,13,0.21666666666666667
OFF-BI-10000343,"Pressboard Covers with Storage Hooks, 9 1/2"" x 11"", Light Blue",103.0,-11.882200000000001,44,0.45
OFF-AR-10001922,"Sanford Pens, Blue",133.0,-11.831999999999999,16,0.22800000000000004
OFF-PA-10001409,"Green Bar Memo Slips, Multicolor",15.0,-11.772,3,0.6
OFF-SU-10001343,"Elite Scissors, High Speed",68.0,-11.729999999999999,4,0.25
OFF-BI-10002859,"Acco Binder, Clear",19.0,-11.72,5,0.6
OFF-FA-10002992,"Advantus Clamps, Assorted Sizes",9.0,-11.632,2,0.6
OFF-SU-10001840,"Stiletto Box Cutter, High Speed",43.0,-11.556,2,0.4
OFF-AR-10003157,"Sanford Highlighters, Easy-Erase",19.0,-11.556,2,0.4
FUR-FU-10004778,"Deflect-O Light Bulb, Duo Pack",290.0,-11.538000000000002,18,0.148
OFF-PA-10000915,"Eaton Note Cards, 8.5 x 11",172.0,-11.491999999999999,12,0.20000000000000004
TEC-CO-10001954,"Brother Wireless Fax, Laser",1284.0,-11.474099999999993,6,0.41333333333333333
OFF-SU-10002412,"Stiletto Letter Opener, Steel",27.0,-11.408,4,0.6
OFF-EN-10004305,"Jiffy Manila Envelope, Security-Tint",34.0,-11.388,2,0.4
OFF-ST-10000884,"Smead Folders, Blue",84.0,-11.328,8,0.4
OFF-AP-10001776,"Hamilton Beach Microwave, White",1572.0,-11.280000000000001,6,0.07500000000000001
OFF-BIC-10000041,"BIC Markers, Blue",222.0,-11.268,9,0.12
OFF-BI-10004817,GBC Personal VeloBind Strips,159.0,-11.261199999999999,27,0.42857142857142855
OFF-HAR-10000495,"Harbour Creations Shipping Labels, Adjustable",90.0,-11.232,11,0.15
FUR-FU-10001546,Dana Swing-Arm Lamps,110.0,-11.213999999999999,15,0.34285714285714286
OFF-BI-10000631,"Wilson Jones 3-Hole Punch, Economy",7.0,-11.196,1,0.6
OFF-BI-10000280,"Ibico Hole Reinforcements, Economy",231.0,-11.184,52,0.04
OFF-SU-10001133,"Acme Box Cutter, Steel",432.0,-11.159999999999997,21,0.1142857142857143
OFF-OIC-10004253,"OIC Rubber Bands, Bulk Pack",39.0,-11.139,5,0.5
TEC-SAN-10002684,"SanDisk Flash Drive, USB",296.0,-11.130000000000003,8,0.09999999999999999
FUR-OFF-10001798,"Office Star Steel Folding Chair, Red",313.0,-11.105999999999995,4,0.15
OFF-BI-10000188,"Cardinal Hole Reinforcements, Economy",147.0,-11.064,46,0.1285714285714286
OFF-EN-10003507,"Kraft Business Envelopes, Recycled",352.0,-11.02,31,0.14285714285714285
TEC-MA-10002226,"Epson Phone, Red",258.0,-11.003999999999998,4,0.175
OFF-FA-10003716,"OIC Rubber Bands, Metal",108.0,-10.983,7,0.10000000000000002
OFF-SU-10002423,"Acme Shears, Steel",336.0,-10.943999999999999,13,0.2
OFF-FA-10004516,"Stockwell Push Pins, Bulk Pack",55.0,-10.936,7,0.13333333333333333
OFF-EN-10001940,"Cameo Peel and Seal, Security-Tint",137.0,-10.92,10,0.2
TEC-PH-10004080,Avaya 5410 Digital phone,625.0,-10.878400000000003,13,0.30000000000000004
OFF-AP-10000900,"Cuisinart Coffee Grinder, White",263.0,-10.8375,8,0.085
OFF-AP-10004168,"Cuisinart Stove, White",445.0,-10.7331,1,0.17
OFF-AR-10001571,"Stanley Pens, Blue",11.0,-10.72,4,0.6
FUR-DEF-10000384,"Deflect-O Door Stop, Black",370.0,-10.709999999999999,9,0.09999999999999999
OFF-ST-10003393,"Smead Box, Wire Frame",24.0,-10.704,4,0.4
OFF-AR-10001696,"Binney & Smith Pens, Water Color",20.0,-10.64,5,0.6
OFF-PA-10001516,"Xerox Note Cards, Recycled",324.0,-10.631999999999998,25,0.225
OFF-BOS-10002041,"Boston Highlighters, Water Color",62.0,-10.62,4,0.19999999999999998
OFF-LA-10004543,"Novimex Shipping Labels, Adjustable",7.0,-10.536,3,0.6
OFF-SME-10001652,"Smead Trays, Wire Frame",1065.0,-10.5,26,0.06666666666666667
FUR-FU-10001557,"Advantus Clock, Duo Pack",1171.0,-10.492500000000001,27,0.08333333333333333
TEC-AC-10001608,"Memorex Flash Drive, USB",78.0,-10.4835,5,0.47
OFF-FA-10001832,"Accos Rubber Bands, Metal",13.0,-10.44,3,0.6
OFF-EN-10004030,"Kraft Mailers, Security-Tint",32.0,-10.44,3,0.6
OFF-AP-10004868,Hoover Commercial Soft Guard Upright Vacuum And Disposable Filtration Bags,92.0,-10.4118,18,0.25
OFF-STO-10001239,"Stockwell Clamps, Metal",139.0,-10.392000000000001,8,0.11666666666666665
OFF-LA-10001038,"Smead Legal Exhibit Labels, Laser Printer Compatible",197.0,-10.360000000000001,28,0.10000000000000002
OFF-FA-10001883,"Alliance Super-Size Bands, Assorted Sizes",197.0,-10.3474,27,0.05
TEC-AC-10001013,"SanDisk Mouse, USB",216.0,-10.288,10,0.2
OFF-AME-10002949,"Ames Clasp Envelope, with clear poly window",122.0,-10.284,14,0.1857142857142857
TEC-AC-10003964,"SanDisk Flash Drive, USB",538.0,-10.28,21,0.05
OFF-AR-10002811,"Stanley Pens, Water Color",7.0,-10.264,2,0.6
TEC-AC-10002607,"Enermax Mouse, USB",11.0,-10.26,1,0.6
OFF-AR-10003249,"Sanford Canvas, Easy-Erase",61.0,-10.212,2,0.4
OFF-LA-10002523,"Smead Removable Labels, Laser Printer Compatible",43.0,-10.206,7,0.4
OFF-BI-10001757,Pressboard Hanging Data Binders for Unburst Sheets,114.0,-10.135200000000001,48,0.43999999999999995
TEC-CO-10004125,"Sharp Ink, Laser",722.0,-10.122,6,0.03333333333333333
OFF-LA-10003955,"Avery Shipping Labels, 5000 Label Set",299.0,-10.111999999999998,40,0.05
TEC-AC-10001075,"Belkin Keyboard, USB",202.0,-10.104,4,0.4
OFF-AME-10002081,"Ames Peel and Seal, Security-Tint",193.0,-10.092000000000002,14,0.3333333333333333
TEC-PH-10000307,Shocksock Galaxy S4 Armband,64.0,-10.074,7,0.13333333333333333
OFF-SU-10001442,"Acme Scissors, Steel",290.0,-10.074,14,0.188
OFF-BI-10001279,"Wilson Jones 3-Hole Punch, Durable",24.0,-10.068,3,0.6
OFF-AVE-10004312,"Avery Index Tab, Clear",135.0,-10.065,24,0.19
FUR-DAN-10001340,"Dania Corner Shelving, Mobile",698.0,-10.056000000000012,8,0.15
OFF-AP-10000540,"Hamilton Beach Refrigerator, Red",900.0,-10.026,2,0.1
OFF-BI-10004436,"Acco Hole Reinforcements, Recycled",135.0,-9.9756,21,0.0775
OFF-LA-10003717,"Harbour Creations Legal Exhibit Labels, 5000 Label Set",58.0,-9.943999999999999,10,0.2
FUR-BO-10004409,"Safco Value Mate Series Steel Bookcases, Baked Enamel Finish on Steel, Gray",858.0,-9.937200000000004,17,0.245
OFF-KRA-10000534,"Kraft Interoffice Envelope, Security-Tint",212.0,-9.924,5,0.175
OFF-FA-10002531,"Advantus Paper Clips, Bulk Pack",14.0,-9.87,2,0.5
OFF-BI-10002792,"Ibico Index Tab, Durable",94.0,-9.846,15,0.298
OFF-EN-10002002,"Cameo Peel and Seal, Security-Tint",28.0,-9.84,2,0.4
OFF-BI-10003090,"Avery Binder Covers, Clear",26.0,-9.768,4,0.4
OFF-HAR-10002914,"Harbour Creations Shipping Labels, Laser Printer Compatible",34.0,-9.719999999999999,6,0.39999999999999997
OFF-SU-10001868,"Elite Box Cutter, Steel",256.0,-9.688,14,0.13333333333333333
FUR-TEN-10000325,"Tenex Light Bulb, Erganomic",41.0,-9.675,3,0.2333333333333333
OFF-LA-10002183,"Novimex Legal Exhibit Labels, Alphabetical",108.0,-9.612,20,0.2
OFF-BI-10004448,"Ibico Binder, Clear",510.0,-9.600000000000003,38,0.05
FUR-FU-10004907,"Advantus Light Bulb, Durable",41.0,-9.6,4,0.4
OFF-PA-10000824,"Enermax Computer Printout Paper, Multicolor",36.0,-9.564,2,0.4
FUR-ADV-10002329,"Advantus Light Bulb, Erganomic",7.0,-9.534,1,0.6
FUR-FU-10002699,"Eldon Photo Frame, Erganomic",842.0,-9.526800000000005,20,0.21571428571428572
OFF-ADV-10000551,"Advantus Thumb Tacks, Bulk Pack",140.0,-9.513,11,0.175
OFF-LA-10003898,"Hon Removable Labels, 5000 Label Set",8.0,-9.492,3,0.6
OFF-PA-10002488,"Xerox Message Books, Multicolor",134.0,-9.456,12,0.2
OFF-FA-10000099,"Stockwell Paper Clips, Metal",122.0,-9.456,15,0.19999999999999998
OFF-XER-10003104,"Xerox Memo Slips, Recycled",36.0,-9.432,4,0.4333333333333333
FUR-TA-10002797,"Chromcraft Round Table, Adjustable Height",1117.0,-9.409799999999997,4,0.44
OFF-LA-10002020,"Novimex Color Coded Labels, 5000 Label Set",277.0,-9.405899999999999,29,0.24833333333333332
OFF-NOV-10004048,"Novimex Legal Exhibit Labels, 5000 Label Set",67.0,-9.354,8,0.25999999999999995
OFF-ST-10003121,"Rogers Box, Industrial",391.0,-9.347999999999999,19,0.10333333333333335
OFF-EN-10000726,"Jiffy Clasp Envelope, Set of 50",42.0,-9.3096,9,0.47
OFF-AP-10001564,Hoover Commercial Lightweight Upright Vacuum with E-Z Empty Dirt Cup,1023.0,-9.303200000000004,6,0.26666666666666666
TEC-AC-10000483,"SanDisk Memory Card, Bluetooth",2609.0,-9.288000000000004,24,0.025
OFF-BI-10004330,"GBC Velobind Prepunched Cover Sets, Regency Series",662.0,-9.245000000000005,33,0.41428571428571426
FUR-CH-10000391,"Novimex Bag Chairs, Red",1218.0,-9.219599999999996,29,0.09
OFF-KRA-10002828,"Kraft Peel and Seal, Security-Tint",87.0,-9.168,5,0.19999999999999998
OFF-KLE-10001381,"Kleencut Scissors, Easy Grip",10.0,-9.096,1,0.6
FUR-BO-10004824,"Safco Stackable Bookrack, Traditional",1113.0,-9.090000000000003,9,0.175
TEC-AC-10002852,"Belkin Memory Card, Erganomic",423.0,-9.088799999999999,6,0.3233333333333333
OFF-AR-10004818,"Boston Markers, Easy-Erase",374.0,-9.039999999999997,25,0.12000000000000002
TEC-MA-10004975,"Konica Calculator, White",30.0,-9.036,1,0.4
OFF-SU-10004904,"Fiskars Scissors, Serrated",116.0,-9.008000000000001,12,0.1
OFF-PA-10000924,"Green Bar Message Books, Multicolor",322.0,-8.988,14,0.0425
FUR-BO-10003078,"Safco Corner Shelving, Traditional",269.0,-8.982000000000001,3,0.4
TEC-APP-10001340,"Apple Headset, VoIP",748.0,-8.910000000000004,12,0.24
OFF-FA-10001072,"Advantus Clamps, 12 Pack",185.0,-8.899200000000002,14,0.2925
TEC-PH-10001095,"Nokia Headset, with Caller ID",790.0,-8.892000000000003,18,0.16666666666666666
OFF-LA-10001672,"Avery Legal Exhibit Labels, Alphabetical",385.0,-8.803199999999999,40,0.1925
OFF-AR-10002415,"Stanley Markers, Easy-Erase",40.0,-8.784,3,0.4
FUR-BO-10004507,"Ikea Corner Shelving, Metal",995.0,-8.727600000000006,9,0.14666666666666667
OFF-AR-10002060,"Stanley Pens, Fluorescent",29.0,-8.6988,4,0.37
OFF-PA-10001370,"SanDisk Parchment Paper, 8.5 x 11",179.0,-8.698500000000003,10,0.15666666666666665
OFF-JIF-10002621,"Jiffy Business Envelopes, Security-Tint",187.0,-8.658000000000001,13,0.25999999999999995
OFF-FA-10000697,"Advantus Rubber Bands, 12 Pack",266.0,-8.6262,20,0.245
FUR-FU-10000944,"Advantus Light Bulb, Black",11.0,-8.576,2,0.6
OFF-BI-10001116,"Wilson Jones 1"" Hanging DublLock Ring Binders",116.0,-8.5536,46,0.5
FUR-BO-10003966,"Sauder Facets Collection Library, Sky Alder Finish",1428.0,-8.548999999999996,10,0.15
OFF-ACM-10000570,"Acme Letter Opener, High Speed",159.0,-8.547,6,0.13999999999999999
OFF-FA-10003266,"Stockwell Clamps, Assorted Sizes",39.0,-8.544,4,0.4
TEC-PH-10001284,"Apple Smart Phone, Cordless",509.0,-8.52,2,0.4
OFF-LA-10001246,"Avery Removable Labels, Alphabetical",26.0,-8.496,4,0.4
FUR-FU-10000640,"Tenex Light Bulb, Duo Pack",15.0,-8.388,3,0.6
OFF-AVE-10004512,"Avery Hole Reinforcements, Economy",242.0,-8.379,57,0.07647058823529411
OFF-FA-10001651,"Stockwell Thumb Tacks, Bulk Pack",81.0,-8.3235,9,0.2833333333333334
OFF-AR-10003253,"Boston Pencil Sharpener, Water Color",70.0,-8.232,4,0.4
OFF-AP-10003774,"Hoover Coffee Grinder, Black",55.0,-8.224,2,0.4
OFF-ENE-10004866,"Enermax Parchment Paper, 8.5 x 11",6.0,-8.211,1,0.7
OFF-LA-10004964,"Smead Shipping Labels, Adjustable",10.0,-8.19,2,0.5
OFF-LA-10000927,"Hon Shipping Labels, Adjustable",7.0,-8.184,3,0.6
OFF-CAM-10001761,"Cameo Clasp Envelope, Security-Tint",66.0,-8.166,8,0.3333333333333333
OFF-PA-10000206,"Green Bar Message Books, Recycled",28.0,-8.1,2,0.4
OFF-AR-10000125,"Boston Pens, Fluorescent",19.0,-8.064,2,0.4
OFF-LA-10000495,"Hon Round Labels, Laser Printer Compatible",18.0,-8.04,10,0.6
OFF-SU-10002342,"Kleencut Scissors, Steel",379.0,-8.025000000000002,19,0.125
OFF-AR-10000185,"Stanley Pens, Water Color",131.0,-8.024,16,0.1
OFF-LA-10004166,"Avery Legal Exhibit Labels, 5000 Label Set",19.0,-7.992,4,0.6
OFF-FA-10003050,"Stockwell Paper Clips, Metal",140.0,-7.9559999999999995,12,0.10000000000000002
TEC-AC-10004939,"Memorex Mouse, Bluetooth",290.0,-7.947999999999999,17,0.2
OFF-GLO-10001688,"GlobeWeis Manila Envelope, Recycled",57.0,-7.932,5,0.35
OFF-SU-10002547,"Acme Ruler, Steel",221.0,-7.927500000000002,16,0.1625
FUR-CH-10002417,"Hon Rocking Chair, Red",470.0,-7.848,6,0.4
OFF-AP-10002226,"Hoover Blender, Black",711.0,-7.824000000000002,8,0.09000000000000001
TEC-SAN-10004999,"SanDisk Flash Drive, Programmable",16.0,-7.824,1,0.6
OFF-SU-10000432,Acco Side-Punched Conventional Columnar Pads,43.0,-7.8075,15,0.2
OFF-FA-10004781,"Stockwell Thumb Tacks, Metal",131.0,-7.768,18,0.16666666666666666
OFF-EN-10003272,"Jiffy Clasp Envelope, Recycled",6.0,-7.764,3,0.6
OFF-LA-10003973,"Hon Removable Labels, Laser Printer Compatible",273.0,-7.747199999999999,34,0.17833333333333332
OFF-EN-10001727,"Jiffy Business Envelopes, Recycled",18.0,-7.728,2,0.4
TEC-MA-10002898,"StarTech Printer, Durable",577.0,-7.7175,3,0.25
OFF-ST-10002486,Eldon Shelf Savers Cubes and Bins,301.0,-7.678,45,0.05
TEC-STA-10000008,"StarTech Calculator, Wireless",632.0,-7.662000000000003,17,0.12
FUR-FU-10003717,"Deflect-O Light Bulb, Black",30.0,-7.656,6,0.6
TEC-CO-10002040,"Hewlett Fax and Copier, High-Speed",229.0,-7.656,2,0.4
OFF-FA-10003994,"Stockwell Paper Clips, Metal",137.0,-7.624000000000001,17,0.1
FUR-FU-10001756,"Eldon Expressions Desk Accessory, Wood Photo Frame, Mahogany",263.0,-7.616000000000003,20,0.3
FUR-FU-10001317,"Eldon Photo Frame, Erganomic",325.0,-7.608000000000004,11,0.16
FUR-ELD-10000605,"Eldon Stacking Tray, Duo Pack",77.0,-7.596000000000002,3,0.19999999999999998
OFF-BOS-10001576,"Boston Pencil Sharpener, Fluorescent",268.0,-7.560000000000002,11,0.36
OFF-SME-10000880,"Smead Box, Blue",91.0,-7.539,9,0.09999999999999999
OFF-BI-10004470,"Wilson Jones Index Tab, Durable",207.0,-7.5200000000000005,52,0.24000000000000005
OFF-SU-10003739,"Elite Scissors, Easy Grip",352.0,-7.519999999999996,25,0.13333333333333333
OFF-STI-10001136,"Stiletto Letter Opener, Easy Grip",114.0,-7.5,5,0.19999999999999998
TEC-AC-10001835,"Belkin Mouse, Programmable",900.0,-7.488599999999998,25,0.17375
OFF-ST-10004180,Safco Commercial Shelving,484.0,-7.4416,11,0.08
OFF-AP-10002239,"Hoover Toaster, White",327.0,-7.4178,6,0.335
OFF-LA-10004137,"Harbour Creations Legal Exhibit Labels, Laser Printer Compatible",39.0,-7.38,6,0.4
OFF-FIS-10004067,"Fiskars Ruler, Steel",86.0,-7.373999999999999,8,0.3
OFF-EN-10003071,"Kraft Clasp Envelope, Security-Tint",46.0,-7.359999999999999,8,0.25
TEC-MA-10001527,"Panasonic Calculator, White",202.0,-7.3365,5,0.17
OFF-BI-10000707,"Wilson Jones 3-Hole Punch, Economy",17.0,-7.296,1,0.4
OFF-EN-10001680,"Jiffy Clasp Envelope, with clear poly window",97.0,-7.260000000000001,13,0.3466666666666667
OFF-GLO-10004430,"GlobeWeis Business Envelopes, Recycled",146.0,-7.146000000000003,17,0.25999999999999995
OFF-SME-10000950,"Smead Color Coded Labels, 5000 Label Set",4.0,-7.128,1,0.7
OFF-AR-10002564,"Boston Pens, Easy-Erase",143.0,-7.112,16,0.05714285714285715
OFF-BI-10001808,"Ibico Index Tab, Clear",236.0,-7.0905000000000005,28,0.07714285714285715
OFF-AP-10002403,Acco Smartsocket Color-Coded Six-Outlet AC Adapter Model Surge Protectors,448.0,-7.041599999999995,14,0.30000000000000004
OFF-AR-10000205,"BIC Canvas, Easy-Erase",32.0,-7.038,1,0.4
OFF-BI-10002609,Avery Hidden Tab Dividers for Binding Systems,32.0,-7.032800000000001,24,0.6142857142857142
OFF-PA-10000872,"Xerox Parchment Paper, Multicolor",217.0,-7.004,26,0.17142857142857146
FUR-CH-10004783,"Novimex Chairmat, Red",413.0,-6.999999999999998,13,0.16
OFF-ST-10000321,Akro Stacking Bins,93.0,-6.9432,13,0.10000000000000002
OFF-BI-10003856,"Ibico Index Tab, Clear",146.0,-6.903999999999999,26,0.05714285714285715
OFF-LA-10001229,"Hon Removable Labels, Adjustable",26.0,-6.84,4,0.4
OFF-SU-10003537,"Stiletto Letter Opener, Easy Grip",17.0,-6.822,1,0.4
FUR-CH-10002938,"Novimex Chairmat, Red",34.0,-6.786,1,0.4
OFF-FA-10004813,"Advantus Clamps, Metal",5.0,-6.744,1,0.6
OFF-FA-10000805,"Accos Staples, 12 Pack",12.0,-6.684,2,0.4
OFF-KRA-10000113,"Kraft Peel and Seal, Recycled",102.0,-6.663,6,0.13999999999999999
OFF-PA-10000721,"Enermax Cards & Envelopes, Recycled",28.0,-6.594,1,0.4
OFF-FA-10000740,"Accos Staples, Bulk Pack",11.0,-6.57,2,0.5
TEC-MA-10002249,"StarTech Calculator, Wireless",144.0,-6.504,4,0.1
OFF-EN-10000615,"Jiffy Mailers, Security-Tint",585.0,-6.474000000000004,17,0.25
OFF-LA-10003821,"Smead Shipping Labels, Alphabetical",12.0,-6.448,4,0.6
TEC-PH-10001527,Plantronics MX500i Earset,619.0,-6.4425,15,0.05714285714285715
OFF-BI-10004376,"Ibico Index Tab, Economy",50.0,-6.432,10,0.5
FUR-FU-10001775,"Deflect-O Stacking Tray, Durable",305.0,-6.381000000000002,13,0.09999999999999999
OFF-KIT-10001609,"KitchenAid Coffee Grinder, Red",169.0,-6.372,3,0.3
OFF-FA-10000038,"Advantus Clamps, Metal",101.0,-6.348000000000001,9,0.1
OFF-ACM-10003510,"Acme Scissors, High Speed",550.0,-6.336000000000002,24,0.08571428571428572
OFF-ST-10002957,Sterilite Show Offs Storage Containers,79.0,-6.336,16,0.08
OFF-LA-10002900,"Harbour Creations File Folder Labels, Alphabetical",9.0,-6.33,2,0.5
OFF-SU-10001225,Staples,80.0,-6.3296,24,0.1
OFF-PA-10001448,"Xerox Note Cards, Recycled",7.0,-6.312,1,0.6
OFF-KRA-10004892,"Kraft Clasp Envelope, Set of 50",111.0,-6.3,13,0.13999999999999999
OFF-BI-10003718,"Avery Index Tab, Clear",11.0,-6.272,7,0.6
OFF-AP-10000258,"Hamilton Beach Blender, Black",464.0,-6.264000000000001,7,0.05
OFF-EN-10002034,"Ames Peel and Seal, with clear poly window",27.0,-6.264,2,0.4
OFF-PA-10002461,"Eaton Parchment Paper, Multicolor",130.0,-6.263999999999998,13,0.31666666666666665
OFF-SU-10000705,"Stiletto Shears, High Speed",198.0,-6.248000000000001,9,0.2
OFF-LA-10000073,"Novimex Legal Exhibit Labels, 5000 Label Set",131.0,-6.232000000000001,25,0.20000000000000004
FUR-ADV-10004223,"Advantus Clock, Black",66.0,-6.212999999999999,2,0.35
OFF-FA-10002120,"Advantus Paper Clips, Assorted Sizes",68.0,-6.199999999999999,10,0.15000000000000002
OFF-AR-10002346,"Binney & Smith Pencil Sharpener, Fluorescent",175.0,-6.196,13,0.16
OFF-PA-10003052,"Green Bar Message Books, Recycled",19.0,-6.18,3,0.6
OFF-FA-10003659,"Accos Paper Clips, Assorted Sizes",100.0,-6.128,14,0.08
TEC-PH-10002713,"Samsung Headset, Cordless",183.0,-6.12,4,0.4
OFF-KRA-10000492,"Kraft Manila Envelope, Recycled",35.0,-6.114,2,0.3
OFF-ST-10001963,Tennsco Regal Shelving Units,1764.0,-6.084599999999998,18,0.05
OFF-AP-10002938,"KitchenAid Toaster, Black",920.0,-6.022500000000001,12,0.0875
FUR-FU-10001967,Telescoping Adjustable Floor Lamp,144.0,-5.997000000000001,10,0.3
OFF-FA-10002444,"Stockwell Clamps, 12 Pack",11.0,-5.994,1,0.4
OFF-FA-10002637,"OIC Clamps, Bulk Pack",24.0,-5.976,2,0.4
OFF-EN-10002434,"Kraft Manila Envelope, Recycled",274.0,-5.975100000000006,16,0.284
TEC-HEW-10004652,"Hewlett Personal Copier, Laser",1487.0,-5.948999999999998,11,0.175
OFF-FA-10001435,"Advantus Rubber Bands, Metal",264.0,-5.947999999999999,27,0.16
OFF-EN-10003601,"GlobeWeis Clasp Envelope, Set of 50",164.0,-5.94,17,0.03333333333333333
OFF-LA-10001839,"Smead Shipping Labels, Laser Printer Compatible",66.0,-5.923500000000001,8,0.15666666666666665
OFF-PA-10002611,"Green Bar Parchment Paper, Multicolor",43.0,-5.904,4,0.4
OFF-EN-10000094,"Jiffy Interoffice Envelope, Security-Tint",29.0,-5.886,1,0.4
OFF-AVE-10002311,"Avery Binder Covers, Durable",158.0,-5.867999999999999,15,0.15
OFF-AME-10000440,"Ames Interoffice Envelope, with clear poly window",127.0,-5.844000000000001,4,0.2333333333333333
OFF-SU-10004705,"Fiskars Ruler, Serrated",187.0,-5.8143,20,0.194
OFF-AVE-10000065,"Avery Removable Labels, Alphabetical",98.0,-5.808,12,0.13999999999999999
OFF-EN-10000835,"GlobeWeis Clasp Envelope, with clear poly window",48.0,-5.796,6,0.4
OFF-SU-10004249,"Stiletto Shears, High Speed",173.0,-5.795999999999999,6,0.4
FUR-CH-10001701,"Hon Chairmat, Set of Two",15.0,-5.792,1,0.6
OFF-BI-10000494,Acco Economy Flexible Poly Round Ring Binder,11.0,-5.742,6,0.6
OFF-ST-10000542,"Fellowes Folders, Industrial",635.0,-5.711999999999996,28,0.13999999999999999
OFF-FA-10000053,Revere Boxed Rubber Bands by Revere,49.0,-5.7078,29,0.10000000000000002
OFF-SU-10004462,"Stiletto Scissors, Serrated",151.0,-5.7059999999999995,8,0.05
OFF-SAN-10003368,"Sanford Pens, Blue",280.0,-5.699999999999994,34,0.14615384615384613
OFF-AR-10001645,"Boston Pens, Blue",9.0,-5.688,1,0.4
FUR-BO-10001739,"Dania Classic Bookcase, Mobile",2481.0,-5.659999999999982,11,0.1
OFF-BI-10002628,"Avery 3-Hole Punch, Economy",33.0,-5.616,2,0.4
OFF-PA-10002918,"Eaton Computer Printout Paper, Recycled",40.0,-5.58,3,0.5
OFF-JIF-10004777,"Jiffy Clasp Envelope, Recycled",13.0,-5.574,5,0.6333333333333333
OFF-PA-10002585,"Eaton Memo Slips, Multicolor",36.0,-5.52,4,0.4
OFF-BI-10002049,UniKeep View Case Binders,29.0,-5.476800000000001,13,0.5
OFF-LA-10000707,"Avery Removable Labels, Adjustable",196.0,-5.472,24,0.03333333333333333
TEC-CO-10002201,"Sharp Ink, Color",871.0,-5.4536,12,0.10200000000000001
OFF-EN-10004989,"Cameo Manila Envelope, Set of 50",497.0,-5.4,30,0.06666666666666667
OFF-EN-10002061,"Cameo Mailers, Set of 50",321.0,-5.376,14,0.4
OFF-LA-10002770,"Novimex Color Coded Labels, Adjustable",12.0,-5.376,2,0.4
TEC-KON-10000837,"Konica Printer, Durable",375.0,-5.375999999999991,2,0.3
OFF-ST-10003331,"Smead Box, Single Width",6.0,-5.36,2,0.6
OFF-FA-10002900,"Stockwell Thumb Tacks, 12 Pack",15.0,-5.316,2,0.4
FUR-CH-10000690,"Novimex Bag Chairs, Black",165.0,-5.315999999999999,7,0.35
OFF-EAT-10003094,"Eaton Memo Slips, Premium",22.0,-5.286,3,0.4666666666666666
OFF-BIC-10000582,"BIC Sketch Pad, Water Color",701.0,-5.280000000000005,16,0.19
FUR-DEF-10000639,"Deflect-O Photo Frame, Black",198.0,-5.279999999999996,5,0.15
OFF-EN-10002671,"GlobeWeis Interoffice Envelope, with clear poly window",259.0,-5.258400000000002,6,0.235
OFF-HON-10003230,"Hon Removable Labels, Adjustable",23.0,-5.231999999999999,4,0.3
OFF-BI-10004193,"Avery Index Tab, Clear",14.0,-5.184,4,0.4
OFF-HON-10003010,"Hon Round Labels, 5000 Label Set",38.0,-5.13,9,0.3
TEC-SAN-10003336,"SanDisk Numeric Keypad, Erganomic",137.0,-5.129999999999999,3,0.3
OFF-BI-10002711,"Acco Binding Machine, Clear",61.0,-5.1,2,0.4
OFF-EN-10002066,"Kraft Interoffice Envelope, with clear poly window",61.0,-5.088,2,0.4
OFF-PA-10000601,"Eaton Parchment Paper, Premium",7.0,-5.056,2,0.6
OFF-FA-10001348,"Accos Thumb Tacks, Metal",62.0,-5.039999999999999,6,0.25
TEC-PH-10003995,"Nokia Audio Dock, VoIP",1077.0,-5.0264999999999915,9,0.26999999999999996
OFF-EN-10003689,"Kraft Business Envelopes, Security-Tint",110.0,-5.02,11,0.06666666666666667
OFF-ST-10001832,"Eldon Box, Blue",49.0,-4.992,8,0.4
OFF-EN-10003885,"Ames Interoffice Envelope, Set of 50",23.0,-4.98,1,0.5
OFF-BOS-10002558,"Boston Pencil Sharpener, Easy-Erase",855.0,-4.955999999999996,34,0.13999999999999999
FUR-BO-10004980,"Bush Library with Doors, Mobile",685.0,-4.932000000000002,3,0.1
OFF-LA-10002974,"Novimex Shipping Labels, Adjustable",32.0,-4.932,6,0.4
OFF-BI-10000201,"Avery Triangle Shaped Sheet Lifters, Black, 2/Pack",25.0,-4.92,25,0.6166666666666667
OFF-LA-10003929,"Novimex Legal Exhibit Labels, Adjustable",10.0,-4.896,2,0.4
OFF-BI-10004022,Acco Suede Grain Vinyl Round Ring Binder,40.0,-4.8928,29,0.5375
OFF-ST-10000419,"Rogers Jumbo File, Granite",319.0,-4.8888,24,0.028571428571428574
TEC-ENE-10000895,"Enermax Mouse, Bluetooth",313.0,-4.878000000000002,9,0.15
OFF-SU-10002325,"Stiletto Trimmer, High Speed",11.0,-4.86,1,0.6
FUR-FU-10002505,Eldon 100 Class Desk Accessories,36.0,-4.8528,18,0.3
OFF-LA-10004576,"Harbour Creations File Folder Labels, Laser Printer Compatible",47.0,-4.84,10,0.16
OFF-BI-10004141,Insertable Tab Indexes For Data Binders,18.0,-4.8336,13,0.6
OFF-EN-10004956,"Kraft Manila Envelope, with clear poly window",16.0,-4.824,2,0.6
OFF-FA-10002708,"Stockwell Staples, 12 Pack",5.0,-4.784,2,0.6
OFF-PA-10004918,"SanDisk Message Books, Recycled",28.0,-4.764,2,0.4
OFF-LA-10001202,"Avery Legal Exhibit Labels, 5000 Label Set",9.0,-4.716,3,0.6
OFF-FA-10002539,"Stockwell Rubber Bands, Metal",149.0,-4.680600000000002,11,0.16749999999999998
FUR-TEN-10000002,"Tenex Stacking Tray, Black",61.0,-4.554,3,0.3
OFF-BI-10001067,"Avery Binder, Recycled",221.0,-4.546200000000001,22,0.20800000000000002
OFF-BI-10004541,"Wilson Jones Binder, Durable",597.0,-4.53,43,0.05
OFF-AR-10001402,"Sanford Highlighters, Water Color",260.0,-4.528,23,0.10000000000000002
FUR-CH-10004309,"SAFCO Steel Folding Chair, Adjustable",397.0,-4.5,5,0.1
OFF-PA-10003389,"Enermax Message Books, Recycled",12.0,-4.488,2,0.6
OFF-LA-10004933,"Harbour Creations Shipping Labels, Adjustable",50.0,-4.48,10,0.13333333333333333
OFF-AP-10002203,Eureka Disposable Bags for Sanitaire Vibra Groomer I Upright Vac,2.0,-4.466,2,0.8
OFF-LA-10000220,"Hon Removable Labels, Laser Printer Compatible",12.0,-4.464,2,0.4
OFF-FA-10001727,"Advantus Thumb Tacks, Assorted Sizes",232.0,-4.416,32,0.03333333333333333
OFF-BI-10002071,Fellowes Black Plastic Comb Bindings,100.0,-4.415600000000001,34,0.4111111111111111
OFF-FA-10004112,"Stockwell Staples, 12 Pack",8.0,-4.368,3,0.6
FUR-FU-10000980,"Advantus Photo Frame, Duo Pack",127.0,-4.344,4,0.4
OFF-LA-10003119,"Hon Color Coded Labels, 5000 Label Set",32.0,-4.32,4,0.4
OFF-BI-10002975,"Wilson Jones Index Tab, Clear",7.0,-4.308,2,0.4
OFF-LA-10001228,"Hon File Folder Labels, Alphabetical",5.0,-4.288,2,0.6
OFF-EN-10001832,"Ames Mailers, with clear poly window",258.0,-4.251999999999999,12,0.2
TEC-MA-10004323,"Konica Calculator, Durable",337.0,-4.245000000000001,7,0.05
FUR-FU-10001541,"Tenex Photo Frame, Black",124.0,-4.224,4,0.4
OFF-IBI-10003422,"Ibico Binder, Durable",260.0,-4.206000000000001,16,0.09999999999999999
OFF-LA-10004700,"Avery Color Coded Labels, Alphabetical",3.0,-4.204,1,0.6
OFF-AR-10004559,"Stanley Pencil Sharpener, Easy-Erase",7.0,-4.176,1,0.6
OFF-FA-10001126,"Accos Paper Clips, Metal",117.0,-4.164,10,0.15
OFF-STO-10002042,"Stockwell Staples, Metal",43.0,-4.140000000000001,6,0.25999999999999995
OFF-SU-10002301,Serrated Blade or Curved Handle Hand Letter Openers,24.0,-4.1133999999999995,9,0.1
OFF-PA-10003039,"Xerox Note Cards, 8.5 x 11",65.0,-4.112,4,0.2
OFF-BI-10004224,"Avery Index Tab, Durable",93.0,-4.080000000000001,18,0.175
OFF-PA-10002040,"Green Bar Cards & Envelopes, Multicolor",698.0,-4.0799999999999965,16,0.2
OFF-FA-10003054,"Stockwell Rubber Bands, Metal",20.0,-4.02,2,0.4
OFF-LA-10001497,"Smead Round Labels, Adjustable",45.0,-4.007999999999999,12,0.21399999999999997
FUR-DEF-10004141,"Deflect-O Photo Frame, Durable",333.0,-3.996000000000002,8,0.15
OFF-SME-10000258,"Smead Removable Labels, 5000 Label Set",3.0,-3.99,1,0.7
OFF-EN-10002035,"Kraft Mailers, Set of 50",788.0,-3.988500000000002,25,0.13399999999999998
OFF-BI-10004305,"Cardinal Hole Reinforcements, Durable",63.0,-3.9519999999999995,19,0.26666666666666666
OFF-PA-10002258,"Green Bar Message Books, 8.5 x 11",7.0,-3.912,1,0.6
OFF-FA-10003816,"Stockwell Staples, Metal",6.0,-3.912,1,0.4
OFF-LA-10001256,"Novimex Round Labels, Alphabetical",6.0,-3.904,4,0.6
FUR-FU-10004923,"Advantus Stacking Tray, Durable",30.0,-3.894,3,0.45
OFF-BI-10000216,"Mead 1st Gear 2"" Zipper Binder, Asst. Colors",55.0,-3.891,9,0.5333333333333333
FUR-FU-10001692,"Eldon Clock, Duo Pack",233.0,-3.8560000000000016,7,0.13333333333333333
OFF-SU-10001935,Staples,29.0,-3.8368,16,0.13333333333333333
OFF-EN-10004604,"Ames Peel and Seal, Set of 50",47.0,-3.825,5,0.5
OFF-EN-10002936,"GlobeWeis Business Envelopes, with clear poly window",25.0,-3.804,2,0.4
OFF-BI-10001546,"Acco Index Tab, Clear",5.0,-3.784,2,0.6
OFF-FA-10000254,Sterling Rubber Bands by Alliance,20.0,-3.768,5,0.1
OFF-BI-10000397,"Wilson Jones Hole Reinforcements, Durable",5.0,-3.756,3,0.6
TEC-MA-10003923,"Okidata Receipt Printer, Durable",2712.0,-3.718499999999999,23,0.049999999999999996
OFF-BI-10002222,"Cardinal Binder Covers, Clear",189.0,-3.6679999999999993,29,0.0875
OFF-AP-10000124,Acco 6 Outlet Guardian Basic Surge Suppressor,38.0,-3.6608,7,0.4
OFF-ELD-10001882,"Eldon Box, Blue",94.0,-3.641999999999999,13,0.25
OFF-BI-10004483,"Ibico Index Tab, Clear",197.0,-3.6354,25,0.04625
OFF-PA-10000277,"SanDisk Computer Printout Paper, Premium",90.0,-3.630000000000001,4,0.25
OFF-JIF-10003890,"Jiffy Peel and Seal, Recycled",44.0,-3.6270000000000002,3,0.2333333333333333
OFF-ACC-10000497,"Accos Rubber Bands, Assorted Sizes",50.0,-3.581999999999999,5,0.2333333333333333
TEC-AC-10003704,"Memorex Flash Drive, Erganomic",16.0,-3.564,1,0.4
OFF-AR-10000156,"Binney & Smith Markers, Blue",13.0,-3.552,2,0.6
OFF-ADV-10004274,"Advantus Thumb Tacks, Metal",52.0,-3.5519999999999996,5,0.19999999999999998
OFF-BI-10003253,"Ibico Index Tab, Economy",3.0,-3.544,1,0.6
OFF-SU-10002189,Acme Rosewood Handle Letter Opener,44.0,-3.4936000000000003,12,0.06666666666666667
OFF-HAR-10001310,"Harbour Creations File Folder Labels, 5000 Label Set",46.0,-3.468,7,0.25999999999999995
OFF-LA-10000195,"Novimex File Folder Labels, Laser Printer Compatible",202.0,-3.4499999999999997,25,0.02
OFF-LA-10004877,"Avery File Folder Labels, Laser Printer Compatible",34.0,-3.4176,7,0.45999999999999996
OFF-ST-10003808,"Eldon Box, Wire Frame",11.0,-3.384,2,0.4
OFF-LA-10000959,"Harbour Creations Round Labels, Alphabetical",15.0,-3.366,3,0.2
TEC-AC-10002015,"Logitech Router, Programmable",199.0,-3.344,2,0.4
OFF-FA-10000131,"Accos Clamps, 12 Pack",176.0,-3.3200000000000003,16,0.13333333333333333
OFF-NOV-10003180,"Novimex Legal Exhibit Labels, Adjustable",19.0,-3.3120000000000003,3,0.19999999999999998
OFF-FA-10004395,Plymouth Boxed Rubber Bands by Plymouth,77.0,-3.297,18,0.08
TEC-MA-10001128,"StarTech Card Printer, White",194.0,-3.288,2,0.4
TEC-PH-10001084,"Nokia Office Telephone, VoIP",39.0,-3.288,1,0.4
OFF-LA-10002688,"Hon File Folder Labels, Adjustable",5.0,-3.288,3,0.6
OFF-PA-10002522,"Green Bar Note Cards, 8.5 x 11",135.0,-3.2799999999999976,8,0.2
OFF-SU-10001125,"Stiletto Letter Opener, High Speed",388.0,-3.2699999999999996,17,0.125
OFF-OIC-10004622,"OIC Thumb Tacks, Bulk Pack",6.0,-3.252,1,0.6
OFF-LA-10001873,"Harbour Creations Color Coded Labels, Adjustable",17.0,-3.24,3,0.2
OFF-LA-10004714,"Novimex File Folder Labels, Laser Printer Compatible",5.0,-3.24,1,0.4
FUR-FU-10003036,"Eldon Door Stop, Durable",189.0,-3.2399999999999998,10,0.4
OFF-ST-10000736,Carina Double Wide Media Storage Towers in Natural & Black,3030.0,-3.239199999999995,39,0.06666666666666667
OFF-SU-10003098,"Kleencut Scissors, Easy Grip",115.0,-3.2319999999999993,10,0.2
OFF-FA-10000074,"Stockwell Push Pins, Bulk Pack",17.0,-3.216,2,0.4
OFF-BI-10004209,"Fellowes Twister Kit, Gray/Clear, 3/pkg",181.0,-3.216,42,0.43
TEC-CO-10002404,"HP Fax Machine, Color",1605.0,-3.21472,8,0.002
OFF-AVE-10004536,"Avery Shipping Labels, 5000 Label Set",19.0,-3.186,3,0.35
OFF-PA-10001371,"Xerox Computer Printout Paper, 8.5 x 11",273.0,-3.1799999999999997,10,0.16666666666666666
TEC-AC-10003451,"Logitech Flash Drive, Erganomic",76.0,-3.1692,5,0.45999999999999996
OFF-LA-10002465,"Hon Shipping Labels, 5000 Label Set",168.0,-3.155999999999999,18,0.244
OFF-SAN-10004602,"SanDisk Parchment Paper, 8.5 x 11",50.0,-3.1500000000000004,3,0.3
OFF-PA-10003027,"Enermax Message Books, Premium",191.0,-3.15,9,0.03333333333333333
OFF-KRA-10002085,"Kraft Clasp Envelope, with clear poly window",43.0,-3.144,7,0.3
OFF-BI-10001167,"Wilson Jones Binder, Clear",29.0,-2.98,5,0.3666666666666667
OFF-AME-10002697,"Ames Business Envelopes, Recycled",5.0,-2.964,1,0.6
OFF-AR-10000283,"Stanley Highlighters, Blue",18.0,-2.94,2,0.4
OFF-BOS-10000577,"Boston Highlighters, Blue",182.0,-2.9280000000000017,13,0.21666666666666665
OFF-ST-10001091,"Smead Box, Industrial",338.0,-2.925,33,0.11000000000000001
OFF-BI-10004094,GBC Standard Plastic Binding Systems Combs,57.0,-2.9205000000000014,13,0.5
OFF-FA-10003891,"Stockwell Push Pins, Metal",148.0,-2.9160000000000004,16,0.03333333333333333
OFF-FA-10004775,"Accos Staples, 12 Pack",8.0,-2.916,3,0.6
OFF-LA-10002493,"Hon Color Coded Labels, Adjustable",158.0,-2.891700000000001,17,0.22428571428571425
TEC-AC-10004713,"Logitech Mouse, Erganomic",217.0,-2.8800000000000003,15,0.2
OFF-SME-10003746,"Smead Legal Exhibit Labels, Adjustable",13.0,-2.88,2,0.3
OFF-LA-10001287,"Harbour Creations Removable Labels, Adjustable",4.0,-2.88,2,0.6
OFF-LA-10000970,"Harbour Creations Removable Labels, 5000 Label Set",45.0,-2.88,8,0.26666666666666666
TEC-AC-10004773,"Memorex Flash Drive, Bluetooth",276.0,-2.879999999999999,13,0.2375
OFF-LA-10002895,"Avery Legal Exhibit Labels, Laser Printer Compatible",173.0,-2.8719999999999994,26,0.1142857142857143
OFF-PA-10003020,"Xerox Message Books, Premium",173.0,-2.8698000000000006,10,0.18999999999999997
FUR-FU-10004415,"Stacking Tray, Side-Loading, Legal, Smoke",47.0,-2.8672000000000004,16,0.25
OFF-SU-10002962,"Acme Scissors, Serrated",318.0,-2.8239999999999994,22,0.04
OFF-AR-10002105,"Boston Highlighters, Fluorescent",140.0,-2.811300000000001,8,0.0925
OFF-SU-10004711,"Acme Trimmer, Serrated",265.0,-2.8080000000000016,10,0.1
FUR-HON-10001504,"Hon Rocking Chair, Black",872.0,-2.8079999999999927,11,0.39999999999999997
OFF-LA-10000322,"Smead Round Labels, Laser Printer Compatible",132.0,-2.76,23,0.11000000000000001
OFF-BI-10001135,"Avery Hole Reinforcements, Durable",7.0,-2.748,2,0.4
OFF-ELD-10000967,"Eldon Folders, Industrial",369.0,-2.7479999999999984,22,0.06999999999999999
OFF-BI-10004809,"Acco Binder Covers, Economy",43.0,-2.7359999999999998,4,0.2
OFF-SU-10000573,"Acme Ruler, High Speed",291.0,-2.732,30,0.10000000000000002
OFF-EN-10004479,"Ames Clasp Envelope, Security-Tint",5.0,-2.72,2,0.6
OFF-EN-10002524,"Cameo Peel and Seal, with clear poly window",15.0,-2.706,1,0.4
OFF-BI-10000636,"Ibico Hole Reinforcements, Recycled",39.0,-2.6999999999999997,9,0.4
OFF-FA-10002101,"OIC Thumb Tacks, 12 Pack",70.0,-2.6999999999999993,6,0.2
OFF-SU-10000697,"Kleencut Ruler, Serrated",12.0,-2.688,2,0.4
OFF-STO-10000753,"Stockwell Thumb Tacks, 12 Pack",94.0,-2.6820000000000004,11,0.2571428571428571
OFF-PA-10004881,"Xerox Computer Printout Paper, Recycled",32.0,-2.64,2,0.4
OFF-FA-10001631,"Advantus Staples, Bulk Pack",26.0,-2.616,4,0.4
OFF-FA-10004838,"Super Bands, 12/Pack",33.0,-2.604,20,0.1
OFF-EN-10004462,"Ames Peel and Seal, Security-Tint",271.0,-2.593499999999999,16,0.15
OFF-FA-10001419,"Stockwell Rubber Bands, 12 Pack",19.0,-2.568,2,0.4
TEC-ENE-10004236,"Enermax Flash Drive, Bluetooth",54.0,-2.5440000000000005,2,0.35
OFF-SAN-10003041,"Sanford Markers, Water Color",456.0,-2.543999999999997,19,0.19999999999999998
OFF-BI-10004554,"Avery Index Tab, Clear",223.0,-2.5140000000000007,37,0.05454545454545454
OFF-AP-10001634,Hoover Commercial Lightweight Upright Vacuum,18.0,-2.5056000000000003,8,0.5
OFF-BI-10000787,"Acco Hole Reinforcements, Economy",48.0,-2.448,12,0.4
OFF-SU-10000914,"Kleencut Scissors, Serrated",453.0,-2.4389999999999965,30,0.22
OFF-LA-10003807,"Smead Removable Labels, Adjustable",89.0,-2.4359999999999995,14,0.21400000000000002
OFF-BI-10001347,"Cardinal Binder Covers, Economy",19.0,-2.4000000000000004,2,0.2
OFF-BOS-10001753,"Boston Highlighters, Water Color",4.0,-2.36,1,0.4
FUR-FU-10004797,"Tenex Stacking Tray, Erganomic",368.0,-2.3100000000000023,20,0.15666666666666668
OFF-EN-10004309,"GlobeWeis Business Envelopes, Recycled",19.0,-2.292,2,0.4
OFF-BI-10000309,"GBC Twin Loop Wire Binding Elements, 9/16"" Spine, Black",268.0,-2.2830000000000013,35,0.3888888888888889
OFF-ELD-10001037,"Eldon Trays, Wire Frame",687.0,-2.2560000000000144,24,0.25
OFF-FA-10001097,"Accos Paper Clips, Assorted Sizes",440.0,-2.235,39,0.05
TEC-AC-10003400,"Memorex Flash Drive, USB",8.0,-2.184,1,0.6
OFF-BI-10002982,Avery Self-Adhesive Photo Pockets for Polaroid Photos,142.0,-2.1791999999999963,41,0.5363636363636363
OFF-OIC-10001477,"OIC Push Pins, Bulk Pack",68.0,-2.154,6,0.4666666666666666
OFF-PA-10001531,"Eaton Parchment Paper, 8.5 x 11",26.0,-2.115,3,0.5
OFF-PA-10003699,"SanDisk Parchment Paper, Recycled",40.0,-2.112,4,0.4
FUR-FU-10000507,"Tenex Photo Frame, Duo Pack",31.0,-2.1,1,0.4
OFF-LA-10000760,"Harbour Creations Removable Labels, Laser Printer Compatible",20.0,-2.1,4,0.5
TEC-PH-10004875,PNY Rapid USB Car Charger - Black,10.0,-2.0774,2,0.4
OFF-SU-10001382,"Acme Trimmer, Serrated",549.0,-2.0615999999999985,18,0.33599999999999997
OFF-LA-10002598,"Harbour Creations Removable Labels, Laser Printer Compatible",83.0,-2.044,13,0.06666666666666667
FUR-FU-10003414,"Deflect-O Light Bulb, Erganomic",205.0,-2.0299999999999976,21,0.24285714285714288
TEC-AC-10000199,Kingston Digital DataTraveler 8GB USB 2.0,44.0,-2.0229999999999997,9,0.13333333333333333
OFF-NOV-10003964,"Novimex File Folder Labels, 5000 Label Set",15.0,-2.0160000000000005,3,0.4666666666666666
OFF-BI-10003784,Computer Printout Index Tabs,11.0,-2.016,15,0.5
OFF-BI-10000831,Storex Flexible Poly Binders with Double Pockets,10.0,-2.0064,9,0.4666666666666666
OFF-BI-10000848,Angle-D Ring Binders,39.0,-1.9691999999999996,14,0.5333333333333333
OFF-BI-10002510,"Acco Index Tab, Clear",4.0,-1.952,2,0.6
OFF-BI-10001324,"Acco 3-Hole Punch, Economy",993.0,-1.9519999999999982,54,0.06153846153846154
OFF-GRE-10000320,"Green Bar Computer Printout Paper, Premium",135.0,-1.9200000000000017,8,0.35
OFF-FA-10002831,"OIC Staples, Assorted Sizes",5.0,-1.912,2,0.6
OFF-AP-10001916,"Breville Blender, Black",601.0,-1.9109999999999996,7,0.05
OFF-STO-10000683,"Stockwell Thumb Tacks, Assorted Sizes",59.0,-1.8960000000000008,8,0.19999999999999998
OFF-EN-10000476,"Kraft Clasp Envelope, Recycled",51.0,-1.8599999999999999,8,0.16666666666666666
OFF-LA-10004969,"Novimex Legal Exhibit Labels, Adjustable",116.0,-1.8559999999999994,22,0.1
TEC-MA-10003493,Penpower WorldCard Pro Card Scanner,91.0,-1.8295,1,0.5
OFF-STA-10000054,"Stanley Pens, Fluorescent",296.0,-1.827,29,0.16666666666666666
FUR-FU-10002030,"Executive Impressions 14"" Contract Wall Clock with Quartz Movement",97.0,-1.7783999999999978,8,0.4
OFF-EN-10001616,"GlobeWeis Business Envelopes, Recycled",171.0,-1.7719999999999985,21,0.16666666666666666
OFF-SU-10003936,Acme Serrated Blade Letter Opener,14.0,-1.7489999999999999,5,0.1
OFF-FA-10003991,"Stockwell Staples, Bulk Pack",17.0,-1.74,3,0.2
OFF-ROG-10001340,"Rogers File Cart, Industrial",3172.0,-1.7399999999999842,27,0.19999999999999998
OFF-ADV-10003125,"Advantus Paper Clips, Assorted Sizes",67.0,-1.71,7,0.24
OFF-BI-10004251,"Wilson Jones Index Tab, Recycled",5.0,-1.692,3,0.6
OFF-CAM-10001690,"Cameo Clasp Envelope, Recycled",36.0,-1.6859999999999995,5,0.15
OFF-BI-10000404,"Avery Binder Covers, Clear",111.0,-1.6619999999999997,24,0.3
OFF-LA-10001548,"Avery Shipping Labels, Adjustable",191.0,-1.6575000000000024,26,0.2157142857142857
OFF-FA-10002506,"OIC Rubber Bands, 12 Pack",41.0,-1.65,5,0.5
TEC-AC-10003034,"Belkin Keyboard, Erganomic",550.0,-1.6494000000000009,13,0.485
OFF-AP-10004466,"Cuisinart Toaster, Black",143.0,-1.647,3,0.1
OFF-NOV-10000092,"Novimex Color Coded Labels, 5000 Label Set",54.0,-1.637999999999999,6,0.24
OFF-AP-10001565,"Cuisinart Coffee Grinder, Black",238.0,-1.6360000000000028,11,0.16
OFF-FA-10003058,"Stockwell Rubber Bands, Assorted Sizes",178.0,-1.6319999999999997,21,0.05714285714285715
OFF-BI-10001284,"Ibico Hole Reinforcements, Clear",3.0,-1.56,2,0.6
OFF-BI-10001397,"Ibico Binder, Economy",68.0,-1.548,6,0.2
OFF-ADV-10003196,"Advantus Staples, Assorted Sizes",3.0,-1.506,1,0.6
OFF-EN-10000096,"Jiffy Clasp Envelope, with clear poly window",14.0,-1.488,2,0.4
TEC-PH-10004882,"Nokia Office Telephone, VoIP",574.0,-1.4640000000000022,14,0.3
OFF-BI-10000390,"Cardinal Index Tab, Clear",4.0,-1.456,2,0.6
TEC-AC-10001491,"Enermax Flash Drive, Bluetooth",856.0,-1.4399999999999986,32,0.025
OFF-EN-10000359,"Ames Clasp Envelope, Recycled",36.0,-1.4000000000000001,11,0.13333333333333333
TEC-AC-10004127,SanDisk Cruzer 8 GB USB Flash Drive,27.0,-1.3584,4,0.2
OFF-LA-10000155,"Novimex Round Labels, Alphabetical",9.0,-1.305,3,0.5
OFF-BI-10001815,"Acco Index Tab, Economy",12.0,-1.224,2,0.4
OFF-AR-10003532,"BIC Pencil Sharpener, Easy-Erase",18.0,-1.182,1,0.4
FUR-FU-10003451,"Eldon Frame, Black",1069.0,-1.1624999999999943,10,0.135
OFF-EN-10003604,"Jiffy Clasp Envelope, Set of 50",2.0,-1.148,1,0.6
FUR-FU-10001379,"Executive Impressions 16-1/2"" Circular Wall Clock",59.0,-1.0687999999999995,4,0.3
OFF-BI-10003240,"Ibico Binding Machine, Economy",62.0,-1.056,2,0.4
OFF-AR-10001129,"Stanley Pens, Easy-Erase",12.0,-1.056,2,0.4
OFF-LA-10002674,"Harbour Creations Color Coded Labels, 5000 Label Set",324.0,-0.984,26,0.1
OFF-BI-10000960,"Wilson Jones Hole Reinforcements, Clear",5.0,-0.972,2,0.4
OFF-LA-10004614,"Smead Round Labels, 5000 Label Set",75.0,-0.9504000000000001,14,0.3133333333333333
OFF-EN-10000182,"Jiffy Peel and Seal, Security-Tint",54.0,-0.936,4,0.4
OFF-AVE-10004570,"Avery Binder Covers, Economy",97.0,-0.9269999999999978,13,0.2222222222222222
OFF-BI-10004967,Round Ring Binders,29.0,-0.9152000000000005,28,0.4666666666666666
OFF-LA-10001383,"Smead Shipping Labels, Adjustable",38.0,-0.84,8,0.5
OFF-AR-10000493,"Boston Pencil Sharpener, Fluorescent",62.0,-0.7999999999999994,4,0.20000000000000004
OFF-ADV-10001437,"Advantus Paper Clips, Bulk Pack",106.0,-0.798,9,0.175
OFF-LA-10001444,"Avery Round Labels, Alphabetical",42.0,-0.7379999999999998,11,0.38
OFF-LA-10002765,"Harbour Creations Legal Exhibit Labels, Adjustable",186.0,-0.7305000000000006,24,0.15857142857142859
OFF-FA-10004586,"Stockwell Staples, 12 Pack",30.0,-0.7120000000000002,6,0.26666666666666666
OFF-BI-10002571,"Avery Framed View Binder, EZD Ring (Locking), Navy, 1 1/2""",100.0,-0.698599999999999,19,0.45
OFF-FA-10004344,"Advantus Thumb Tacks, Assorted Sizes",215.0,-0.6900000000000022,23,0.08333333333333333
OFF-BI-10000373,"Ibico Hole Reinforcements, Economy",98.0,-0.6704999999999999,16,0.188
FUR-CH-10000689,"SAFCO Chairmat, Red",36.0,-0.618,1,0.4
OFF-ST-10004963,Eldon Gobal File Keepers,347.0,-0.6055999999999998,24,0.06666666666666667
OFF-BIC-10001510,"BIC Pencil Sharpener, Easy-Erase",668.0,-0.5760000000000023,24,0.13333333333333333
OFF-LA-10001538,"Hon File Folder Labels, 5000 Label Set",11.0,-0.564,2,0.4
OFF-FA-10001135,"Brites Rubber Bands, 1 1/2 oz. Box",13.0,-0.5147999999999999,7,0.06666666666666667
OFF-SME-10003805,"Smead Color Coded Labels, Adjustable",68.0,-0.5099999999999998,8,0.3
TEC-PH-10003492,"Cisco Audio Dock, Full Size",3273.0,-0.5040000000000191,21,0.15833333333333333
OFF-FA-10002632,"Accos Staples, Metal",28.0,-0.45599999999999996,5,0.2
OFF-ST-10003426,"Tenex Box, Wire Frame",152.0,-0.4319999999999977,17,0.13333333333333333
OFF-EN-10004903,"Cameo Manila Envelope, with clear poly window",440.0,-0.3840000000000039,24,0.12000000000000002
OFF-ACC-10001028,"Accos Push Pins, Metal",86.0,-0.34799999999999986,7,0.12
OFF-BI-10003999,"Avery Hole Reinforcements, Clear",141.0,-0.30600000000000005,40,0.06666666666666667
OFF-BI-10003323,"Cardinal Hole Reinforcements, Clear",3.0,-0.3,1,0.4
OFF-SU-10004244,"Elite Letter Opener, Easy Grip",656.0,-0.29999999999999893,25,0.08333333333333333
OFF-FA-10004968,Rubber Band Ball,58.0,-0.2992000000000001,16,0.05
OFF-ELI-10003277,"Elite Letter Opener, High Speed",155.0,-0.240000000000002,10,0.27999999999999997
OFF-HOO-10004188,"Hoover Blender, Black",496.0,-0.22800000000000864,8,0.2333333333333333
OFF-FA-10003332,"Accos Push Pins, 12 Pack",23.0,-0.22050000000000003,3,0.45999999999999996
OFF-EN-10004422,"Cameo Peel and Seal, Set of 50",343.0,-0.21000000000000085,23,0.24857142857142858
OFF-HAR-10000414,"Harbour Creations Round Labels, Adjustable",7.0,-0.20999999999999996,2,0.3
FUR-FU-10004137,"Tenex Light Bulb, Erganomic",400.0,-0.17999999999999972,24,0.05
OFF-AP-10000717,"Hoover Microwave, Black",1664.0,-0.16199999999999998,6,0.10000000000000002
OFF-BI-10001132,"Acco PRESSTEX Data Binder with Storage Hooks, Dark Blue, 9 1/2"" X 11""",63.0,-0.16139999999999688,23,0.55
TEC-PH-10000693,"Apple Speaker Phone, with Caller ID",1578.0,-0.1600000000000037,20,0.1
TEC-APP-10000308,"Apple Smart Phone, Full Size",2290.0,-0.14400000000000546,5,0.27999999999999997
TEC-BRO-10003380,"Brother Copy Machine, Color",1145.0,-0.14399999999999125,5,0.15
OFF-AR-10003031,"Binney & Smith Pens, Fluorescent",207.0,-0.12000000000000033,16,0.014285714285714287
FUR-FU-10003408,"Rubbermaid Stacking Tray, Erganomic",169.0,-0.10800000000000054,15,0.27999999999999997
FUR-FU-10000361,"Deflect-O Photo Frame, Erganomic",258.0,-0.10800000000000054,6,0.15
FUR-RUB-10001094,"Rubbermaid Door Stop, Duo Pack",408.0,-0.10199999999999676,10,0.11666666666666665
FUR-CH-10002542,"Office Star Steel Folding Chair, Set of Two",539.0,-0.09599999999999564,10,0.20000000000000004
TEC-MA-10004584,"Epson Calculator, Wireless",139.0,-0.09,6,0.5
OFF-SU-10001086,"Fiskars Scissors, Easy Grip",545.0,-0.0899999999999972,25,0.08333333333333333
OFF-AVE-10001750,"Avery 3-Hole Punch, Clear",640.0,-0.07499999999999929,27,0.17499999999999996
TEC-MA-10001598,"Panasonic Card Printer, Wireless",348.0,-0.06,5,0.4
TEC-CO-10001145,"Canon Personal Copier, Digital",812.0,-0.053999999999998494,6,0.049999999999999996
OFF-GLO-10004160,"GlobeWeis Business Envelopes, with clear poly window",29.0,-0.04800000000000004,2,0.3
FUR-CH-10000568,"Hon Bag Chairs, Black",68.0,-0.048,2,0.2
OFF-PA-10000527,"Enermax Note Cards, Premium",36.0,-0.048,2,0.4
TEC-AC-10004683,"Memorex Flash Drive, USB",36.0,-0.048,2,0.4
OFF-AP-10001527,"Hamilton Beach Microwave, Black",507.0,-0.048,2,0.1
OFF-EN-10001823,"Cameo Mailers, Recycled",44.0,-0.048,2,0.4
OFF-AVE-10000418,"Avery Color Coded Labels, 5000 Label Set",18.0,-0.036000000000000476,2,0.35
OFF-SU-10004784,"Elite Trimmer, Steel",49.0,-0.036,2,0.4
OFF-EN-10003628,"GlobeWeis Manila Envelope, Set of 50",307.0,-0.03200000000000003,20,0.15000000000000002
TEC-PH-10002306,"Motorola Smart Phone, Full Size",2061.0,-0.023999999999944066,6,0.13333333333333333
FUR-BO-10003206,"Sauder Floating Shelf Set, Pine",1235.0,-0.02099999999999335,7,0.16666666666666666
TEC-CO-10002526,"Sharp Wireless Fax, Digital",224.0,-0.0072,1,0.37
TEC-MA-10003078,"Epson Printer, White",1253.0,-0.006000000000002004,5,0.03333333333333333
OFF-AP-10004499,"Cuisinart Stove, Red",323.0,-0.006,1,0.4
OFF-SU-10003505,Premier Electric Letter Opener,2641.0,-7.105427357601002e-15,24,0.07500000000000001
OFF-BI-10002931,"Avery Trapezoid Extra Heavy Duty 4"" Binders",315.0,-7.105427357601002e-15,15,0.44999999999999996
TEC-ENE-10000235,"Enermax Mouse, Programmable",836.0,0.0,20,0.0
OFF-CUI-10000140,"Cuisinart Microwave, Silver",837.0,0.0,3,0.0
TEC-HP -10003618,"HP Fax Machine, Digital",1199.0,0.0,4,0.0
OFF-BI-10001304,"Cardinal 3-Hole Punch, Recycled",466.0,0.0,24,0.0
OFF-LA-10001194,"Novimex Removable Labels, Adjustable",39.0,0.0,5,0.0
OFF-ENE-10003274,"Enermax Memo Slips, 8.5 x 11",120.0,0.0,6,0.0
TEC-SHA-10001309,"Sharp Fax Machine, Digital",1181.0,0.0,4,0.0
OFF-GLO-10003429,"GlobeWeis Peel and Seal, Set of 50",192.0,0.0,9,0.0
OFF-FA-10003467,"Alliance Big Bands Rubber Bands, 12/Pack",30.0,0.0,15,0.0
OFF-NOV-10004968,"Novimex Removable Labels, Adjustable",40.0,0.0,5,0.0
FUR-BO-10001254,"Dania 3-Shelf Cabinet, Mobile",288.0,0.0,2,0.0
TEC-BRO-10000374,"Brother Ink, Laser",883.0,0.0,6,0.0
OFF-PA-10000758,"SanDisk Computer Printout Paper, 8.5 x 11",68.0,0.0,2,0.0
OFF-KIT-10001380,"KitchenAid Microwave, Black",620.0,0.0,2,0.0
OFF-TEN-10000766,"Tenex Folders, Industrial",190.0,0.0,8,0.0
OFF-AP-10003380,"KitchenAid Coffee Grinder, Black",210.0,0.0,3,0.0
OFF-BI-10000305,"Cardinal 3-Hole Punch, Durable",109.0,0.0,6,0.4
OFF-EN-10003018,"GlobeWeis Clasp Envelope, Set of 50",20.0,0.0,2,0.0
OFF-ST-10002292,"Sauder Facets Collection Locker/File Cabinet, Sky Alder Finish",594.0,0.0,2,0.2
OFF-AP-10003477,"Hamilton Beach Blender, Silver",47.0,0.0,1,0.0
OFF-PA-10002652,"Eaton Note Cards, Premium",505.0,0.0,19,0.0
OFF-SU-10000810,"Kleencut Letter Opener, Steel",107.0,0.0,6,0.25
FUR-DEF-10000572,"Deflect-O Photo Frame, Duo Pack",208.0,0.0,4,0.0
OFF-PA-10001595,"Enermax Memo Slips, 8.5 x 11",59.0,0.0,3,0.0
FUR-FU-10004960,"Deflect-O Photo Frame, Duo Pack",364.0,0.0,7,0.0
OFF-EN-10004597,"GlobeWeis Peel and Seal, Set of 50",299.0,0.0,14,0.0
FUR-FU-10000674,"Rubbermaid Photo Frame, Erganomic",302.0,0.0,9,0.0
OFF-HON-10001723,"Hon Color Coded Labels, 5000 Label Set",26.0,0.0,2,0.0
OFF-STA-10001112,"Stanley Markers, Easy-Erase",989.0,0.0,44,0.0
OFF-ST-10003324,Belkin OmniView SE Rackmount Kit,248.0,0.0,7,0.0
FUR-CH-10003875,"Office Star Swivel Stool, Set of Two",705.0,0.0,4,0.0
OFF-SU-10003804,"Kleencut Shears, Easy Grip",678.0,0.0,14,0.0
OFF-BI-10002412,"Avery Hole Reinforcements, Economy",35.0,0.0,8,0.0
OFF-LA-10001831,"Harbour Creations Shipping Labels, Adjustable",140.0,0.0,15,0.0
TEC-MA-10002571,"Konica Phone, Durable",346.0,0.0,6,0.0
OFF-ENE-10004401,"Enermax Parchment Paper, Premium",108.0,0.0,7,0.0
TEC-STA-10003386,"StarTech Inkjet, Wireless",302.0,0.0,1,0.0
OFF-ST-10001590,"Eldon Folders, Blue",170.0,0.0,15,0.0
TEC-MA-10003154,"Panasonic Printer, Red",264.0,0.0,1,0.0
FUR-CH-10000774,"SAFCO Rocking Chair, Set of Two",274.0,0.0,2,0.0
OFF-AR-10002165,"Boston Sketch Pad, Fluorescent",2694.0,0.0,54,0.0
TEC-MA-10003084,"Okidata Receipt Printer, Red",1320.0,0.0,11,0.0
FUR-CH-10004289,Global Super Steno Chair,2390.0,3.552713678800501e-15,30,0.14285714285714285
OFF-AR-10004454,"BIC Pens, Easy-Erase",132.0,0.04000000000000015,14,0.04
OFF-LA-10002139,"Novimex Color Coded Labels, Alphabetical",341.0,0.040800000000000836,34,0.15444444444444447
OFF-LA-10000219,"Harbour Creations File Folder Labels, Adjustable",212.0,0.05999999999999944,35,0.07500000000000001
OFF-NOV-10004223,"Novimex Shipping Labels, Adjustable",30.0,0.14399999999999968,4,0.2333333333333333
OFF-LA-10003236,"Hon Round Labels, Adjustable",94.0,0.20880000000000098,30,0.35857142857142854
OFF-STO-10004496,"Stockwell Push Pins, Bulk Pack",18.0,0.23399999999999999,2,0.35
OFF-FA-10002577,"Stockwell Push Pins, 12 Pack",161.0,0.23999999999999932,13,0.125
OFF-BI-10000968,"Acco Hole Reinforcements, Recycled",14.0,0.24,2,0.0
OFF-SME-10004926,"Smead File Folder Labels, Laser Printer Compatible",36.0,0.24,4,0.0
OFF-SU-10004244,"Fiskars Ruler, High Speed",29.0,0.24,2,0.0
OFF-EN-10004941,"GlobeWeis Manila Envelope, Recycled",479.0,0.2532000000000032,25,0.26375
OFF-PA-10004990,"SanDisk Computer Printout Paper, Recycled",46.0,0.2549999999999999,2,0.225
OFF-ACC-10003984,"Accos Paper Clips, Assorted Sizes",34.0,0.27,3,0.0
OFF-BI-10002841,"Cardinal Binding Machine, Durable",507.0,0.284000000000006,17,0.12000000000000002
OFF-EN-10001854,"Jiffy Business Envelopes, Recycled",211.0,0.3000000000000007,14,0.16666666666666666
OFF-SU-10003002,Letter Slitter,10.0,0.3024,4,0.0
OFF-FA-10003472,Bagged Rubber Bands,27.0,0.3024,21,0.04
FUR-FU-10002957,"Tenex Stacking Tray, Durable",154.0,0.30299999999999994,8,0.25
OFF-SU-10001406,"Fiskars Box Cutter, High Speed",36.0,0.33,1,0.0
TEC-AC-10002380,Sony 8GB Class 10 Micro SDHC R40 Memory Card,27.0,0.3399,3,0.2
OFF-KRA-10002789,"Kraft Peel and Seal, with clear poly window",280.0,0.3510000000000062,16,0.2714285714285714
OFF-SME-10004519,"Smead Removable Labels, Adjustable",49.0,0.36,6,0.0
OFF-AME-10003167,"Ames Clasp Envelope, Recycled",29.0,0.3600000000000003,6,0.12
OFF-HON-10004621,"Hon Color Coded Labels, Adjustable",81.0,0.3959999999999999,9,0.175
OFF-XER-10003600,"Xerox Memo Slips, Multicolor",15.0,0.42,1,0.0
OFF-LA-10002490,"Hon Round Labels, Alphabetical",45.0,0.42,7,0.0
OFF-FA-10002175,"OIC Push Pins, Assorted Sizes",67.0,0.42600000000000016,10,0.475
OFF-BI-10001324,"Ibico Hole Reinforcements, Clear",81.0,0.43650000000000055,14,0.1225
OFF-STI-10000937,"Stiletto Scissors, High Speed",24.0,0.45,1,0.0
OFF-BI-10001456,"Avery Binder, Economy",31.0,0.48,4,0.4
OFF-EN-10004580,"Cameo Interoffice Envelope, with clear poly window",836.0,0.5279999999999969,27,0.1142857142857143
OFF-FA-10002701,Alliance Rubber Bands,13.0,0.5376000000000001,8,0.0
OFF-PA-10000116,"Xerox Parchment Paper, Premium",158.0,0.5592000000000006,15,0.174
OFF-PA-10001639,"Enermax Memo Slips, 8.5 x 11",12.0,0.57,1,0.4
OFF-PA-10003492,"Green Bar Computer Printout Paper, Recycled",127.0,0.5920000000000005,7,0.15000000000000002
OFF-LA-10004108,"Avery Round Labels, 5000 Label Set",30.0,0.6,4,0.0
OFF-FA-10004587,"Advantus Rubber Bands, 12 Pack",64.0,0.6000000000000001,6,0.0
TEC-AC-10004562,"Enermax Flash Drive, Programmable",992.0,0.6011999999999986,24,0.094
OFF-ACC-10003909,"Accos Push Pins, Assorted Sizes",36.0,0.63,3,0.0
TEC-PH-10003481,"Apple Office Telephone, Full Size",1344.0,0.6369000000000113,24,0.18166666666666667
FUR-FU-10001129,"Deflect-O Stacking Tray, Black",799.0,0.6885000000000012,37,0.12625
OFF-LA-10004239,"Smead Color Coded Labels, Adjustable",86.0,0.6999999999999984,16,0.15
FUR-FU-10001343,"Eldon Stacking Tray, Erganomic",477.0,0.7007999999999992,20,0.1975
OFF-AME-10003089,"Ames Clasp Envelope, Security-Tint",38.0,0.72,4,0.0
OFF-SME-10000675,"Smead Round Labels, 5000 Label Set",14.0,0.72,2,0.0
OFF-BI-10000501,"Cardinal Binder, Durable",127.0,0.7279999999999998,14,0.1
OFF-BI-10004908,"Avery Binder Covers, Economy",169.0,0.7400000000000011,26,0.05714285714285715
OFF-PA-10004627,"Eaton Computer Printout Paper, Multicolor",11.0,0.744,1,0.4
FUR-FU-10002240,Nu-Dell EZ-Mount Plastic Wall Frames,20.0,0.7879999999999998,8,0.3
FUR-BO-10003554,"Dania 3-Shelf Cabinet, Mobile",3081.0,0.7980000000000054,23,0.06000000000000001
TEC-AC-10002134,Rosewill 107 Normal Keys USB Wired Standard Keyboard,105.0,0.8087999999999997,9,0.06666666666666667
FUR-CH-10001972,"Hon Chairmat, Adjustable",627.0,0.815999999999999,21,0.25
OFF-JIF-10003842,"Jiffy Clasp Envelope, Security-Tint",75.0,0.815999999999999,8,0.09999999999999999
OFF-EN-10003834,"Cameo Business Envelopes, Recycled",87.0,0.8250000000000002,5,0.25
OFF-LA-10002324,"Smead Removable Labels, Adjustable",117.0,0.84,14,0.0
OFF-LA-10004462,"Smead Shipping Labels, Adjustable",6.0,0.846,1,0.4
FUR-FU-10001933,"Deflect-O Door Stop, Duo Pack",53.0,0.852,2,0.4
OFF-BI-10002523,"Wilson Jones Index Tab, Economy",104.0,0.8600000000000003,30,0.14285714285714285
OFF-LA-10003155,"Novimex Round Labels, Laser Printer Compatible",8.0,0.864,2,0.4
OFF-ACC-10004713,"Accos Staples, Assorted Sizes",46.0,0.870000000000001,9,0.25999999999999995
OFF-PA-10002011,"SanDisk Parchment Paper, Premium",253.0,0.8720000000000008,28,0.16666666666666666
OFF-ST-10003470,"Rogers Folders, Industrial",71.0,0.952,5,0.2
OFF-ACC-10004430,"Accos Rubber Bands, 12 Pack",22.0,0.9539999999999997,2,0.3
OFF-BI-10002483,"Cardinal Hole Reinforcements, Clear",110.0,0.9599999999999991,44,0.20833333333333334
OFF-HON-10000966,"Hon Round Labels, Alphabetical",103.0,0.96,16,0.0
OFF-PA-10002303,"Eaton Parchment Paper, Multicolor",120.0,0.96,12,0.0
OFF-EN-10004469,"Jiffy Manila Envelope, Recycled",99.0,0.96,4,0.0
OFF-LA-10003231,"Smead Round Labels, Adjustable",15.0,0.96,4,0.25
OFF-SU-10003046,"Elite Letter Opener, Steel",58.0,0.96,4,0.4
OFF-LA-10001417,"Hon File Folder Labels, Alphabetical",10.0,0.972,2,0.4
OFF-BI-10002414,"Ibico Index Tab, Economy",274.0,0.9819999999999998,43,0.09
OFF-SU-10003137,"Fiskars Letter Opener, Steel",115.0,1.0,9,0.2
OFF-AP-10003210,"Cuisinart Toaster, White",83.0,1.02,2,0.2
OFF-FA-10000474,"OIC Staples, 12 Pack",22.0,1.02,2,0.0
OFF-BI-10003350,Acco Expandable Hanging Binders,40.0,1.0208000000000004,11,0.35
OFF-PA-10004024,"Enermax Memo Slips, Recycled",8.0,1.024,1,0.2
OFF-EN-10002911,"Ames Manila Envelope, with clear poly window",68.0,1.032,4,0.4
OFF-STO-10000876,"Stockwell Push Pins, 12 Pack",13.0,1.05,1,0.0
OFF-SU-10001968,"Kleencut Letter Opener, Easy Grip",16.0,1.056,1,0.4
OFF-ELI-10000797,"Elite Ruler, High Speed",14.0,1.08,1,0.0
OFF-FA-10003587,"Advantus Push Pins, Assorted Sizes",72.0,1.08,10,0.4000000000000001
OFF-SU-10002363,"Fiskars Letter Opener, Easy Grip",71.0,1.08,4,0.4
OFF-AR-10002364,"BIC Pens, Easy-Erase",114.0,1.0994999999999995,10,0.194
OFF-BI-10004624,"Wilson Jones Binder, Durable",280.0,1.1000000000000012,31,0.06666666666666667
OFF-PA-10004335,"Green Bar Computer Printout Paper, Recycled",257.0,1.1522999999999968,12,0.2425
OFF-EAT-10003405,"Eaton Parchment Paper, Multicolor",106.0,1.158,9,0.2714285714285714
OFF-AR-10003958,Newell 337,10.0,1.1808,4,0.2
OFF-BI-10004364,Storex Dura Pro Binders,128.0,1.1879999999999988,38,0.4666666666666666
OFF-SU-10000272,"Stiletto Letter Opener, Easy Grip",72.0,1.2,4,0.4
OFF-FA-10003429,"Accos Paper Clips, Metal",13.0,1.2,1,0.0
OFF-LA-10002805,"Hon Color Coded Labels, Alphabetical",63.0,1.2,5,0.0
TEC-AC-10000387,KeyTronic KT800P2 - Keyboard - Black,75.0,1.2015999999999998,6,0.13333333333333333
OFF-FA-10001963,"Advantus Thumb Tacks, Assorted Sizes",10.0,1.206,1,0.1
OFF-SU-10004794,"Stiletto Shears, Steel",684.0,1.215999999999994,28,0.17142857142857146
OFF-LA-10003459,"Avery Removable Labels, Laser Printer Compatible",64.0,1.26,9,0.0
OFF-LA-10001230,"Smead Removable Labels, Adjustable",75.0,1.2800000000000007,16,0.13333333333333333
OFF-AR-10004552,"Boston Markers, Blue",26.0,1.29,1,0.0
OFF-AP-10003914,"Sanitaire Vibra Groomer IR Commercial Upright Vacuum, Replacement Belts",13.0,1.3,5,0.2
OFF-SU-10004802,"Stiletto Shears, Serrated",27.0,1.314,1,0.4
OFF-AP-10003577,"Cuisinart Blender, Black",133.0,1.32,2,0.0
OFF-AP-10000804,Hoover Portapower Portable Vacuum,62.0,1.3439999999999994,18,0.30000000000000004
OFF-AP-10000545,"Cuisinart Toaster, Black",141.0,1.36,4,0.0
OFF-LA-10003271,"Novimex Shipping Labels, Adjustable",203.0,1.36,34,0.0
OFF-EN-10000863,"Ames Business Envelopes, Set of 50",44.0,1.392,4,0.4
OFF-FA-10003954,"Stockwell Rubber Bands, Assorted Sizes",8.0,1.398,1,0.4
OFF-FA-10004792,"Advantus Staples, Bulk Pack",67.0,1.4079999999999995,10,0.13333333333333333
OFF-EN-10000251,"Jiffy Clasp Envelope, Security-Tint",57.0,1.424,8,0.1
OFF-AR-10000614,"Sanford Markers, Blue",71.0,1.5,5,0.2
OFF-BI-10002520,"Cardinal Hole Reinforcements, Recycled",61.0,1.5000000000000009,14,0.2
OFF-LA-10000483,"Harbour Creations Shipping Labels, Alphabetical",14.0,1.536,2,0.4
OFF-AP-10002906,Hoover Replacement Belt for Commercial Guardsman Heavy-Duty Upright Vacuum,10.0,1.554,5,0.13333333333333333
OFF-NOV-10000721,"Novimex File Folder Labels, Laser Printer Compatible",8.0,1.56,1,0.0
OFF-EN-10002427,"Ames Manila Envelope, Recycled",23.0,1.62,1,0.0
OFF-AP-10001626,"Commercial WindTunnel Clean Air Upright Vacuum, Replacement Belts, Filtration Bags",52.0,1.6338000000000008,17,0.2285714285714286
OFF-LA-10000685,"Avery Shipping Labels, Laser Printer Compatible",12.0,1.65,1,0.0
OFF-AVE-10002102,"Avery File Folder Labels, Adjustable",20.0,1.6560000000000001,4,0.39999999999999997
OFF-LA-10001019,"Hon Legal Exhibit Labels, Laser Printer Compatible",75.0,1.7160000000000006,13,0.24
OFF-XER-10000641,"Xerox Cards & Envelopes, Recycled",63.0,1.7520000000000007,2,0.3
OFF-FA-10004156,"Stockwell Push Pins, 12 Pack",14.0,1.77,1,0.0
OFF-BI-10004716,Wilson Jones Hanging Recycled Pressboard Data Binders,33.0,1.7807999999999993,4,0.44999999999999996
OFF-HON-10001508,"Hon Removable Labels, 5000 Label Set",102.0,1.8,10,0.0
OFF-LA-10004972,"Avery File Folder Labels, 5000 Label Set",48.0,1.8,5,0.0
OFF-LA-10000901,"Smead File Folder Labels, 5000 Label Set",37.0,1.8,4,0.0
OFF-FA-10001039,"Stockwell Clamps, 12 Pack",11.0,1.812,1,0.4
OFF-PA-10000947,"Eaton Memo Slips, Premium",148.0,1.8519999999999994,17,0.13333333333333333
OFF-FA-10000197,"Stockwell Rubber Bands, Assorted Sizes",35.0,1.8540000000000005,3,0.2
OFF-FA-10002058,"Stockwell Thumb Tacks, Assorted Sizes",111.0,1.8555000000000001,13,0.26
OFF-AR-10004115,"Sanford Markers, Blue",586.0,1.8599999999999994,31,0.15
OFF-GRE-10003213,"Green Bar Memo Slips, Premium",17.0,1.86,1,0.0
OFF-BI-10001662,"Avery Binder, Recycled",131.0,1.8719999999999997,16,0.08
TEC-AC-10002217,Imation Clip USB flash drive - 8 GB,444.0,1.879999999999999,25,0.08571428571428573
FUR-FU-10001393,"Deflect-O Stacking Tray, Erganomic",24.0,1.89,1,0.0
OFF-PA-10001492,"Enermax Note Cards, Premium",404.0,1.9049999999999905,17,0.2
TEC-CO-10003516,"Sharp Ink, High-Speed",2146.0,1.9049999999999976,19,0.06
TEC-AC-10002172,"Memorex Keyboard, Programmable",2260.0,1.9199999999999875,36,0.13
OFF-LA-10001676,"Hon Removable Labels, Adjustable",113.0,1.9199999999999995,16,0.2
OFF-LA-10001865,"Avery Round Labels, 5000 Label Set",15.0,1.92,2,0.0
OFF-ST-10004983,"Smead Shelving, Wire Frame",192.0,1.92,4,0.0
OFF-EN-10003673,"GlobeWeis Business Envelopes, Set of 50",21.0,2.028,3,0.4
OFF-BI-10002005,"Acco Index Tab, Clear",17.0,2.04,2,0.0
OFF-AVE-10000110,"Avery Round Labels, Laser Printer Compatible",34.0,2.0520000000000005,6,0.15
FUR-TEN-10004549,"Tenex Light Bulb, Durable",101.0,2.0579999999999994,7,0.175
FUR-FU-10002506,"Tensor ""Hersey Kiss"" Styled Floor Lamp",94.0,2.0784000000000002,8,0.06666666666666667
OFF-AR-10004272,Newell 308,8.0,2.1,5,0.0
OFF-LA-10003057,"Harbour Creations Legal Exhibit Labels, Adjustable",18.0,2.1,2,0.0
OFF-ENE-10000935,"Enermax Memo Slips, Premium",110.0,2.1,7,0.0
OFF-LA-10004727,"Hon File Folder Labels, Laser Printer Compatible",146.0,2.100000000000001,19,0.1
OFF-FA-10001401,"OIC Staples, 12 Pack",127.0,2.1080000000000005,19,0.12000000000000002
OFF-LA-10002731,"Smead Removable Labels, Laser Printer Compatible",72.0,2.111999999999999,14,0.13333333333333333
OFF-FA-10003727,"OIC Rubber Bands, Assorted Sizes",197.0,2.112000000000002,16,0.2
OFF-STI-10000144,"Stiletto Box Cutter, Steel",691.0,2.1419999999999995,21,0.0875
OFF-SU-10003780,"Elite Ruler, High Speed",33.0,2.16,4,0.4
OFF-ELI-10003732,"Elite Letter Opener, Easy Grip",55.0,2.16,2,0.0
OFF-STO-10003728,"Stockwell Paper Clips, Assorted Sizes",55.0,2.16,4,0.0
OFF-SU-10003559,"Kleencut Ruler, Steel",383.0,2.1815999999999987,37,0.1990909090909091
OFF-ACC-10004782,"Accos Staples, Metal",11.0,2.19,1,0.0
OFF-JIF-10000704,"Jiffy Clasp Envelope, Set of 50",12.0,2.196,2,0.35
FUR-FU-10002019,"Eldon Light Bulb, Durable",27.0,2.196,2,0.4
OFF-AP-10001797,"Cuisinart Blender, Black",221.0,2.2,5,0.0
FUR-TEN-10000377,"Tenex Light Bulb, Duo Pack",19.0,2.25,1,0.0
OFF-ACC-10000798,"Acco Hole Reinforcements, Economy",114.0,2.267999999999999,18,0.06
OFF-LA-10002323,"Harbour Creations Shipping Labels, 5000 Label Set",105.0,2.2799999999999994,15,0.06666666666666667
OFF-EN-10004801,"Ames Clasp Envelope, Security-Tint",19.0,2.28,2,0.0
OFF-SU-10001212,Kleencut Forged Office Shears by Acme United Corporation,9.0,2.2880000000000003,5,0.1
TEC-PH-10003655,Sannysis Cute Owl Design Soft Skin Case Cover for Samsung Galaxy S4,14.0,2.2967999999999997,8,0.1
OFF-AR-10000369,Design Ebony Sketching Pencil,14.0,2.3074,11,0.06666666666666667
OFF-SAN-10001326,"SanDisk Note Cards, 8.5 x 11",69.0,2.318999999999999,3,0.2333333333333333
OFF-SME-10003047,"Smead Color Coded Labels, Laser Printer Compatible",59.0,2.325000000000001,8,0.27999999999999997
OFF-SME-10003305,"Smead File Folder Labels, Adjustable",42.0,2.34,6,0.0
OFF-PA-10001259,"Green Bar Note Cards, 8.5 x 11",36.0,2.34,2,0.4
OFF-BI-10003094,Self-Adhesive Ring Binder Labels,22.0,2.3584000000000005,11,0.425
OFF-BI-10004769,"Wilson Jones Index Tab, Economy",6.0,2.37,1,0.0
OFF-EN-10001535,Grip Seal Envelopes,7.0,2.3868,2,0.2
TEC-PH-10001795,RCA H5401RE1 DECT 6.0 4-Line Cordless Handset With Caller ID/Call Waiting,240.0,2.3997,3,0.0
OFF-ST-10002074,"Tenex Box, Blue",83.0,2.4,5,0.0
OFF-AP-10002497,"Hamilton Beach Coffee Grinder, White",73.0,2.4,2,0.1
OFF-AVE-10001367,"Avery Legal Exhibit Labels, Alphabetical",11.0,2.43,1,0.0
OFF-FA-10001563,"Stockwell Staples, Bulk Pack",58.0,2.4873,6,0.15666666666666665
OFF-AP-10002577,"Hamilton Beach Coffee Grinder, Black",126.0,2.52,3,0.0
OFF-JIF-10000843,"Jiffy Manila Envelope, Set of 50",34.0,2.553000000000001,2,0.35
OFF-SAN-10000335,"SanDisk Parchment Paper, Premium",58.0,2.5739999999999994,4,0.15
OFF-EN-10000714,"Ames Mailers, Set of 50",417.0,2.5800000000000005,18,0.04
OFF-ELD-10004625,"Eldon Trays, Blue",474.0,2.5829999999999913,12,0.15555555555555556
OFF-XER-10001429,"Xerox Parchment Paper, Recycled",17.0,2.601,2,0.35
OFF-PA-10004124,"Xerox Message Books, Multicolor",22.0,2.61,1,0.0
OFF-ST-10000617,Woodgrain Magazine Files by Perma,70.0,2.6223999999999994,24,0.06666666666666667
OFF-ACM-10000277,"Acme Ruler, High Speed",67.0,2.64,4,0.0
OFF-LA-10001092,"Harbour Creations Removable Labels, Adjustable",17.0,2.64,2,0.0
OFF-SU-10002414,"Stiletto Ruler, Easy Grip",33.0,2.64,2,0.0
OFF-ST-10004835,Plastic Stacking Crates & Casters,35.0,2.6784,8,0.2
OFF-XER-10000482,"Xerox Note Cards, Multicolor",129.0,2.687999999999999,6,0.13999999999999999
OFF-PA-10003919,Xerox 1989,8.0,2.6892,2,0.2
OFF-LA-10004411,"Avery File Folder Labels, 5000 Label Set",57.0,2.7,6,0.0
OFF-PA-10003033,"Enermax Parchment Paper, Recycled",18.0,2.7,2,0.4
OFF-EN-10004404,"Jiffy Manila Envelope, with clear poly window",296.0,2.7,10,0.0
FUR-CH-10002362,"Hon Bag Chairs, Red",54.0,2.7,2,0.4
OFF-EN-10003838,"Cameo Business Envelopes, Security-Tint",34.0,2.7,2,0.0
OFF-HAR-10003659,"Harbour Creations Color Coded Labels, Adjustable",254.0,2.700000000000003,27,0.2333333333333333
OFF-FA-10001184,"Stockwell Staples, Assorted Sizes",58.0,2.73,7,0.0
OFF-AR-10003477,4009 Highlighters,8.0,2.7336,6,0.0
TEC-PH-10003078,"Cisco Speaker Phone, with Caller ID",166.0,2.736,2,0.4
TEC-PH-10001961,"Cisco Speaker Phone, Full Size",224.0,2.7719999999999985,2,0.2
OFF-BI-10000136,"Ibico Index Tab, Durable",213.0,2.7720000000000002,39,0.12
OFF-OIC-10003978,"OIC Staples, Assorted Sizes",26.0,2.7720000000000002,4,0.3
OFF-ST-10004496,"Tenex Box, Blue",372.0,2.790000000000001,23,0.025
OFF-AP-10003278,Belkin 7-Outlet SurgeMaster Home Series,107.0,2.794,10,0.24
OFF-LA-10003388,Avery 5,6.0,2.8224,2,0.0
FUR-FU-10004579,"Rubbermaid Door Stop, Durable",30.0,2.8359,1,0.27
OFF-LA-10003058,"Novimex Legal Exhibit Labels, Adjustable",42.0,2.8499999999999996,5,0.0
OFF-AR-10004974,Newell 342,10.0,2.8536,3,0.0
OFF-PA-10003640,"Eaton Cards & Envelopes, Recycled",228.0,2.8560000000000016,10,0.2
OFF-ST-10000806,"Fellowes Shelving, Industrial",152.0,2.862,3,0.2
OFF-KLE-10004673,"Kleencut Box Cutter, Serrated",247.0,2.865000000000001,10,0.35
OFF-PA-10003156,"Xerox Message Books, 8.5 x 11",98.0,2.88,4,0.0
OFF-AR-10001612,"Boston Pens, Easy-Erase",29.0,2.88,2,0.0
OFF-PA-10003273,"Green Bar Cards & Envelopes, Premium",290.0,2.88,6,0.0
OFF-AME-10002923,"Ames Clasp Envelope, Set of 50",18.0,2.8800000000000003,4,0.4666666666666666
OFF-LA-10002651,"Novimex Round Labels, Adjustable",61.0,2.8949999999999987,19,0.1
OFF-KRA-10004192,"Kraft Manila Envelope, Set of 50",26.0,2.91,1,0.0
OFF-FA-10004359,"OIC Paper Clips, Assorted Sizes",48.0,2.9699999999999998,5,0.25
OFF-HAR-10000242,"Harbour Creations Round Labels, Laser Printer Compatible",21.0,2.9699999999999998,3,0.0
TEC-MA-10001210,"Okidata Calculator, Durable",881.0,2.9880000000000013,18,0.08
OFF-AR-10004790,Staples,48.0,2.9925,5,0.2
OFF-EN-10004074,"GlobeWeis Clasp Envelope, Recycled",74.0,3.0,11,0.16666666666666666
OFF-PA-10001497,"Xerox Note Cards, 8.5 x 11",306.0,3.0,10,0.0
OFF-PA-10004433,"Green Bar Parchment Paper, Premium",33.0,3.0,2,0.0
OFF-AR-10002221,12 Colored Short Pencils,18.0,3.016,8,0.13333333333333333
OFF-EN-10000561,"Ames Business Envelopes, Recycled",61.0,3.024,6,0.4
OFF-LA-10001215,"Harbour Creations File Folder Labels, Laser Printer Compatible",9.0,3.03,1,0.0
OFF-AR-10001149,"Avery Hi-Liter Comfort Grip Fluorescent Highlighter, Yellow Ink",8.0,3.042,4,0.0
TEC-MA-10003885,"Okidata Calculator, Wireless",157.0,3.06,3,0.0
FUR-BO-10002975,"Dania Stackable Bookrack, Traditional",984.0,3.100000000000004,16,0.24000000000000005
OFF-PA-10000048,Xerox 20,6.0,3.1104,1,0.0
OFF-SU-10001455,"Acme Box Cutter, Easy Grip",158.0,3.12,4,0.0
OFF-AVE-10004412,"Avery Color Coded Labels, Alphabetical",34.0,3.1260000000000003,4,0.35
OFF-AR-10000540,"Binney & Smith Markers, Water Color",98.0,3.132,6,0.4
FUR-FU-10004587,"GE General Use Halogen Bulbs, 100 Watts, 1 Bulb per Pack",163.0,3.141000000000002,15,0.39999999999999997
OFF-AR-10003986,Avery Hi-Liter Pen Style Six-Color Fluorescent Set,8.0,3.157,2,0.0
OFF-SME-10001852,"Smead Removable Labels, Laser Printer Compatible",10.0,3.18,1,0.0
OFF-AR-10000767,"Binney & Smith Sketch Pad, Water Color",330.0,3.2,10,0.0
OFF-LA-10000216,"Novimex Round Labels, Alphabetical",59.0,3.2010000000000005,11,0.12
OFF-BI-10000301,GBC Instant Report Kit,166.0,3.2349999999999994,50,0.49230769230769234
OFF-LA-10000151,"Novimex Round Labels, Laser Printer Compatible",37.0,3.24,9,0.0
OFF-FA-10001764,"OIC Staples, Bulk Pack",68.0,3.24,6,0.0
OFF-BI-10000518,"Wilson Jones Index Tab, Clear",141.0,3.267,24,0.016666666666666666
OFF-BI-10003646,"Avery Index Tab, Economy",193.0,3.2894999999999985,31,0.09375
OFF-ACC-10002167,"Accos Paper Clips, Metal",66.0,3.3000000000000003,5,0.0
OFF-AVE-10004404,"Avery Shipping Labels, Alphabetical",84.0,3.3240000000000016,10,0.13999999999999999
OFF-LA-10002473,Avery 484,9.0,3.3408,4,0.2
FUR-FU-10004995,"Deflect-O Light Bulb, Durable",66.0,3.3432,5,0.185
OFF-FA-10000522,"Stockwell Thumb Tacks, 12 Pack",242.0,3.3440000000000016,35,0.14285714285714285
OFF-HAR-10001531,"Harbour Creations Removable Labels, Adjustable",60.0,3.3449999999999998,8,0.2333333333333333
OFF-FA-10000406,"Advantus Thumb Tacks, Metal",111.0,3.3479999999999994,13,0.06666666666666667
FUR-BUS-10004475,"Bush Floating Shelf Set, Traditional",565.0,3.3510000000000026,4,0.2333333333333333
FUR-ADV-10000108,"Advantus Clock, Erganomic",350.0,3.36,7,0.0
OFF-ST-10004331,"Eldon Folders, Single Width",34.0,3.36,2,0.0
OFF-ACC-10002327,"Accos Thumb Tacks, Metal",59.0,3.3899999999999997,5,0.35
OFF-FA-10001754,Stockwell Gold Paper Clips,8.0,3.404,5,0.1
OFF-ADV-10004030,"Advantus Push Pins, Metal",88.0,3.42,6,0.0
OFF-EN-10003560,"Kraft Clasp Envelope, with clear poly window",263.0,3.4239999999999995,34,0.07500000000000001
FUR-FU-10001063,"Eldon Light Bulb, Black",206.0,3.4499999999999993,13,0.3
OFF-BI-10002775,"Ibico Hole Reinforcements, Clear",32.0,3.4499999999999997,5,0.0
OFF-BI-10001153,Ibico Recycled Grain-Textured Covers,142.0,3.453999999999999,8,0.39999999999999997
OFF-AR-10004707,Staples,9.0,3.472,4,0.0
OFF-AP-10004052,"Hoover Replacement Belts For Soft Guard & Commercial Ltweight Upright Vacs, 2/Pk",56.0,3.475999999999999,18,0.2
OFF-HAM-10000430,"Hamilton Beach Blender, Black",70.0,3.51,1,0.0
OFF-ST-10004141,"Rogers Folders, Wire Frame",60.0,3.54,2,0.0
OFF-AR-10000823,Newell 307,19.0,3.5672,12,0.06666666666666667
OFF-SU-10004110,"Stiletto Scissors, Serrated",152.0,3.5679999999999996,12,0.13333333333333333
TEC-AC-10003133,Memorex Mini Travel Drive 4 GB USB 2.0 Flash Drive,14.0,3.5742,2,0.2
OFF-LA-10001930,"Hon Removable Labels, Adjustable",48.0,3.588,6,0.05
OFF-EN-10003785,"GlobeWeis Mailers, Set of 50",385.0,3.5999999999999996,10,0.0
OFF-FA-10000207,"OIC Clamps, Assorted Sizes",52.0,3.6,3,0.0
OFF-BRE-10004359,"Breville Coffee Grinder, White",120.0,3.6,2,0.0
OFF-LA-10004774,"Avery Shipping Labels, Alphabetical",12.0,3.6,1,0.0
FUR-FU-10003489,Contemporary Borderless Frame,36.0,3.6162,6,0.3
OFF-STO-10002803,"Stockwell Clamps, 12 Pack",18.0,3.63,1,0.0
OFF-BI-10002954,Newell 3-Hole Punched Plastic Slotted Magazine Holders for Binders,51.0,3.6559999999999997,20,0.43333333333333335
OFF-PA-10000476,"Eaton Computer Printout Paper, Premium",32.0,3.66,2,0.4
OFF-FA-10004269,"Accos Staples, Assorted Sizes",17.0,3.66,2,0.0
OFF-SAN-10004618,"SanDisk Memo Slips, Recycled",24.0,3.6660000000000004,2,0.3
OFF-ST-10001627,Eldon Jumbo ProFile Portable File Boxes Graphite/Black,37.0,3.6744,3,0.2
TEC-PH-10004348,OtterBox Defender Series Case - iPhone 5c,133.0,3.6979999999999995,5,0.30000000000000004
TEC-AC-10002370,Maxell CD-R Discs,16.0,3.7036,9,0.13333333333333333
FUR-SAF-10003402,"SAFCO Bag Chairs, Black",160.0,3.714000000000002,4,0.19999999999999998
OFF-ACM-10002713,"Acme Box Cutter, Steel",52.0,3.719999999999999,2,0.3
OFF-EN-10002491,"GlobeWeis Mailers, Recycled",45.0,3.72,2,0.4
FUR-FU-10001015,"Eldon Stacking Tray, Black",76.0,3.72,4,0.4
FUR-FU-10002698,"Deflect-O Clock, Erganomic",280.0,3.7319999999999993,16,0.45
OFF-AR-10000150,"Boston Pens, Water Color",127.0,3.74,11,0.0
OFF-AR-10002517,"BIC Highlighters, Blue",23.0,3.756,2,0.4
OFF-AP-10000600,"KitchenAid Coffee Grinder, Silver",95.0,3.76,2,0.0
OFF-AR-10001972,Newell 323,20.0,3.7632000000000003,14,0.06666666666666667
OFF-AR-10000422,Pencil and Crayon Sharpener,30.0,3.7668,16,0.15000000000000002
OFF-LA-10000321,"Novimex Color Coded Labels, Adjustable",25.0,3.84,4,0.25
OFF-LA-10000341,"Smead Shipping Labels, 5000 Label Set",96.0,3.84,8,0.0
OFF-NOV-10000808,"Novimex Round Labels, Adjustable",34.0,3.8939999999999992,10,0.24
TEC-PH-10000347,Cush Cases Heavy Duty Rugged Cover Case for Samsung Galaxy S5 - Purple,66.0,3.9105000000000003,17,0.20000000000000004
FUR-FU-10002722,"Tenex Photo Frame, Erganomic",283.0,3.935999999999999,6,0.05
OFF-BI-10004597,"Avery Binding Machine, Durable",322.0,3.936,8,0.2
OFF-STO-10003878,"Stockwell Clamps, Assorted Sizes",87.0,3.936,8,0.175
TEC-MEM-10001436,"Memorex Memory Card, USB",470.0,3.9480000000000075,6,0.2333333333333333
OFF-FA-10004637,"Accos Thumb Tacks, Metal",102.0,3.96,11,0.0
OFF-STO-10003605,"Stockwell Paper Clips, Metal",143.0,3.96,11,0.0
OFF-LA-10003372,"Smead Round Labels, Alphabetical",53.0,3.96,15,0.12000000000000002
OFF-EN-10003979,"Kraft Clasp Envelope, with clear poly window",25.0,3.96,2,0.0
OFF-AR-10000431,"Sanford Pens, Blue",22.0,3.96,2,0.0
OFF-FA-10004449,"OIC Clamps, Assorted Sizes",103.0,3.96,9,0.0
OFF-PA-10000655,"Enermax Parchment Paper, Multicolor",34.0,4.02,2,0.0
FUR-FU-10001935,"Eldon Light Bulb, Black",50.0,4.02,2,0.0
OFF-SU-10002131,"Elite Scissors, Serrated",221.0,4.0649999999999995,12,0.025
OFF-HOO-10001987,"Hoover Coffee Grinder, Red",138.0,4.08,2,0.0
OFF-LA-10001719,"Avery Color Coded Labels, 5000 Label Set",27.0,4.08,2,0.0
OFF-LA-10002159,"Hon Removable Labels, Adjustable",85.0,4.08,8,0.0
OFF-FA-10004139,"Advantus Thumb Tacks, 12 Pack",104.0,4.08,8,0.0
OFF-SU-10003540,"Acme Shears, Serrated",140.0,4.14,3,0.0
OFF-ST-10002618,"Tenex Folders, Blue",42.0,4.176,3,0.4
OFF-PA-10001421,"Green Bar Memo Slips, 8.5 x 11",25.0,4.188,2,0.4
OFF-LA-10004799,"Hon Legal Exhibit Labels, Alphabetical",106.0,4.2,10,0.0
FUR-HON-10004632,"Hon Chairmat, Black",106.0,4.2,2,0.0
OFF-FA-10002061,"Accos Paper Clips, Bulk Pack",28.0,4.2,2,0.0
OFF-EN-10000114,"Kraft Clasp Envelope, Security-Tint",228.0,4.2,20,0.0
FUR-ADV-10000188,"Advantus Stacking Tray, Erganomic",125.0,4.200000000000001,7,0.25999999999999995
FUR-ADV-10004395,"Advantus Door Stop, Durable",614.0,4.206000000000003,29,0.31999999999999995
OFF-FA-10004206,"Advantus Staples, 12 Pack",40.0,4.228,7,0.13333333333333333
OFF-ST-10002250,"Smead Folders, Industrial",43.0,4.248,4,0.4
OFF-AR-10001473,Newell 313,28.0,4.264,10,0.13333333333333333
OFF-PA-10001351,"Enermax Message Books, Multicolor",29.0,4.272,2,0.4
OFF-ST-10000300,"Eldon Folders, Wire Frame",509.0,4.290000000000001,35,0.125
OFF-SU-10002961,"Kleencut Ruler, Serrated",72.0,4.3199999999999985,9,0.16666666666666666
OFF-EN-10001621,"GlobeWeis Business Envelopes, Security-Tint",39.0,4.32,2,0.0
OFF-FA-10004310,"Advantus Staples, 12 Pack",62.0,4.32,6,0.0
OFF-BI-10004656,Peel & Stick Add-On Corner Pockets,39.0,4.32,30,0.39999999999999997
OFF-BI-10000312,"Cardinal Binder Covers, Economy",569.0,4.32,49,0.04285714285714286
OFF-ACC-10000375,"Accos Staples, 12 Pack",20.0,4.32,2,0.0
OFF-PA-10001661,Xerox 1922,12.0,4.3326,3,0.2
OFF-AR-10002710,"Sanford Pens, Easy-Erase",82.0,4.344,12,0.1
OFF-BI-10003429,"Cardinal HOLDit! Binder Insert Strips,Extra Strips",135.0,4.367700000000003,41,0.4555555555555556
OFF-AR-10000356,"Boston Highlighters, Fluorescent",40.0,4.38,2,0.0
OFF-LA-10004320,"Avery Legal Exhibit Labels, Alphabetical",30.0,4.4,4,0.0
OFF-AR-10001022,SANFORD Liquid Accent Tank-Style Highlighters,15.0,4.401999999999999,5,0.0
OFF-ST-10003648,"Smead Folders, Wire Frame",178.0,4.428000000000002,19,0.13333333333333333
OFF-IBI-10004959,"Ibico Binder, Economy",172.0,4.428000000000003,15,0.36666666666666664
OFF-AR-10001654,"Stanley Highlighters, Fluorescent",32.0,4.44,2,0.0
OFF-AR-10004918,"Binney & Smith Pens, Fluorescent",26.0,4.44,2,0.0
OFF-BI-10000724,"Avery Hole Reinforcements, Recycled",10.0,4.44,2,0.0
TEC-MEM-10000649,"Memorex Numeric Keypad, Bluetooth",287.0,4.445999999999998,10,0.475
FUR-FU-10000556,"Tenex Light Bulb, Durable",358.0,4.4832,26,0.11166666666666668
OFF-LA-10002744,"Novimex File Folder Labels, Adjustable",15.0,4.485,3,0.25
OFF-EN-10004870,"Jiffy Mailers, Security-Tint",677.0,4.488000000000001,31,0.16666666666666666
OFF-AR-10002704,Boston 1900 Electric Pencil Sharpener,15.0,4.494,1,0.0
OFF-KLE-10003227,"Kleencut Ruler, Steel",64.0,4.4940000000000015,7,0.4666666666666666
OFF-SU-10003624,"Stiletto Scissors, High Speed",236.0,4.5,10,0.0
OFF-PA-10004343,"Enermax Memo Slips, Premium",235.0,4.5,15,0.0
OFF-NOV-10001753,"Novimex Round Labels, Alphabetical",22.0,4.523999999999999,5,0.2333333333333333
OFF-AVE-10004508,"Avery Round Labels, Adjustable",42.0,4.536,9,0.09999999999999999
OFF-BI-10000765,"Avery Hole Reinforcements, Durable",69.0,4.556,20,0.15714285714285717
OFF-EN-10002240,"GlobeWeis Clasp Envelope, with clear poly window",46.0,4.590000000000001,5,0.16666666666666666
FUR-CH-10004448,"Hon Chairmat, Set of Two",69.0,4.596,2,0.4
TEC-AC-10003433,Maxell 4.7GB DVD+R 5/Pack,11.0,4.6035,13,0.08
OFF-FA-10000089,"OIC Rubber Bands, Assorted Sizes",29.0,4.62,2,0.0
OFF-LA-10002037,"Avery Shipping Labels, 5000 Label Set",83.0,4.632,10,0.2
OFF-AVE-10004159,"Avery File Folder Labels, 5000 Label Set",124.0,4.68,13,0.0
OFF-FA-10000459,"OIC Paper Clips, 12 Pack",28.0,4.68,2,0.0
OFF-STO-10004302,"Stockwell Paper Clips, Bulk Pack",64.0,4.686,6,0.35
OFF-ST-10000636,Rogers Profile Extra Capacity Storage Tub,519.0,4.6872,32,0.028571428571428574
OFF-AR-10000729,"Stanley Highlighters, Fluorescent",87.0,4.701600000000001,6,0.135
OFF-AR-10004746,"Binney & Smith Highlighters, Easy-Erase",40.0,4.704,4,0.4
OFF-EN-10003853,"Cameo Peel and Seal, Recycled",40.0,4.74,2,0.0
OFF-PA-10004411,"Xerox Memo Slips, Multicolor",20.0,4.76,2,0.0
FUR-IKE-10000619,"Ikea Corner Shelving, Pine",921.0,4.794000000000004,8,0.15
OFF-ELI-10001507,"Elite Scissors, Steel",22.0,4.8,1,0.0
OFF-BI-10002715,"Avery Index Tab, Clear",84.0,4.8,20,0.0
OFF-FA-10004527,"Advantus Thumb Tacks, Bulk Pack",227.0,4.840200000000001,20,0.16285714285714284
FUR-FU-10004909,Contemporary Wood/Metal Frame,194.0,4.848,18,0.35
OFF-AR-10000896,Newell 329,24.0,4.8544,8,0.1
OFF-FA-10004687,"Advantus Thumb Tacks, Bulk Pack",27.0,4.86,2,0.0
OFF-EN-10000694,"GlobeWeis Business Envelopes, Security-Tint",92.0,4.878,5,0.05
OFF-LA-10004919,"Smead Color Coded Labels, Alphabetical",320.0,4.896900000000002,34,0.28285714285714286
OFF-AR-10000315,"Dixon Ticonderoga Maple Cedar Pencil, #2",23.0,4.912000000000001,8,0.06666666666666667
OFF-ST-10000701,"Rogers Shelving, Single Width",75.0,4.932,2,0.4
OFF-PA-10002109,Wirebound Voice Message Log Book,15.0,4.9504,4,0.2
FUR-FU-10000955,"Advantus Stacking Tray, Durable",121.0,4.962,7,0.2
OFF-BI-10002524,"Cardinal Index Tab, Durable",15.0,4.98,2,0.0
FUR-BO-10002213,DMI Eclipse Executive Suite Bookcases,1629.0,5.0098,4,0.18333333333333335
OFF-HON-10004698,"Hon File Folder Labels, Laser Printer Compatible",82.0,5.016,10,0.15
OFF-BI-10001308,GBC Standard Plastic Binding Systems' Combs,110.0,5.023999999999997,30,0.425
OFF-HON-10001706,"Hon Legal Exhibit Labels, Alphabetical",128.0,5.04,12,0.0
OFF-SU-10000596,"Stiletto Trimmer, Steel",152.0,5.04,6,0.4
OFF-PA-10004923,"Xerox Memo Slips, Multicolor",180.0,5.04,12,0.0
OFF-LA-10004181,"Novimex File Folder Labels, Adjustable",12.0,5.04,2,0.0
OFF-BI-10004876,Wilson Jones Suede Grain Vinyl Binders,17.0,5.0596,8,0.2333333333333333
OFF-LA-10002319,"Smead Legal Exhibit Labels, Laser Printer Compatible",88.0,5.066999999999999,13,0.294
OFF-JIF-10000165,"Jiffy Business Envelopes, Recycled",142.0,5.075999999999999,11,0.27999999999999997
OFF-NOV-10003499,"Novimex Removable Labels, Adjustable",52.0,5.1,5,0.0
OFF-EN-10000428,"Cameo Clasp Envelope, with clear poly window",65.0,5.1,5,0.0
TEC-AC-10002718,Belkin Standard 104 key USB Keyboard,266.0,5.1065000000000005,21,0.16666666666666666
FUR-BO-10004834,"Safco 3-Shelf Cabinet, Mobile",154.0,5.124,1,0.1
OFF-ST-10003293,"Smead File Cart, Single Width",154.0,5.136,2,0.4
OFF-FA-10000840,OIC Thumb-Tacks,13.0,5.1414,13,0.13333333333333333
OFF-FA-10004401,"OIC Staples, Metal",52.0,5.152,9,0.30000000000000004
TEC-AC-10001101,Sony 16GB Class 10 Micro SDHC R40 Memory Card,191.0,5.155999999999999,16,0.1
OFF-FA-10004503,"Accos Staples, Assorted Sizes",46.0,5.16,8,0.25
OFF-AR-10001862,"Boston Pens, Water Color",125.0,5.16,13,0.31666666666666665
OFF-AVE-10002014,"Avery Shipping Labels, Adjustable",58.0,5.204999999999999,8,0.35
OFF-SU-10003651,"Elite Ruler, Serrated",223.0,5.22,23,0.2
OFF-BI-10002281,"Ibico Binder Covers, Clear",26.0,5.22,2,0.0
OFF-EN-10002961,"Kraft Clasp Envelope, Security-Tint",23.0,5.22,2,0.0
OFF-LA-10000095,"Avery Round Labels, Laser Printer Compatible",146.0,5.2278,31,0.3075
OFF-ST-10001172,"Fellowes Trays, Wire Frame",474.0,5.263999999999999,14,0.10000000000000002
OFF-FA-10004605,"OIC Clamps, Assorted Sizes",138.0,5.279999999999999,12,0.3333333333333333
OFF-PA-10000308,Xerox 1901,17.0,5.28,4,0.2
FUR-CH-10000068,"SAFCO Rocking Chair, Black",132.0,5.28,1,0.0
OFF-PA-10004287,"Enermax Message Books, Recycled",90.0,5.28,4,0.0
OFF-FA-10002600,"Accos Thumb Tacks, 12 Pack",117.0,5.28,13,0.125
OFF-SU-10003236,"Fiskars Scissors, High Speed",207.0,5.295999999999999,15,0.13333333333333333
OFF-ST-10004180,"Tenex File Cart, Single Width",241.0,5.328,2,0.1
OFF-LA-10004112,"Hon Shipping Labels, Alphabetical",67.0,5.34,10,0.4
OFF-PA-10003994,"Eaton Note Cards, Premium",182.0,5.354999999999997,9,0.16666666666666666
OFF-BI-10002103,"Cardinal Slant-D Ring Binder, Heavy Gauge Vinyl",180.0,5.387800000000001,37,0.41
OFF-FA-10003213,"Stockwell Paper Clips, Assorted Sizes",54.0,5.4,4,0.0
OFF-PA-10001302,"Eaton Memo Slips, Recycled",33.0,5.4,4,0.4
OFF-HAR-10000681,"Harbour Creations Legal Exhibit Labels, 5000 Label Set",34.0,5.4,3,0.0
OFF-EN-10003361,"GlobeWeis Manila Envelope, Security-Tint",596.0,5.4,20,0.0
TEC-AC-10003441,Kingston Digital DataTraveler 32GB USB 2.0,357.0,5.4239999999999995,22,0.05714285714285715
OFF-BI-10001787,Wilson Jones Four-Pocket Poly Binders,62.0,5.4282,17,0.425
OFF-LA-10004272,Avery 482,12.0,5.4332,4,0.0
OFF-BOS-10004950,"Boston Pens, Fluorescent",349.0,5.453999999999997,27,0.16
OFF-LA-10002868,"Hon Removable Labels, 5000 Label Set",100.0,5.4639999999999995,16,0.12000000000000002
OFF-LA-10003594,"Hon Removable Labels, Adjustable",74.0,5.4719999999999995,15,0.15
TEC-AC-10000487,SanDisk Cruzer 4 GB USB Flash Drive,26.0,5.5165,5,0.2
OFF-CAM-10003605,"Cameo Peel and Seal, Security-Tint",93.0,5.52,4,0.0
FUR-FU-10000718,"Rubbermaid Stacking Tray, Black",25.0,5.52,1,0.0
TEC-AC-10001187,"Memorex Keyboard, USB",1173.0,5.520000000000004,17,0.016666666666666666
OFF-LA-10002681,"Smead Round Labels, Laser Printer Compatible",57.0,5.5600000000000005,13,0.1
OFF-EN-10000139,"Ames Manila Envelope, Recycled",368.0,5.576000000000002,28,0.1142857142857143
OFF-SU-10000375,"Kleencut Box Cutter, Steel",543.0,5.587499999999999,19,0.1425
OFF-AP-10003400,"Hamilton Beach Toaster, Black",190.0,5.6,5,0.0
OFF-BI-10002012,Wilson Jones Easy Flow II Sheet Lifters,50.0,5.616,49,0.3833333333333333
OFF-PA-10002333,"Universal Ultra Bright White Copier/Laser Paper, 8 1/2"" x 11"", Ream",16.0,5.6376,3,0.2
FUR-OFF-10001125,"Office Star Rocking Chair, Adjustable",372.0,5.640000000000001,4,0.2333333333333333
OFF-PA-10003739,Xerox 1969,12.0,5.6644,2,0.0
FUR-BO-10004878,"Ikea 3-Shelf Cabinet, Traditional",171.0,5.688,2,0.4
OFF-AR-10003087,Staples,25.0,5.696,15,0.06666666666666667
OFF-BI-10002799,"SlimView Poly Binder, 3/8""",117.0,5.697999999999997,40,0.4571428571428572
OFF-ELI-10000711,"Elite Scissors, Serrated",95.0,5.699999999999999,5,0.0
OFF-ACC-10002853,"Accos Thumb Tacks, Bulk Pack",28.0,5.7,2,0.0
OFF-FA-10003703,"Accos Clamps, Assorted Sizes",34.0,5.7,2,0.0
OFF-PA-10001495,"Xerox Parchment Paper, Recycled",96.0,5.720000000000001,11,0.0
OFF-AR-10004027,"Binney & Smith inkTank Erasable Desk Highlighter, Chisel Tip, Yellow, 12/Box",18.0,5.7456,8,0.13333333333333333
OFF-FA-10003990,"Stockwell Clamps, Metal",304.0,5.76,16,0.0
OFF-STI-10000697,"Stiletto Ruler, High Speed",45.0,5.76,3,0.0
FUR-FU-10003283,"Rubbermaid Stacking Tray, Durable",191.0,5.763999999999999,17,0.32
OFF-JIF-10004213,"Jiffy Business Envelopes, Set of 50",40.0,5.82,2,0.0
OFF-FA-10002156,"Advantus Push Pins, Metal",302.0,5.827499999999997,23,0.1175
OFF-FA-10004076,Translucent Push Pins by OIC,25.0,5.841,15,0.13333333333333333
OFF-EN-10000378,"Jiffy Mailers, Set of 50",149.0,5.88,4,0.0
OFF-LA-10004285,"Smead Legal Exhibit Labels, Laser Printer Compatible",204.0,5.880000000000001,19,0.04
OFF-SU-10004630,"Acme Shears, Steel",158.0,5.904,4,0.2
OFF-SME-10001761,"Smead Shelving, Industrial",118.0,5.904,3,0.19999999999999998
OFF-OIC-10004255,"OIC Paper Clips, Assorted Sizes",24.0,5.94,2,0.0
OFF-ST-10000352,Acco Perma 2700 Stacking Storage Drawers,208.0,5.948,8,0.1
OFF-ST-10001034,Eldon File Chest Portable File,79.0,5.955,5,0.2
OFF-PA-10000215,"Eaton Parchment Paper, Premium",368.0,5.9568,29,0.038571428571428576
OFF-LA-10000779,"Hon Removable Labels, Laser Printer Compatible",40.0,6.0,6,0.0
OFF-GLO-10000201,"GlobeWeis Clasp Envelope, Recycled",38.0,6.029999999999999,5,0.3
OFF-BI-10001553,SpineVue Locking Slant-D Ring Binders by Cardinal,111.0,6.0324,22,0.3875
OFF-PA-10000816,"Enermax Memo Slips, Recycled",133.0,6.045,10,0.25
OFF-FA-10003546,"Stockwell Thumb Tacks, Metal",27.0,6.06,2,0.0
TEC-LOG-10004419,"Logitech Flash Drive, USB",242.0,6.078000000000003,11,0.32499999999999996
OFF-EN-10001733,"Cameo Interoffice Envelope, with clear poly window",51.0,6.09,1,0.0
OFF-AR-10001130,"Quartet Alpha White Chalk, 12/Pack",16.0,6.0996,8,0.1
OFF-AR-10001216,Newell 339,26.0,6.116,10,0.06666666666666667
OFF-FA-10003415,"Stockwell Push Pins, Bulk Pack",28.0,6.12,2,0.0
FUR-FU-10001260,"Rubbermaid Light Bulb, Erganomic",210.0,6.12,12,0.0
TEC-PH-10001870,Lunatik TT5L-002 Taktik Strike Impact Protection System for iPhone 5,282.0,6.123,6,0.26666666666666666
OFF-KRA-10002752,"Kraft Clasp Envelope, Recycled",40.0,6.15,5,0.0
TEC-AC-10001950,"Belkin Flash Drive, Programmable",319.0,6.16,11,0.0
OFF-LA-10000973,Avery 502,18.0,6.174,7,0.20000000000000004
OFF-ST-10003132,"Fellowes Box, Blue",520.0,6.192,31,0.17500000000000002
OFF-AME-10004651,"Ames Mailers, Recycled",312.0,6.209999999999999,9,0.0
OFF-SME-10004160,"Smead Folders, Wire Frame",287.0,6.228,18,0.0875
OFF-AVE-10004148,"Avery Color Coded Labels, Laser Printer Compatible",71.0,6.246,6,0.19999999999999998
TEC-PH-10000004,Belkin iPhone and iPad Lightning Cable,84.0,6.2958,7,0.2
OFF-BI-10003874,"Avery Index Tab, Clear",59.0,6.2985,11,0.085
OFF-EN-10003484,"Ames Clasp Envelope, Recycled",30.0,6.3,5,0.0
OFF-BI-10003985,"Cardinal Index Tab, Economy",18.0,6.3,2,0.0
OFF-PA-10003681,"Green Bar Message Books, Premium",48.0,6.3,4,0.30000000000000004
OFF-LA-10000473,"Harbour Creations File Folder Labels, Alphabetical",17.0,6.3,2,0.0
OFF-SU-10000429,"Elite Ruler, Easy Grip",92.0,6.3,6,0.0
OFF-SU-10001980,"Acme Letter Opener, High Speed",91.0,6.3,3,0.0
OFF-SU-10004727,"Stiletto Letter Opener, Easy Grip",113.0,6.300000000000001,6,0.3166666666666667
OFF-CUI-10000203,"Cuisinart Toaster, Black",74.0,6.305999999999999,2,0.3
FUR-ELD-10004559,"Eldon Stacking Tray, Erganomic",72.0,6.318000000000001,3,0.3
OFF-LA-10002883,"Avery Removable Labels, Alphabetical",56.0,6.319999999999999,10,0.26666666666666666
OFF-FA-10001838,"Stockwell Paper Clips, Metal",192.0,6.323999999999998,17,0.26
OFF-LA-10000793,"Harbour Creations Removable Labels, Laser Printer Compatible",90.0,6.336000000000001,12,0.2
OFF-PA-10000694,"Green Bar Message Books, Premium",232.0,6.341999999999999,14,0.2625
OFF-PA-10002001,Xerox 1984,13.0,6.3504,2,0.0
OFF-AR-10001227,Newell 338,24.0,6.3504000000000005,8,0.0
OFF-HON-10004825,"Hon File Folder Labels, Adjustable",75.0,6.359999999999999,15,0.4666666666666666
TEC-AC-10002844,"SanDisk Flash Drive, USB",159.0,6.36,4,0.0
FUR-FU-10001025,"Eldon Imàge Series Desk Accessories, Clear",53.0,6.3666,17,0.26666666666666666
TEC-MA-10000317,"StarTech Receipt Printer, Red",323.0,6.39,3,0.0
OFF-ST-10000290,"Rogers Folders, Single Width",225.0,6.3999999999999995,12,0.10000000000000002
OFF-STI-10001162,"Stiletto Letter Opener, Steel",183.0,6.444000000000001,8,0.13999999999999999
OFF-KLE-10002292,"Kleencut Scissors, Steel",109.0,6.45,5,0.0
OFF-AR-10003896,"Stride Job 150 Highlighters, Chisel Tip, Assorted Colors",18.0,6.4584,3,0.0
OFF-BI-10002712,"Acco Hole Reinforcements, Durable",44.0,6.4776,6,0.08
OFF-FA-10002393,"Accos Push Pins, Bulk Pack",59.0,6.4799999999999995,5,0.25
OFF-SME-10004323,"Smead Legal Exhibit Labels, 5000 Label Set",34.0,6.48,3,0.0
OFF-PA-10002941,"Green Bar Computer Printout Paper, Premium",75.0,6.48,4,0.3333333333333333
OFF-FA-10000720,"Advantus Rubber Bands, Bulk Pack",86.0,6.588000000000001,8,0.3
OFF-EN-10003316,"Jiffy Business Envelopes, Recycled",236.0,6.6095999999999995,18,0.16749999999999998
OFF-LA-10001731,"Avery Removable Labels, Alphabetical",177.0,6.623999999999999,20,0.19875
OFF-LA-10001669,"Smead Color Coded Labels, Adjustable",56.0,6.627,6,0.235
OFF-ADV-10000213,"Advantus Rubber Bands, Metal",58.0,6.654,4,0.15
TEC-MEM-10000723,"Memorex Mouse, Bluetooth",169.0,6.66,6,0.0
OFF-NOV-10002610,"Novimex File Folder Labels, Alphabetical",48.0,6.66,6,0.0
OFF-BI-10002062,"Acco Hole Reinforcements, Economy",106.0,6.660000000000001,27,0.12857142857142856
OFF-AR-10002833,Newell 322,29.0,6.6612,18,0.06666666666666667
FUR-FU-10002546,"Deflect-O Light Bulb, Durable",32.0,6.72,2,0.0
OFF-HOO-10001448,"Hoover Blender, White",686.0,6.72,7,0.0
OFF-AR-10000799,"Sanford Highlighters, Easy-Erase",914.0,6.7319999999999975,59,0.03888888888888889
OFF-AR-10001118,"Binney & Smith Crayola Metallic Crayons, 16-Color Pack",16.0,6.739999999999999,5,0.1
OFF-ST-10004972,"Eldon Shelving, Blue",58.0,6.744,2,0.4
FUR-BO-10003589,"Dania Floating Shelf Set, Traditional",102.0,6.75,1,0.4
FUR-FU-10003194,"Eldon Expressions Desk Accessory, Wood Pencil Holder, Oak",108.0,6.754999999999999,15,0.2
FUR-FU-10000820,Tensor Brushed Steel Torchiere Floor Lamp,147.0,6.795999999999999,10,0.2
OFF-AR-10001053,"Boston Pencil Sharpener, Easy-Erase",342.0,6.8,17,0.0
OFF-SU-10004514,"Elite Letter Opener, Easy Grip",27.0,6.81,1,0.0
OFF-EN-10003511,"Jiffy Interoffice Envelope, Security-Tint",49.0,6.81,1,0.0
OFF-LA-10002368,Avery 479,17.0,6.8382,7,0.06666666666666667
TEC-AC-10002881,"Belkin Numeric Keypad, Bluetooth",138.0,6.84,4,0.4
OFF-PA-10002352,"Eaton Parchment Paper, Premium",40.0,6.84,3,0.0
OFF-EAT-10002789,"Eaton Computer Printout Paper, Recycled",37.0,6.863999999999999,2,0.3
OFF-LA-10004058,"Hon Legal Exhibit Labels, 5000 Label Set",349.0,6.869999999999999,37,0.1875
OFF-LA-10002353,"Harbour Creations Legal Exhibit Labels, Laser Printer Compatible",110.0,6.8999999999999995,12,0.16666666666666666
OFF-SU-10000256,"Acme Scissors, Steel",50.0,6.9,2,0.0
OFF-SU-10002934,"Elite Shears, Serrated",87.0,6.96,2,0.0
FUR-BO-10004404,"Ikea 3-Shelf Cabinet, Pine",1484.0,6.9827999999999975,13,0.26
OFF-LA-10004947,"Hon Shipping Labels, 5000 Label Set",30.0,6.992,5,0.26666666666666666
OFF-AR-10004485,"Sanford Pens, Water Color",36.0,6.997199999999999,4,0.285
OFF-SU-10004762,"Fiskars Ruler, Steel",41.0,7.02,3,0.0
OFF-BI-10004195,"Ibico Binder Covers, Durable",343.0,7.0200000000000005,36,0.05000000000000001
OFF-ACC-10001285,"Acco Index Tab, Clear",174.0,7.0260000000000025,23,0.11666666666666665
OFF-BI-10000814,"Wilson Jones Binder, Recycled",290.0,7.048,38,0.14545454545454548
OFF-PA-10000871,"Enermax Cards & Envelopes, Recycled",235.0,7.05,5,0.0
OFF-FA-10000490,"OIC Binder Clips, Mini, 1/4"" Capacity, Black",15.0,7.0804,13,0.04
TEC-AC-10003873,"Memorex Mouse, Programmable",30.0,7.11,1,0.0
OFF-SU-10002032,"Fiskars Ruler, Steel",72.0,7.116,9,0.20000000000000004
OFF-FA-10002268,"OIC Clamps, 12 Pack",72.0,7.12,6,0.13333333333333333
OFF-SAN-10002020,"SanDisk Parchment Paper, Multicolor",79.0,7.128,5,0.15
TEC-SAN-10001738,"SanDisk Mouse, Programmable",56.0,7.134,2,0.3
OFF-EAT-10001303,"Eaton Message Books, Premium",61.0,7.139999999999999,5,0.4333333333333333
OFF-LA-10003505,"Avery Legal Exhibit Labels, Laser Printer Compatible",263.0,7.1484000000000005,26,0.11
OFF-EN-10001454,"Cameo Manila Envelope, with clear poly window",147.0,7.152,8,0.4
TEC-MOT-10004136,"Motorola Signal Booster, Cordless",570.0,7.152000000000008,7,0.32499999999999996
OFF-BI-10000042,"Pressboard Data Binder, Crimson, 12"" X 8 1/2""",33.0,7.1556,9,0.36666666666666664
OFF-SU-10001813,"Kleencut Ruler, Easy Grip",514.0,7.164,34,0.014285714285714287
OFF-SME-10002870,"Smead Legal Exhibit Labels, Alphabetical",66.0,7.199999999999999,6,0.0
OFF-PA-10000961,"Green Bar Parchment Paper, Premium",250.0,7.199999999999999,15,0.0
OFF-AR-10000543,"BIC Pencil Sharpener, Fluorescent",121.0,7.2,6,0.0
TEC-CO-10004365,"HP Wireless Fax, Color",723.0,7.2,2,0.0
OFF-AP-10002681,"Hamilton Beach Stove, Black",2022.0,7.207999999999998,6,0.06666666666666667
OFF-LA-10004055,Color-Coded Legal Exhibit Labels,15.0,7.2177,3,0.0
OFF-AR-10004961,"Sanford Sketch Pad, Easy-Erase",220.0,7.279999999999999,8,0.1
OFF-BI-10004148,"Avery Binder, Durable",68.0,7.28,7,0.0
OFF-FA-10002636,"Accos Staples, 12 Pack",93.0,7.290000000000001,9,0.0
OFF-BI-10004334,"Avery Hole Reinforcements, Durable",71.0,7.3145999999999995,13,0.15666666666666668
OFF-KRA-10004624,"Kraft Peel and Seal, Set of 50",40.0,7.32,2,0.0
OFF-LA-10001375,"Smead Removable Labels, 5000 Label Set",80.0,7.35,10,0.25
TEC-AC-10003709,Maxell 4.7GB DVD-R 5/Pack,20.0,7.3656,21,0.08
OFF-ST-10003572,Portfile Personal File Boxes,99.0,7.434,7,0.2
OFF-FA-10002163,"Stockwell Rubber Bands, Assorted Sizes",222.0,7.436000000000001,27,0.06666666666666667
OFF-ACM-10001704,"Acme Letter Opener, Serrated",108.0,7.44,4,0.0
OFF-LA-10000713,"Novimex Removable Labels, Adjustable",21.0,7.44,4,0.0
OFF-BI-10003708,"Acco Four Pocket Poly Ring Binder with Label Holder, Smoke, 1""",122.0,7.449999999999999,28,0.4000000000000001
OFF-SU-10004768,Acme Kleencut Forged Steel Scissors,35.0,7.462,7,0.13333333333333333
OFF-EN-10004938,"Ames Business Envelopes, Set of 50",123.0,7.464,11,0.31666666666666665
OFF-WIL-10001495,"Wilson Jones Index Tab, Recycled",52.0,7.476,9,0.13999999999999999
OFF-AR-10000799,Col-Erase Pencils with Erasers,37.0,7.478400000000001,7,0.1
OFF-AR-10001315,Newell 310,39.0,7.48,25,0.1142857142857143
OFF-AR-10003723,Avery Hi-Liter Fluorescent Desk Style Markers,20.0,7.5036000000000005,6,0.0
OFF-AR-10003770,Newell 340,26.0,7.5168,9,0.0
OFF-FEL-10001792,"Fellowes Folders, Wire Frame",515.0,7.5509999999999975,27,0.16153846153846155
OFF-AP-10004571,"Hoover Stove, Silver",759.0,7.56,2,0.0
OFF-SU-10000969,"Fiskars Box Cutter, Serrated",194.0,7.56,6,0.0
FUR-TA-10003637,"Lesro Coffee Table, with Bottom Storage",176.0,7.56,1,0.3
OFF-SU-10002327,"Fiskars Ruler, Easy Grip",96.0,7.56,6,0.0
FUR-FU-10000287,"Eldon Stacking Tray, Black",63.0,7.56,2,0.0
OFF-FA-10001272,"OIC Thumb Tacks, Assorted Sizes",24.0,7.56,2,0.0
OFF-BI-10004121,"Avery Index Tab, Durable",40.0,7.5600000000000005,6,0.0
FUR-ELD-10004727,"Eldon Stacking Tray, Black",202.0,7.5600000000000005,7,0.3
OFF-LA-10000560,"Smead File Folder Labels, Alphabetical",23.0,7.6,4,0.0
OFF-FA-10002676,Colored Push Pins,25.0,7.602,15,0.08
OFF-AP-10001606,"KitchenAid Toaster, Black",85.0,7.62,1,0.0
OFF-AR-10003557,"Boston Highlighters, Easy-Erase",38.0,7.62,2,0.0
OFF-FA-10001128,"Stockwell Clamps, Bulk Pack",61.0,7.656,6,0.2
OFF-STO-10001693,"Stockwell Paper Clips, Assorted Sizes",56.0,7.68,4,0.0
OFF-EN-10003858,"Jiffy Manila Envelope, Recycled",25.0,7.68,1,0.0
FUR-FU-10000175,DAX Wood Document Frame.,159.0,7.6888000000000005,16,0.35
OFF-FA-10002895,"Advantus Rubber Bands, Bulk Pack",209.0,7.699999999999998,21,0.14285714285714285
OFF-FA-10003021,Staples,36.0,7.708,22,0.13333333333333333
OFF-ADV-10002593,"Advantus Clamps, Bulk Pack",19.0,7.71,1,0.0
FUR-FU-10004427,"Advantus Stacking Tray, Erganomic",97.0,7.72,10,0.325
OFF-SME-10002467,"Smead Round Labels, Alphabetical",43.0,7.728,7,0.19999999999999998
OFF-PA-10002842,"Eaton Parchment Paper, Recycled",27.0,7.74,2,0.0
OFF-FA-10002639,"Advantus Staples, Metal",66.0,7.74,6,0.0
OFF-IBI-10000440,"Ibico Binder Covers, Clear",360.0,7.746000000000002,29,0.09333333333333332
TEC-AC-10004171,"SanDisk Numeric Keypad, Bluetooth",67.0,7.752,2,0.4
TEC-AC-10000857,"Belkin Router, Programmable",1210.0,7.762500000000017,6,0.225
OFF-FA-10001427,"Stockwell Paper Clips, Bulk Pack",230.0,7.763999999999999,25,0.03333333333333333
TEC-PH-10004578,"Nokia Office Telephone, with Caller ID",1047.0,7.790400000000009,21,0.17
OFF-FA-10004171,"Accos Paper Clips, Assorted Sizes",64.0,7.798500000000001,7,0.15
OFF-PA-10002218,"Enermax Note Cards, Multicolor",131.0,7.8,4,0.0
OFF-LA-10000767,"Hon Legal Exhibit Labels, Laser Printer Compatible",44.0,7.8,4,0.0
OFF-BI-10002393,Binder Posts,56.0,7.8064,16,0.45
OFF-HAR-10001855,"Harbour Creations Round Labels, Alphabetical",20.0,7.83,3,0.0
OFF-AR-10001545,Newell 326,37.0,7.8671999999999995,23,0.06666666666666667
TEC-MA-10003886,"Panasonic Phone, Wireless",113.0,7.88,2,0.0
OFF-LA-10004094,"Avery Removable Labels, 5000 Label Set",44.0,7.92,6,0.0
OFF-AP-10004372,"Hoover Coffee Grinder, White",268.0,7.92,4,0.0
OFF-LA-10001284,"Smead Round Labels, 5000 Label Set",162.0,7.92,22,0.0
OFF-SU-10001066,"Kleencut Box Cutter, Easy Grip",73.0,7.92,2,0.0
OFF-FIS-10002661,"Fiskars Shears, Steel",108.0,7.931999999999999,3,0.2333333333333333
OFF-FA-10002177,"OIC Clamps, Metal",284.0,7.938000000000001,15,0.05000000000000001
OFF-LA-10003297,"Avery Removable Labels, 5000 Label Set",22.0,7.98,2,0.0
OFF-LA-10000989,"Smead Round Labels, Adjustable",42.0,8.0,16,0.12000000000000002
OFF-ENE-10003066,"Enermax Memo Slips, Multicolor",17.0,8.01,1,0.0
OFF-GRE-10002510,"Green Bar Computer Printout Paper, Recycled",90.0,8.01,3,0.0
OFF-LA-10004487,"Harbour Creations Shipping Labels, Alphabetical",45.0,8.04,4,0.0
OFF-AP-10003431,"Hamilton Beach Toaster, Red",115.0,8.04,3,0.0
TEC-MA-10002093,"StarTech Card Printer, Durable",736.0,8.04,5,0.1
OFF-EN-10003413,"Kraft Manila Envelope, Security-Tint",266.0,8.0991,10,0.09000000000000001
OFF-LA-10003714,Avery 510,22.0,8.1,7,0.13333333333333333
OFF-SAN-10003152,"SanDisk Memo Slips, Multicolor",164.0,8.100000000000001,9,0.0
FUR-TA-10003030,"Lesro Training Table, Adjustable Height",176.0,8.1135,1,0.35
OFF-EN-10000387,"Kraft Clasp Envelope, Recycled",54.0,8.129999999999999,10,0.15
OFF-AR-10001919,"OIC #2 Pencils, Medium Soft",32.0,8.1404,17,0.05714285714285715
OFF-CAM-10004002,"Cameo Business Envelopes, Set of 50",105.0,8.147999999999998,8,0.13999999999999999
FUR-BO-10002740,"Ikea Classic Bookcase, Metal",2028.0,8.155999999999977,11,0.26666666666666666
OFF-NOV-10002258,"Novimex Legal Exhibit Labels, Alphabetical",41.0,8.16,4,0.0
TEC-MEM-10001163,"Memorex Mouse, Erganomic",208.0,8.16,8,0.0
OFF-SME-10001278,"Smead Shipping Labels, Alphabetical",33.0,8.19,3,0.0
OFF-FA-10000059,"Stockwell Clamps, Bulk Pack",83.0,8.196,6,0.2
OFF-AR-10003217,Newell 316,47.0,8.2152,11,0.1
OFF-AR-10004218,"BIC Pens, Fluorescent",58.0,8.216000000000001,6,0.1
OFF-FA-10003685,"Stockwell Rubber Bands, Bulk Pack",33.0,8.22,2,0.0
OFF-ST-10002220,"Fellowes File Cart, Blue",82.0,8.226,1,0.4
OFF-BI-10002160,Acco Hanging Data Binders,41.0,8.2296,17,0.32857142857142857
OFF-AR-10001231,"Sanford EarthWrite Recycled Pencils, Medium Soft, #2",30.0,8.232,14,0.0
OFF-PA-10003573,"Enermax Parchment Paper, 8.5 x 11",130.0,8.26,13,0.2
OFF-AR-10002096,"Binney & Smith Markers, Fluorescent",119.0,8.26,7,0.0
OFF-FA-10002815,"Stockwell Thumb Tacks, 12 Pack",26.0,8.28,2,0.0
TEC-AC-10002218,"Memorex Keyboard, Erganomic",414.0,8.28,6,0.0
OFF-BI-10001119,"Wilson Jones Index Tab, Clear",287.0,8.280000000000001,51,0.06875
OFF-SU-10001851,"Stiletto Ruler, Steel",62.0,8.288,8,0.13333333333333333
OFF-SU-10001794,"Elite Ruler, Steel",214.0,8.319999999999999,30,0.20000000000000004
OFF-FA-10000447,"Accos Paper Clips, Assorted Sizes",121.0,8.32,13,0.0
TEC-MA-10004249,"Epson Calculator, Durable",93.0,8.34,3,0.0
OFF-PA-10000859,Unpadded Memo Slips,18.0,8.358,5,0.1
OFF-AR-10004956,Newell 33,48.0,8.37,10,0.13333333333333333
OFF-LA-10003627,"Novimex Round Labels, Adjustable",63.0,8.3874,17,0.094
TEC-AC-10003416,"Memorex Mouse, USB",284.0,8.4,10,0.0
OFF-LA-10002544,"Novimex Color Coded Labels, Alphabetical",121.0,8.448,16,0.12000000000000002
OFF-LA-10001924,"Hon Round Labels, Adjustable",27.0,8.46,9,0.0
OFF-BI-10001658,GBC Standard Therm-A-Bind Covers,466.0,8.472799999999998,34,0.48333333333333334
OFF-AR-10001850,"BIC Highlighters, Fluorescent",485.0,8.486699999999999,27,0.14875
OFF-FA-10003893,"OIC Paper Clips, 12 Pack",182.0,8.488799999999998,15,0.128
FUR-FU-10004460,"Tenex Clock, Black",530.0,8.5,21,0.26
FUR-FU-10002659,"Tenex Door Stop, Erganomic",141.0,8.5,5,0.0
OFF-BI-10003919,"Ibico 3-Hole Punch, Recycled",74.0,8.544,4,0.4
OFF-AVE-10000585,"Avery Legal Exhibit Labels, Adjustable",27.0,8.55,3,0.0
OFF-FA-10003531,"Accos Thumb Tacks, Bulk Pack",41.0,8.55,3,0.0
TEC-AC-10004877,Imation 30456 USB Flash Drive 8GB,156.0,8.556000000000001,23,0.04
OFF-AR-10003856,Newell 344,45.0,8.5624,18,0.06666666666666667
TEC-PH-10000365,"Cisco Office Telephone, with Caller ID",864.0,8.564999999999998,14,0.25
OFF-PA-10001274,Loose Memo Sheets,18.0,8.5775,5,0.0
OFF-AR-10002255,Newell 346,32.0,8.6112,11,0.04
OFF-SU-10000932,"Fiskars Ruler, High Speed",131.0,8.613,10,0.15
OFF-AR-10002335,DIXON Oriole Pencils,44.0,8.6172,19,0.10000000000000002
OFF-BI-10001267,"Universal Recycled Hanging Pressboard Report Binders, Letter Size",73.0,8.638000000000002,20,0.48
OFF-PA-10003232,"Green Bar Cards & Envelopes, Recycled",58.0,8.64,2,0.4
OFF-LA-10004008,Avery 507,24.0,8.64,10,0.1
OFF-BI-10000279,"Acco Recycled 2"" Capacity Laser Printer Hanging Data Binders",85.0,8.67,10,0.475
FUR-BO-10001073,"Safco Classic Bookcase, Metal",1426.0,8.68859999999998,4,0.185
TEC-MA-10003486,"StarTech Phone, White",277.0,8.694,4,0.05
OFF-BI-10001407,"Acco Binder Covers, Recycled",27.0,8.7,2,0.0
OFF-PA-10003518,"Enermax Computer Printout Paper, Multicolor",299.0,8.7,10,0.0
OFF-BI-10003342,"Cardinal Binder, Economy",72.0,8.735999999999999,6,0.2
OFF-LA-10002821,"Harbour Creations Color Coded Labels, 5000 Label Set",68.0,8.736,10,0.20000000000000004
TEC-AC-10003027,Imation 8GB Mini TravelDrive USB 2.0 Flash Drive,351.0,8.7551,13,0.06666666666666667
FUR-FU-10000702,"Tenex Frame, Black",220.0,8.76,2,0.0
OFF-ST-10001195,"Smead Box, Wire Frame",216.0,8.778,25,0.13999999999999999
FUR-FU-10000448,Tenex Chairmats For Use With Carpeted Floors,176.0,8.789,11,0.0
FUR-FU-10000163,"Deflect-O Frame, Duo Pack",110.0,8.79,1,0.0
OFF-EN-10002464,"Cameo Peel and Seal, Security-Tint",331.0,8.790000000000003,17,0.18999999999999997
FUR-CH-10003485,"Hon Swivel Stool, Set of Two",1946.0,8.799999999999997,24,0.26666666666666666
OFF-STO-10000007,"Stockwell Staples, Bulk Pack",39.0,8.808,5,0.19999999999999998
OFF-FA-10004910,"Advantus Staples, Assorted Sizes",203.0,8.8485,25,0.07857142857142858
FUR-FU-10003276,"Rubbermaid Light Bulb, Durable",32.0,8.88,2,0.0
OFF-FA-10001152,"Stockwell Clamps, Metal",152.0,8.88,8,0.0
TEC-AC-10001445,Imation USB 2.0 Swivel Flash Drive USB flash drive - 4 GB - Pink,42.0,8.9082,14,0.0
FUR-FU-10001852,"Eldon Regeneration Recycled Desk Accessories, Smoke",33.0,8.9088,21,0.08
OFF-FA-10003059,Assorted Color Push Pins,34.0,8.923300000000001,21,0.1
OFF-AR-10004582,BIC Brite Liner Grip Highlighters,24.0,8.937999999999999,17,0.08
TEC-MA-10003816,"Epson Calculator, White",90.0,8.94,3,0.0
OFF-LA-10004677,Self-Adhesive Address Labels for Typewriters with Dispenser Box,27.0,8.9667,9,0.2
OFF-OIC-10004999,"OIC Push Pins, Metal",36.0,8.982,3,0.3
OFF-AR-10001770,Economy #2 Pencils,35.0,8.9908,13,0.0
OFF-LA-10004877,"Hon Legal Exhibit Labels, 5000 Label Set",23.0,9.0,2,0.0
OFF-KLE-10002550,"Kleencut Scissors, Serrated",114.0,9.0,6,0.0
OFF-BI-10000014,Heavy-Duty E-Z-D Binders,175.0,9.055299999999999,29,0.5
OFF-PA-10003543,Xerox 1985,26.0,9.072,5,0.2
OFF-BIC-10001458,"BIC Highlighters, Fluorescent",76.0,9.072000000000001,5,0.15
OFF-PA-10002464,"Green Bar Computer Printout Paper, Multicolor",258.0,9.112000000000002,13,0.05
OFF-WIL-10001069,"Wilson Jones Hole Reinforcements, Clear",134.0,9.113999999999999,35,0.0875
OFF-EAT-10004036,"Eaton Parchment Paper, Premium",54.0,9.12,4,0.0
OFF-AP-10001885,"Hamilton Beach Coffee Grinder, White",566.0,9.16,22,0.12000000000000002
OFF-AP-10002413,"Breville Coffee Grinder, Black",368.0,9.179999999999993,9,0.3333333333333333
OFF-ENE-10002470,"Enermax Cards & Envelopes, 8.5 x 11",102.0,9.18,2,0.0
OFF-KRA-10002441,"Kraft Business Envelopes, Recycled",19.0,9.21,1,0.0
OFF-AR-10002467,Dixon Ticonderoga Pencils,38.0,9.267800000000001,13,0.06666666666666667
OFF-BRE-10004933,"Breville Toaster, Silver",231.0,9.27,3,0.0
OFF-AR-10002257,"Eldon Spacemaker Box, Quick-Snap Lid, Clear",50.0,9.2852,18,0.16666666666666666
OFF-LA-10003327,"Hon Legal Exhibit Labels, Adjustable",90.0,9.296,16,0.05
OFF-ST-10001057,"Eldon Folders, Wire Frame",32.0,9.3,2,0.0
OFF-SU-10000822,"Fiskars Letter Opener, Steel",49.0,9.3,2,0.0
OFF-ELD-10002240,"Eldon Shelving, Wire Frame",443.0,9.306,10,0.06666666666666667
FUR-FU-10000550,Stacking Trays by OIC,73.0,9.312600000000002,19,0.2333333333333333
OFF-KIT-10003938,"KitchenAid Toaster, Red",145.0,9.324,3,0.4333333333333333
OFF-AR-10003183,Avery Fluorescent Highlighter Four-Color Set,66.0,9.352,24,0.17500000000000002
TEC-BEL-10004162,"Belkin Flash Drive, Erganomic",319.0,9.36,8,0.0
OFF-PA-10003296,"Xerox Message Books, Recycled",51.0,9.376,5,0.2
OFF-ST-10003231,"Fellowes Box, Industrial",94.0,9.38,7,0.0
OFF-HON-10004800,"Hon Shipping Labels, Alphabetical",40.0,9.384,5,0.2333333333333333
OFF-ST-10004035,"Rogers Box, Wire Frame",1042.0,9.432,51,0.10714285714285714
OFF-LA-10001800,"Hon Shipping Labels, Laser Printer Compatible",178.0,9.448,24,0.03333333333333333
OFF-AR-10000634,Newell 320,81.0,9.4588,23,0.17142857142857146
OFF-BI-10002386,"Acco Index Tab, Clear",191.0,9.465,24,0.07833333333333334
OFF-LA-10004623,"Smead Removable Labels, 5000 Label Set",171.0,9.465,27,0.33285714285714285
OFF-PA-10002372,"SanDisk Computer Printout Paper, Recycled",605.0,9.479999999999997,35,0.1
OFF-ADV-10004228,"Advantus Push Pins, Assorted Sizes",48.0,9.48,4,0.0
OFF-BI-10002075,"Wilson Jones Hole Reinforcements, Durable",70.0,9.486,21,0.18333333333333332
TEC-MA-10001267,"Epson Calculator, Red",203.0,9.4896,6,0.22333333333333336
OFF-LA-10000476,"Avery 05222 Permanent Self-Adhesive File Folder Labels for Typewriters, on Rolls, White, 250/Roll",20.0,9.498999999999999,5,0.0
OFF-STO-10002449,"Stockwell Rubber Bands, 12 Pack",96.0,9.540000000000001,6,0.0
OFF-AR-10000314,"BIC Highlighters, Fluorescent",121.0,9.540000000000001,9,0.0
FUR-SAF-10002616,"SAFCO Steel Folding Chair, Adjustable",731.0,9.540000000000004,9,0.175
TEC-PH-10002251,"Motorola Speaker Phone, Cordless",654.0,9.548000000000002,9,0.13333333333333333
FUR-FU-10002874,Ultra Commercial Grade Dual Valve Door Closer,64.0,9.5736,2,0.2
TEC-AC-10001090,Micro Innovations Wireless Classic Keyboard with Mouse,108.0,9.5968,4,0.1
OFF-LA-10001065,"Avery Round Labels, Alphabetical",74.0,9.6,16,0.0
OFF-FA-10000089,Acco Glide Clips,20.0,9.604,5,0.0
OFF-LA-10000765,"Smead Legal Exhibit Labels, 5000 Label Set",186.0,9.612,26,0.10000000000000002
OFF-AR-10000462,Sanford Pocket Accent Highlighters,22.0,9.632,14,0.0
OFF-WIL-10000986,"Wilson Jones Binder Covers, Economy",191.0,9.648000000000001,22,0.16249999999999998
OFF-AR-10003876,"Avery Hi-Liter GlideStik Fluorescent Highlighter, Yellow Ink",26.0,9.6496,9,0.1
FUR-BO-10001966,"Ikea Corner Shelving, Metal",686.0,9.671999999999997,9,0.06666666666666667
OFF-AR-10003481,Newell 348,66.0,9.7088,24,0.16666666666666666
OFF-FA-10004924,"Stockwell Paper Clips, Assorted Sizes",112.0,9.72,15,0.16
OFF-NOV-10001238,"Novimex Shipping Labels, Alphabetical",26.0,9.72,3,0.3
OFF-FA-10003485,Staples,27.0,9.7464,12,0.1
OFF-PA-10001450,Rediform S.O.S. Phone Message Books,20.0,9.7608,4,0.0
TEC-SHA-10001976,"Sharp Ink, High-Speed",123.0,9.78,1,0.0
OFF-BI-10004182,Economy Binders,29.0,9.796800000000001,19,0.30000000000000004
OFF-LA-10001188,"Novimex Shipping Labels, Adjustable",112.0,9.828,14,0.1
TEC-MA-10000122,"Okidata Calculator, Red",139.0,9.831999999999999,5,0.2
OFF-BIN-10001621,"Binney & Smith Canvas, Fluorescent",906.0,9.833999999999994,21,0.2111111111111111
FUR-FU-10003910,"Rubbermaid Stacking Tray, Durable",171.0,9.852,10,0.4
FUR-TA-10003510,"Hon Computer Table, Fully Assembled",346.0,9.867,1,0.3
OFF-BI-10000591,Avery Binder Labels,26.0,9.8806,8,0.22499999999999998
TEC-MA-10001279,"Panasonic Calculator, Wireless",503.0,9.9,10,0.0
OFF-PA-10001733,"Xerox Memo Slips, Recycled",27.0,9.9,2,0.0
OFF-ST-10003274,"Eldon Box, Wire Frame",112.0,9.9,14,0.125
OFF-XER-10003300,"Xerox Message Books, 8.5 x 11",275.0,9.911999999999999,14,0.13999999999999999
OFF-AP-10003794,"Cuisinart Refrigerator, Red",198.0,9.912,1,0.4
TEC-AC-10004406,"Memorex Keyboard, USB",143.0,9.96,2,0.0
FUR-FU-10002838,"Advantus Frame, Black",100.0,9.978,1,0.1
OFF-EN-10004820,"Cameo Manila Envelope, Security-Tint",196.0,10.0,12,0.13333333333333333
OFF-ST-10003729,"Tenex Box, Industrial",169.0,10.0,17,0.16666666666666666
OFF-AP-10004919,"Hamilton Beach Blender, White",144.0,10.02,2,0.0
OFF-AR-10002578,Newell 335,36.0,10.0224,12,0.0
OFF-AR-10001177,Newell 349,43.0,10.0368,14,0.06666666666666667
OFF-ST-10000520,"Eldon Folders, Blue",292.0,10.056,20,0.16
FUR-FU-10004464,"Deflect-O Clock, Durable",986.0,10.062000000000001,21,0.0125
TEC-PH-10003356,"SmartStand Mobile Device Holder, Assorted Colors",76.0,10.0656,13,0.13333333333333333
OFF-SME-10004754,"Smead Round Labels, Adjustable",34.0,10.079999999999998,7,0.0
OFF-LA-10000700,"Avery Legal Exhibit Labels, Laser Printer Compatible",68.0,10.08,6,0.0
OFF-PA-10000944,"Enermax Computer Printout Paper, 8.5 x 11",135.0,10.1076,5,0.22333333333333336
FUR-FU-10002364,"Eldon Expressions Wood Desk Accessories, Oak",184.0,10.110600000000002,33,0.16666666666666666
OFF-LA-10001867,"Avery Shipping Labels, Alphabetical",86.0,10.12,11,0.0
OFF-BI-10003669,3M Organizer Strips,83.0,10.151999999999997,26,0.3857142857142857
TEC-MA-10002459,"StarTech Printer, White",423.0,10.1628,2,0.17
OFF-FA-10003529,"Stockwell Thumb Tacks, Metal",86.0,10.180000000000001,12,0.2
OFF-AR-10003554,"Stanley Canvas, Blue",962.0,10.1862,25,0.21833333333333335
OFF-AP-10004655,"Holmes Visible Mist Ultrasonic Humidifier with 2.3-Gallon Output per Day, Replacement Filter",47.0,10.188,5,0.4
OFF-SU-10004290,"Acme Design Line 8"" Stainless Steel Bent Scissors w/Champagne Handles, 3-1/8"" Cut",45.0,10.1916,7,0.06666666666666667
FUR-BO-10001393,"Safco 3-Shelf Cabinet, Pine",2737.0,10.1952,18,0.128
OFF-STI-10003510,"Stiletto Trimmer, Easy Grip",44.0,10.2,1,0.0
OFF-BI-10004428,"Cardinal Binder, Clear",193.0,10.267999999999999,24,0.1142857142857143
TEC-PH-10002824,Jabra SPEAK 410 Multidevice Speakerphone,2019.0,10.299500000000009,13,0.26666666666666666
OFF-LA-10000553,"Hon Round Labels, Laser Printer Compatible",30.0,10.32,5,0.25
OFF-LA-10003778,"Novimex File Folder Labels, Alphabetical",40.0,10.35,5,0.0
OFF-FA-10001199,"Advantus Thumb Tacks, 12 Pack",165.0,10.36,24,0.16
OFF-FA-10003450,"Advantus Paper Clips, Metal",27.0,10.38,2,0.0
OFF-PA-10003424,"""While you Were Out"" Message Book, One Form per Page",25.0,10.388,8,0.13333333333333333
OFF-PA-10004990,"Xerox Note Cards, Recycled",262.0,10.439999999999998,12,0.3333333333333333
OFF-KRA-10002094,"Kraft Clasp Envelope, Security-Tint",45.0,10.44,4,0.0
OFF-FA-10003885,"Stockwell Rubber Bands, Metal",208.0,10.46,25,0.17142857142857146
TEC-CO-10002381,"Brother Personal Copier, High-Speed",1708.0,10.477719999999998,19,0.082
OFF-AR-10001694,"Sanford Canvas, Blue",538.0,10.56,16,0.0
OFF-EN-10003668,"Ames Business Envelopes, Recycled",34.0,10.56,3,0.0
OFF-BI-10000359,"Ibico Binder Covers, Durable",30.0,10.56,2,0.0
OFF-AR-10004148,"Sanford Pens, Easy-Erase",122.0,10.570500000000001,12,0.1125
OFF-AR-10004930,Turquoise Lead Holder with Pocket Clip,38.0,10.586,6,0.06666666666666667
OFF-BI-10000126,"Ibico Hole Reinforcements, Durable",66.0,10.628,13,0.1
FUR-FU-10003981,Eldon Wave Desk Accessories,29.0,10.6496,16,0.08
OFF-AR-10004165,"Binney & Smith inkTank Erasable Pocket Highlighter, Chisel Tip, Yellow",26.0,10.6704,12,0.06666666666666667
FUR-TA-10004667,"Bevis Wood Table, Adjustable Height",643.0,10.68,2,0.4
OFF-LA-10001793,"Avery Round Labels, Alphabetical",49.0,10.71,7,0.0
OFF-AR-10003811,Newell 327,41.0,10.7406,18,0.0
OFF-TEN-10001160,"Tenex Trays, Industrial",1046.0,10.749,21,0.14444444444444443
OFF-PA-10004673,"Eaton Note Cards, Multicolor",79.0,10.751999999999999,3,0.2
OFF-FA-10001229,Staples,30.0,10.7682,9,0.13333333333333333
OFF-EN-10000061,"Jiffy Clasp Envelope, Security-Tint",64.0,10.776,6,0.03333333333333333
OFF-FA-10001029,"OIC Push Pins, Assorted Sizes",222.0,10.8,27,0.0
OFF-GLO-10004123,"GlobeWeis Business Envelopes, Security-Tint",99.0,10.8,5,0.0
OFF-BI-10001643,"Acco Binder, Recycled",373.0,10.8,24,0.0
OFF-LA-10002337,"Smead Shipping Labels, 5000 Label Set",24.0,10.8,2,0.0
OFF-CUI-10001302,"Cuisinart Blender, Silver",271.0,10.8,4,0.0
OFF-EN-10001749,Jiffy Padded Mailers with Self-Seal Closure,30.0,10.8054,2,0.2
OFF-BI-10000348,"Cardinal Index Tab, Durable",140.0,10.815,25,0.21400000000000002
TEC-AC-10000212,"SanDisk Memory Card, Erganomic",1014.0,10.823999999999998,10,0.13333333333333333
OFF-STO-10003802,"Stockwell Rubber Bands, Assorted Sizes",136.0,10.866000000000001,11,0.21666666666666665
FUR-BO-10004434,"Ikea Library with Doors, Traditional",363.0,10.89,1,0.0
OFF-LA-10004400,"Hon Legal Exhibit Labels, Laser Printer Compatible",139.0,10.908000000000001,14,0.05
OFF-AR-10003794,"Boston Pencil Sharpener, Water Color",273.0,10.920000000000002,22,0.3
FUR-FU-10000444,"Advantus Stacking Tray, Erganomic",80.0,10.968,4,0.2
OFF-FA-10001710,"Advantus Rubber Bands, Metal",33.0,10.98,2,0.0
OFF-ST-10002318,"Smead Box, Industrial",23.0,10.98,2,0.0
FUR-FU-10000012,"Tenex Stacking Tray, Black",182.0,11.008000000000001,13,0.225
OFF-ST-10001458,"Rogers Folders, Blue",74.0,11.016,4,0.4
OFF-XER-10003329,"Xerox Computer Printout Paper, Multicolor",119.0,11.024999999999999,5,0.35
FUR-FU-10000018,"Eldon Clock, Erganomic",66.0,11.028,2,0.4
OFF-AP-10001169,"Cuisinart Microwave, White",996.0,11.04,4,0.1
OFF-HON-10001102,"Hon Legal Exhibit Labels, Adjustable",71.0,11.04,8,0.0
OFF-EN-10000122,"Ames Business Envelopes, Recycled",49.0,11.076,3,0.05
OFF-EN-10004181,"GlobeWeis Business Envelopes, Recycled",44.0,11.088,3,0.1
OFF-AR-10001427,Newell 330,60.0,11.1228,11,0.05
TEC-AC-10000332,"Logitech Keyboard, USB",965.0,11.158200000000008,19,0.21399999999999997
OFF-EN-10003817,"Jiffy Business Envelopes, Security-Tint",192.0,11.16,12,0.0
OFF-SU-10002522,Acme Kleen Earth Office Shears,45.0,11.1744,12,0.08
OFF-BI-10002296,"Acco Binder Covers, Economy",238.0,11.184000000000001,28,0.06666666666666667
TEC-PH-10000376,Square Credit Card Reader,174.0,11.1888,22,0.17142857142857146
OFF-LA-10002381,Avery 497,24.0,11.211200000000002,8,0.1
OFF-AR-10000706,"Sanford Highlighters, Fluorescent",34.0,11.22,2,0.0
OFF-BI-10000583,"Wilson Jones Hole Reinforcements, Clear",102.0,11.2281,31,0.16166666666666665
TEC-LOG-10003079,"Logitech Flash Drive, Erganomic",73.0,11.232000000000001,4,0.2333333333333333
OFF-SU-10001891,"Stiletto Box Cutter, Easy Grip",38.0,11.25,1,0.0
OFF-PA-10000423,"Enermax Computer Printout Paper, Recycled",227.0,11.280000000000001,8,0.0
OFF-PA-10000141,"Ampad Evidence Wirebond Steno Books, 6"" x 9""",27.0,11.2924,14,0.1
OFF-AR-10004817,Colorific Watercolor Pencils,51.0,11.3004,11,0.06666666666666667
OFF-AP-10002882,"KitchenAid Coffee Grinder, Silver",263.0,11.334000000000003,6,0.325
OFF-OIC-10004810,"OIC Paper Clips, Metal",44.0,11.34,3,0.0
OFF-AP-10000595,Disposable Triple-Filter Dust Bags,44.0,11.362,10,0.0
OFF-IBI-10002486,"Ibico Index Tab, Clear",123.0,11.376000000000001,15,0.10769230769230768
OFF-BI-10000756,Storex DuraTech Recycled Plastic Frosted Binders,94.0,11.448,39,0.5
TEC-AC-10002857,"Verbatim 25 GB 6x Blu-ray Single Layer Recordable Disc, 1/Pack",84.0,11.473,14,0.20000000000000004
OFF-SU-10000925,"Fiskars Box Cutter, High Speed",165.0,11.479999999999999,7,0.0
OFF-AR-10002766,Prang Drawing Pencil Set,56.0,11.5092,22,0.05
OFF-EN-10003422,"Kraft Peel and Seal, Recycled",77.0,11.52,4,0.0
OFF-FA-10001030,"Stockwell Paper Clips, Assorted Sizes",84.0,11.52,6,0.0
OFF-PA-10003835,"SanDisk Memo Slips, Premium",34.0,11.52,2,0.0
OFF-BI-10003768,"Acco Index Tab, Clear",32.0,11.52,4,0.0
OFF-HAR-10004099,"Harbour Creations Removable Labels, 5000 Label Set",90.0,11.520000000000001,12,0.31666666666666665
OFF-ADV-10003369,"Advantus Thumb Tacks, Assorted Sizes",114.0,11.526,11,0.12
OFF-EN-10003472,"Cameo Clasp Envelope, Security-Tint",220.0,11.543999999999999,30,0.06666666666666667
OFF-LA-10001063,"Novimex Removable Labels, 5000 Label Set",51.0,11.544,9,0.13333333333333333
OFF-EN-10002778,"Ames Clasp Envelope, Set of 50",51.0,11.58,11,0.05
FUR-ADV-10003326,"Advantus Light Bulb, Black",54.0,11.589,4,0.32499999999999996
OFF-BI-10000719,"Wilson Jones Hole Reinforcements, Clear",47.0,11.616,20,0.06666666666666667
OFF-HON-10003538,"Hon File Folder Labels, 5000 Label Set",34.0,11.664,5,0.19999999999999998
OFF-EN-10000025,"Cameo Interoffice Envelope, Recycled",284.0,11.664000000000001,14,0.30000000000000004
OFF-EN-10000219,"Jiffy Clasp Envelope, Recycled",113.0,11.675999999999998,19,0.13999999999999999
OFF-BI-10000925,"Avery Hole Reinforcements, Economy",98.0,11.678,41,0.19
OFF-LA-10000519,"Novimex File Folder Labels, Laser Printer Compatible",186.0,11.684999999999999,26,0.08333333333333333
OFF-BI-10004510,"Avery 3-Hole Punch, Durable",70.0,11.688,4,0.4
OFF-ACC-10003806,"Accos Clamps, Metal",48.0,11.7,3,0.19999999999999998
OFF-STO-10004940,"Stockwell Push Pins, Assorted Sizes",36.0,11.7,3,0.0
TEC-APP-10000135,"Apple Office Telephone, with Caller ID",195.0,11.7,3,0.0
OFF-BI-10000145,Zipper Ring Binder Pockets,81.0,11.731200000000001,44,0.37692307692307686
OFF-EN-10000296,"Cameo Business Envelopes, Security-Tint",325.0,11.745000000000001,20,0.05000000000000001
TEC-NOK-10001319,"Nokia Headset, Full Size",595.0,11.76,8,0.0
OFF-LA-10004799,"Hon Shipping Labels, Adjustable",75.0,11.76,12,0.0
OFF-BI-10004078,"Wilson Jones 3-Hole Punch, Clear",588.0,11.777999999999999,25,0.12666666666666668
OFF-ST-10002515,"Eldon Lockers, Wire Frame",236.0,11.796,2,0.4
OFF-EN-10001480,"Kraft Interoffice Envelope, Security-Tint",266.0,11.808,6,0.1
OFF-BI-10000305,"Wilson Jones Index Tab, Durable",117.0,11.8275,16,0.125
FUR-FU-10003658,"Tenex Light Bulb, Duo Pack",427.0,11.835,24,0.05714285714285715
OFF-AR-10002783,"Stanley Pencil Sharpener, Water Color",1376.0,11.85,58,0.049999999999999996
OFF-LA-10001170,"Harbour Creations Color Coded Labels, 5000 Label Set",47.0,11.865,5,0.25
OFF-AVE-10000802,"Avery Removable Labels, Adjustable",26.0,11.879999999999999,3,0.0
OFF-NOV-10003578,"Novimex Color Coded Labels, Laser Printer Compatible",49.0,11.88,4,0.0
FUR-FU-10002800,"Tenex Photo Frame, Erganomic",303.0,11.88,12,0.26
OFF-STI-10002519,"Stiletto Trimmer, High Speed",146.0,11.91,4,0.19999999999999998
TEC-MA-10002686,"Okidata Card Printer, White",1507.0,11.915999999999993,13,0.2875
FUR-FU-10001933,"Rubbermaid Stacking Tray, Erganomic",44.0,11.94,2,0.0
OFF-AVE-10001079,"Avery File Folder Labels, Laser Printer Compatible",27.0,11.97,3,0.0
OFF-AR-10003190,Newell 32,49.0,11.9808,17,0.03333333333333333
FUR-TA-10001642,"Lesro Round Table, Rectangular",959.0,11.984,4,0.2
OFF-BI-10003392,"Acco Binder Covers, Durable",133.0,11.992,14,0.04
TEC-AC-10000926,NETGEAR RangeMax WNR1000 Wireless Router,60.0,11.9952,3,0.2
OFF-LA-10003967,"Smead Color Coded Labels, Adjustable",55.0,12.0,5,0.0
FUR-FU-10001194,"Rubbermaid Light Bulb, Duo Pack",76.0,12.0,4,0.0
OFF-AR-10002640,"Boston Pens, Blue",779.0,12.006,55,0.0071428571428571435
OFF-ST-10001414,Decoflex Hanging Personal Folder File,46.0,12.0276,3,0.0
OFF-EN-10000940,"Ames Interoffice Envelope, Recycled",410.0,12.04,14,0.0
OFF-HAR-10004816,"Harbour Creations Shipping Labels, Alphabetical",67.0,12.059999999999999,6,0.0
TEC-CO-10000407,"HP Copy Machine, Color",206.0,12.0765,1,0.15
FUR-CH-10001802,Hon Every-Day Chair Series Swivel Task Chairs,968.0,12.097999999999999,10,0.19999999999999998
OFF-ST-10003282,"Fellowes Folders, Single Width",53.0,12.12,2,0.0
OFF-SU-10004373,"Kleencut Scissors, Steel",43.0,12.12,2,0.0
OFF-AR-10003085,"Stanley Markers, Easy-Erase",45.0,12.12,2,0.0
OFF-EN-10000938,"Jiffy Business Envelopes, Security-Tint",64.0,12.12,4,0.0
TEC-AC-10003548,"Logitech Flash Drive, Bluetooth",85.0,12.128,5,0.2
OFF-FA-10000487,"Stockwell Paper Clips, Bulk Pack",42.0,12.15,3,0.0
FUR-RUB-10001717,"Rubbermaid Photo Frame, Durable",245.0,12.15,5,0.0
OFF-PA-10004405,Rediform Voice Mail Log Books,29.0,12.1584,11,0.1
OFF-SU-10003277,"Elite Ruler, Serrated",73.0,12.18,7,0.03333333333333333
OFF-EN-10002491,"Cameo Peel and Seal, Set of 50",42.0,12.18,2,0.0
OFF-LA-10002334,"Novimex Removable Labels, Adjustable",216.0,12.18,22,0.1
OFF-EN-10002710,"GlobeWeis Interoffice Envelope, with clear poly window",232.0,12.192,7,0.05
OFF-AP-10003275,"KitchenAid Microwave, Silver",2955.0,12.225000000000009,11,0.13999999999999999
OFF-AR-10002331,"Binney & Smith Canvas, Blue",411.0,12.24,8,0.0
OFF-LA-10004488,"Novimex Color Coded Labels, Adjustable",234.0,12.264,25,0.16
OFF-FA-10003631,"Advantus Paper Clips, Metal",61.0,12.2742,6,0.15666666666666665
OFF-BI-10003529,Avery Round Ring Poly Binders,38.0,12.2972,17,0.3
OFF-GLO-10004610,"GlobeWeis Peel and Seal, with clear poly window",249.0,12.3,10,0.0
OFF-BI-10002061,"Ibico Binder, Recycled",32.0,12.3,2,0.0
OFF-AR-10003028,"Binney & Smith Highlighters, Blue",83.0,12.3,5,0.0
OFF-FA-10001925,"Advantus Staples, 12 Pack",167.0,12.3096,20,0.21800000000000003
OFF-PA-10003956,"SanDisk Parchment Paper, Recycled",166.0,12.420000000000002,11,0.125
OFF-SU-10004115,Acme Stainless Steel Office Snips,82.0,12.4317,13,0.1
TEC-MEM-10002524,"Memorex Mouse, USB",357.0,12.438000000000006,15,0.08571428571428572
OFF-CAR-10004886,"Cardinal Binder, Economy",293.0,12.452999999999998,32,0.24666666666666665
OFF-BI-10003727,Avery Durable Slant Ring Binders With Label Holder,91.0,12.456400000000002,36,0.4888888888888888
OFF-FA-10003789,"Accos Push Pins, Metal",184.0,12.48,14,0.1
OFF-BI-10000287,"Wilson Jones Index Tab, Recycled",27.0,12.48,4,0.0
OFF-LA-10002258,"Smead File Folder Labels, Adjustable",68.0,12.496,16,0.08
OFF-FIS-10001591,"Fiskars Trimmer, High Speed",372.0,12.54,10,0.12
OFF-FA-10000439,"Stockwell Thumb Tacks, Assorted Sizes",129.0,12.552,18,0.06666666666666667
OFF-BI-10002885,"Avery Hole Reinforcements, Recycled",39.0,12.564599999999999,10,0.21000000000000002
TEC-AC-10004791,"Belkin Keyboard, USB",403.0,12.582,5,0.05
OFF-LA-10000818,"Hon Round Labels, Alphabetical",26.0,12.6,4,0.0
OFF-LA-10003511,"Avery Round Labels, Adjustable",75.0,12.6,15,0.0
OFF-BI-10004528,Cardinal Poly Pocket Divider Pockets for Ring Binders,41.0,12.6,15,0.2
OFF-BIN-10000170,"Binney & Smith Pencil Sharpener, Fluorescent",321.0,12.6,12,0.0
FUR-BO-10002852,"Bush Stackable Bookrack, Pine",252.0,12.6,2,0.0
OFF-AR-10004752,Blackstonian Pencils,49.0,12.602400000000001,19,0.05
OFF-FA-10004684,"Advantus Thumb Tacks, Metal",143.0,12.615,11,0.025
FUR-ADV-10001855,"Advantus Stacking Tray, Durable",89.0,12.618000000000002,4,0.15
OFF-LA-10000345,"Avery File Folder Labels, Laser Printer Compatible",48.0,12.64,10,0.2
OFF-LA-10004050,"Hon Color Coded Labels, Laser Printer Compatible",96.0,12.674999999999999,10,0.16666666666666666
OFF-ST-10000423,"Rogers Trays, Blue",780.0,12.679999999999996,21,0.1142857142857143
OFF-PA-10001837,Xerox 1976,37.0,12.700800000000001,7,0.2
FUR-FU-10000714,"Tenex Light Bulb, Black",464.0,12.704999999999998,28,0.10571428571428572
TEC-CO-10001343,"Canon Fax Machine, Digital",636.0,12.72,2,0.0
OFF-PA-10004261,"Green Bar Memo Slips, 8.5 x 11",98.0,12.74,7,0.0
OFF-AP-10002287,"Eureka Sanitaire  Multi-Pro Heavy-Duty Upright, Disposable Bags",82.0,12.7604,22,0.12000000000000002
OFF-AR-10003890,"Binney & Smith Pens, Blue",72.0,12.78,6,0.0
OFF-BI-10003400,"Cardinal Binder Covers, Economy",147.0,12.8,20,0.1142857142857143
OFF-ST-10002463,"Eldon Trays, Single Width",461.0,12.8,20,0.2
OFF-BI-10004002,Wilson Jones International Size A4 Ring Binders,175.0,12.802000000000007,18,0.37142857142857144
OFF-LA-10001169,"Harbour Creations Round Labels, Laser Printer Compatible",186.0,12.825,30,0.125
OFF-PA-10004741,"SanDisk Cards & Envelopes, 8.5 x 11",862.0,12.834,17,0.04
OFF-AR-10000513,"BIC Pencil Sharpener, Easy-Erase",88.0,12.839999999999998,4,0.25
OFF-FIS-10001399,"Fiskars Ruler, Serrated",68.0,12.846000000000002,8,0.24
OFF-BI-10002990,"Acco Index Tab, Clear",114.0,12.894,14,0.03333333333333333
OFF-PA-10001258,"Green Bar Cards & Envelopes, Multicolor",1962.0,12.93,43,0.08333333333333333
OFF-XER-10002906,"Xerox Memo Slips, Premium",55.0,12.96,4,0.0
TEC-PH-10001183,"Samsung Office Telephone, with Caller ID",261.0,12.96,4,0.0
OFF-EN-10003398,"Jiffy Peel and Seal, Security-Tint",40.0,12.978,2,0.1
TEC-PH-10002365,Belkin Grip Candy Sheer Case / Cover for iPhone 5 and 5S,65.0,12.9944,8,0.06666666666666667
TEC-PH-10004924,"SKILCRAFT Telephone Shoulder Rest, 2"" x 6.5"" x 2.5"", Black",57.0,13.006400000000001,8,0.06666666666666667
OFF-SU-10001397,"Acme Box Cutter, Steel",37.0,13.02,1,0.0
OFF-PA-10004766,"Enermax Message Books, Premium",45.0,13.02,2,0.0
OFF-AR-10001547,Newell 311,62.0,13.039,30,0.07500000000000001
FUR-FU-10004164,"Eldon 300 Class Desk Accessories, Black",30.0,13.068000000000001,6,0.0
OFF-BI-10001150,"Avery Index Tab, Economy",44.0,13.086,9,0.175
OFF-BIC-10001632,"BIC Pens, Easy-Erase",322.0,13.110000000000003,27,0.14615384615384613
FUR-FU-10003026,"Eldon Regeneration Recycled Desk Accessories, Black",40.0,13.116399999999999,9,0.06666666666666667
OFF-PA-10001456,"Eaton Memo Slips, 8.5 x 11",192.0,13.12,16,0.0
FUR-HON-10001627,"Hon Swivel Stool, Adjustable",880.0,13.122000000000007,6,0.175
OFF-AR-10003772,Boston 16750 Black Compact Battery Pencil Sharpener,44.0,13.125,5,0.0
OFF-GLO-10004223,"GlobeWeis Clasp Envelope, Security-Tint",59.0,13.14,6,0.15
OFF-CAR-10003030,"Cardinal Index Tab, Economy",177.0,13.163999999999993,34,0.22499999999999998
OFF-AR-10001246,Newell 317,80.0,13.1712,32,0.1142857142857143
OFF-BI-10001759,"Acco Pressboard Covers with Storage Hooks, 14 7/8"" x 11"", Dark Blue",59.0,13.1826,24,0.3
OFF-GRE-10002555,"Green Bar Memo Slips, 8.5 x 11",88.0,13.188000000000002,7,0.2333333333333333
TEC-AC-10004811,"Memorex Flash Drive, USB",148.0,13.2,5,0.0
OFF-OIC-10000121,"OIC Paper Clips, 12 Pack",56.0,13.2,4,0.0
OFF-PA-10000955,Southworth 25% Cotton Granite Paper & Envelopes,39.0,13.2108,7,0.13333333333333333
OFF-PA-10003943,"Green Bar Computer Printout Paper, Multicolor",232.0,13.246500000000001,9,0.21000000000000002
TEC-CAN-10001376,"Canon Fax and Copier, High-Speed",190.0,13.26,1,0.0
OFF-EAT-10004307,"Eaton Memo Slips, 8.5 x 11",79.0,13.271999999999998,5,0.15
OFF-AR-10001752,"Binney & Smith Pens, Blue",232.0,13.34,29,0.0
OFF-PA-10001301,"SanDisk Computer Printout Paper, Multicolor",311.0,13.349999999999998,11,0.08333333333333333
OFF-FA-10002247,"OIC Paper Clips, Bulk Pack",156.0,13.384,17,0.08
OFF-FA-10000411,"Accos Clamps, Assorted Sizes",85.0,13.41,6,0.16666666666666666
OFF-SU-10002557,Fiskars Spring-Action Scissors,75.0,13.4208,6,0.1
OFF-BI-10004562,"Acco Binder, Clear",58.0,13.44,4,0.0
FUR-SAF-10002757,"SAFCO Rocking Chair, Red",270.0,13.44,2,0.0
FUR-BO-10003185,"Ikea Floating Shelf Set, Metal",1358.0,13.44,8,0.0
OFF-AR-10000657,"Binney & Smith inkTank Desk Highlighter, Chisel Tip, Yellow, 12/Box",45.0,13.459,22,0.08
OFF-PA-10004022,Hammermill Color Copier Paper (28Lb. and 96 Bright),30.0,13.4865,3,0.0
OFF-EN-10000258,"GlobeWeis Peel and Seal, with clear poly window",242.0,13.492000000000003,17,0.16
OFF-FA-10000999,"OIC Thumb Tacks, 12 Pack",55.0,13.5,5,0.25
OFF-EN-10003448,"Cameo Clasp Envelope, Set of 50",172.0,13.5,18,0.0
OFF-FA-10002071,"Accos Thumb Tacks, Assorted Sizes",200.0,13.5,18,0.0
OFF-FA-10001871,"Stockwell Rubber Bands, Bulk Pack",97.0,13.5,9,0.0
OFF-BI-10000340,"Avery Binding Machine, Clear",1579.0,13.524000000000001,36,0.08222222222222222
TEC-PH-10004272,"Nokia Headset, Cordless",273.0,13.535999999999998,6,0.4
OFF-AR-10001026,"Sanford Uni-Blazer View Highlighters, Chisel Tip, Yellow",31.0,13.552,14,0.0
OFF-EN-10004212,"Kraft Manila Envelope, Recycled",76.0,13.59,3,0.0
OFF-SU-10001624,"Kleencut Ruler, High Speed",153.0,13.600000000000001,17,0.0
OFF-BI-10003274,"Avery Durable Slant Ring Binders, No Labels",90.0,13.611600000000001,36,0.36666666666666664
OFF-BI-10003633,"Avery Binding Machine, Economy",98.0,13.62,2,0.0
FUR-CH-10003054,"Novimex Executive Leather Armchair, Adjustable",410.0,13.638,1,0.1
OFF-BI-10001072,"GBC Clear Cover, 8-1/2 x 11, unpunched, 25 covers per pack",136.0,13.644000000000002,15,0.375
OFF-LA-10004859,"Avery Legal Exhibit Labels, Alphabetical",75.0,13.662,7,0.05
FUR-CH-10002247,"Hon Executive Leather Armchair, Adjustable",1131.0,13.699799999999996,3,0.135
OFF-WIL-10002947,"Wilson Jones Index Tab, Clear",204.0,13.713000000000001,35,0.06363636363636363
OFF-LA-10003487,"Smead Shipping Labels, Adjustable",62.0,13.72,12,0.06666666666666667
OFF-PA-10004248,Xerox 1990,37.0,13.728,8,0.1
OFF-BI-10003184,"Avery Index Tab, Clear",63.0,13.732,20,0.2125
FUR-FU-10002107,Eldon Pizzaz Desk Accessories,37.0,13.736799999999999,19,0.1
OFF-LA-10002964,"Harbour Creations Shipping Labels, 5000 Label Set",256.0,13.755,26,0.1
OFF-AR-10000940,Newell 343,66.0,13.7592,24,0.05714285714285715
OFF-BI-10002764,Recycled Pressboard Report Cover with Reinforced Top Hinge,70.0,13.759799999999998,34,0.3625
OFF-AR-10001598,"BIC Highlighters, Easy-Erase",51.0,13.76,4,0.0
TEC-MA-10004902,"Konica Phone, Wireless",115.0,13.76,2,0.0
OFF-LA-10000404,"Smead Shipping Labels, Laser Printer Compatible",196.0,13.77,17,0.0
OFF-LA-10003795,"Smead Round Labels, Alphabetical",69.0,13.776,11,0.05
OFF-AR-10000203,Newell 336,68.0,13.781600000000001,18,0.1
TEC-EPS-10001323,"Epson Calculator, Wireless",223.0,13.788000000000004,9,0.42857142857142855
TEC-MEM-10004782,"Memorex Keyboard, Erganomic",691.0,13.799999999999999,10,0.0
OFF-EN-10004453,"Kraft Interoffice Envelope, Security-Tint",99.0,13.8,2,0.0
OFF-BI-10000546,Avery Durable Binders,88.0,13.824,50,0.3333333333333333
OFF-LA-10002389,"Smead Legal Exhibit Labels, Alphabetical",54.0,13.832,11,0.2
OFF-PA-10001656,"SanDisk Parchment Paper, 8.5 x 11",56.0,13.84,4,0.0
OFF-EN-10001711,"Ames Clasp Envelope, with clear poly window",118.0,13.86,11,0.0
OFF-FA-10001213,"Advantus Push Pins, 12 Pack",28.0,13.86,2,0.0
OFF-AP-10002698,"Cuisinart Microwave, Black",278.0,13.89,1,0.0
OFF-CUI-10000105,"Cuisinart Microwave, Black",278.0,13.89,1,0.0
OFF-PA-10003475,"Enermax Note Cards, Premium",236.0,13.892,15,0.13333333333333333
OFF-NOV-10004585,"Novimex Legal Exhibit Labels, Laser Printer Compatible",55.0,13.911,6,0.2333333333333333
OFF-ACC-10000218,"Acco Hole Reinforcements, Durable",104.0,13.914,21,0.5222222222222221
OFF-AR-10002745,"BIC Canvas, Blue",222.0,13.919999999999998,7,0.2
FUR-DEF-10003315,"Deflect-O Clock, Erganomic",505.0,13.928999999999998,11,0.13999999999999999
OFF-FIS-10004155,"Fiskars Letter Opener, Steel",74.0,13.950000000000001,3,0.0
OFF-FA-10004657,"Stockwell Thumb Tacks, Metal",126.0,13.979999999999997,12,0.19999999999999998
OFF-LA-10002086,"Hon Shipping Labels, 5000 Label Set",109.0,13.991999999999999,10,0.13333333333333333
TEC-PH-10003535,RCA ViSYS 25423RE1 Corded phone,160.0,13.9986,2,0.2
TEC-MA-10001302,"Panasonic Calculator, Durable",131.0,14.039999999999996,6,0.35
OFF-LA-10000634,Avery 509,33.0,14.041799999999999,13,0.05
OFF-PA-10004948,Xerox 190,30.0,14.0436,6,0.0
TEC-PH-10000912,Anker 24W Portable Micro USB Car Charger,61.0,14.0672,8,0.30000000000000004
OFF-AR-10002804,Faber Castell Col-Erase Pencils,38.0,14.0832,8,0.08
OFF-EN-10000224,"Cameo Clasp Envelope, Recycled",267.0,14.086500000000001,38,0.164
FUR-CH-10002782,"Office Star Executive Leather Armchair, Adjustable",1269.0,14.094000000000001,3,0.1
OFF-FA-10002683,"Stockwell Staples, Assorted Sizes",39.0,14.1,5,0.0
OFF-BRE-10004310,"Breville Blender, Black",123.0,14.112000000000002,2,0.3
OFF-LA-10002107,"Novimex Legal Exhibit Labels, 5000 Label Set",31.0,14.118,3,0.06666666666666667
OFF-PA-10002418,"Green Bar Message Books, Multicolor",238.0,14.159999999999998,15,0.1
OFF-FA-10004374,"Accos Paper Clips, Bulk Pack",28.0,14.16,3,0.0
OFF-FIS-10003463,"Fiskars Letter Opener, Easy Grip",119.0,14.16,4,0.0
OFF-AR-10000347,"Sanford Highlighters, Easy-Erase",146.0,14.184,15,0.1
OFF-LA-10002927,"Avery File Folder Labels, 5000 Label Set",118.0,14.184000000000001,19,0.05714285714285715
OFF-AR-10001573,American Pencil,49.0,14.189699999999998,21,0.0
FUR-FU-10002963,"Master Caster Door Stop, Gray",47.0,14.224,10,0.15
OFF-BI-10002935,"Wilson Jones Binder, Clear",323.0,14.250000000000002,27,0.07142857142857142
OFF-AP-10003625,"Hoover Microwave, White",1432.0,14.280000000000001,7,0.0
OFF-PA-10003205,"Wirebound Message Forms, Four 2 3/4 x 5 Forms per Page, Pink Paper",36.0,14.2975,5,0.1
OFF-ST-10002289,"Safco Wire Cube Shelving System, For Use as 4 or 5 14"" Cubes, Black",407.0,14.301,13,0.05
FUR-TA-10000403,"Barricks Computer Table, Fully Assembled",478.0,14.31,1,0.0
OFF-BI-10003638,GBC Durable Plastic Covers,370.0,14.318999999999999,34,0.35
OFF-AR-10000681,"Binney & Smith Sketch Pad, Water Color",695.0,14.354999999999997,16,0.16666666666666666
OFF-AR-10000127,Newell 321,65.0,14.3664,22,0.1
OFF-PA-10002930,"SanDisk Cards & Envelopes, Premium",227.0,14.3856,6,0.27
OFF-SU-10003683,"Kleencut Ruler, Easy Grip",91.0,14.399999999999999,9,0.0
OFF-AR-10000246,Newell 318,62.0,14.4004,23,0.04
OFF-ST-10003221,Staples,53.0,14.418,5,0.0
TEC-AC-10001791,"Memorex Mouse, Programmable",208.0,14.489999999999998,7,0.0
OFF-FA-10003144,"Stockwell Clamps, Metal",63.0,14.5,5,0.0
OFF-FA-10000790,"Stockwell Rubber Bands, Bulk Pack",33.0,14.52,2,0.0
OFF-LA-10004594,"Avery Color Coded Labels, Adjustable",124.0,14.52,11,0.0
OFF-SME-10004740,"Smead Shipping Labels, Adjustable",211.0,14.52,22,0.0
OFF-SU-10001506,"Kleencut Letter Opener, Steel",99.0,14.527999999999999,8,0.20000000000000004
FUR-FU-10000206,"GE General Purpose, Extra Long Life, Showcase & Floodlight Incandescent Bulbs",46.0,14.549999999999999,20,0.22857142857142856
FUR-FU-10002111,"Master Caster Door Stop, Large Brown",60.0,14.56,10,0.19999999999999998
OFF-AR-10000812,"Binney & Smith Pens, Fluorescent",123.0,14.56,14,0.0
OFF-BI-10002301,"Cardinal Hole Reinforcements, Economy",59.0,14.568,13,0.15
OFF-PA-10001971,"Eaton Memo Slips, Premium",123.0,14.58,12,0.19999999999999998
OFF-AR-10004511,"Sanford Colorific Scented Colored Pencils, 12/Pack",48.0,14.5948,11,0.0
OFF-AR-10001954,Newell 331,76.0,14.6211,17,0.1
OFF-HAM-10004805,"Hamilton Beach Coffee Grinder, White",106.0,14.640000000000004,4,0.35
OFF-EN-10003661,"Cameo Clasp Envelope, Recycled",57.0,14.648,13,0.16
OFF-PA-10001243,Xerox 1983,30.0,14.651,5,0.0
FUR-TEN-10004147,"Tenex Clock, Erganomic",69.0,14.657999999999998,2,0.3
OFF-PA-10004016,"SanDisk Memo Slips, Recycled",124.0,14.739999999999998,11,0.0
OFF-BI-10001890,Avery Poly Binder Pockets,79.0,14.749600000000001,34,0.25
OFF-EN-10001533,"Kraft Mailers, with clear poly window",247.0,14.76,9,0.0
OFF-AR-10003450,"BIC Markers, Blue",766.0,14.79,29,0.0
TEC-AC-10001745,"Memorex Flash Drive, Programmable",62.0,14.82,2,0.0
FUR-BO-10003221,"Safco Corner Shelving, Mobile",1824.0,14.820000000000014,21,0.20000000000000004
OFF-BI-10001097,Avery Hole Reinforcements,117.0,14.827399999999999,32,0.41111111111111115
OFF-ADV-10000331,"Advantus Paper Clips, Assorted Sizes",76.0,14.849999999999998,8,0.2714285714285714
OFF-FA-10003123,"Stockwell Staples, Bulk Pack",142.0,14.856,24,0.13333333333333333
OFF-SU-10000484,"Kleencut Ruler, High Speed",246.0,14.8584,24,0.23399999999999999
TEC-MA-10003112,"StarTech Phone, Durable",298.0,14.88,4,0.0
OFF-AR-10001602,"Sanford Canvas, Water Color",232.0,14.91,6,0.19999999999999998
FUR-CH-10002017,SAFCO Optional Arm Kit for Workspace Cribbage Stacking Chair,246.0,14.9184,12,0.2
OFF-AP-10000667,"Breville Stove, White",746.0,14.92,2,0.0
TEC-AC-10001542,SanDisk Cruzer 16 GB USB Flash Drive,108.0,14.924000000000001,10,0.06666666666666667
OFF-PA-10004151,"SanDisk Note Cards, Multicolor",68.0,14.94,2,0.0
FUR-CH-10002793,"Office Star Bag Chairs, Adjustable",256.0,14.952000000000002,6,0.26666666666666666
OFF-AR-10003012,"Sanford Markers, Easy-Erase",1148.0,14.994,49,0.008333333333333333
TEC-PH-10003931,JBL Micro Wireless Portable Bluetooth Speaker,780.0,14.997499999999999,17,0.23333333333333336
OFF-AR-10003023,"Stanley Highlighters, Water Color",72.0,15.0,4,0.0
OFF-FA-10004563,"Stockwell Clamps, Assorted Sizes",33.0,15.0,2,0.0
OFF-EN-10004846,Letter or Legal Size Expandable Poly String Tie Envelopes,37.0,15.0024,16,0.1
OFF-FA-10004946,"Advantus Staples, Metal",118.0,15.04,16,0.0
FUR-FU-10002549,"Deflect-O Clock, Duo Pack",473.0,15.078,10,0.06666666666666667
FUR-CH-10004540,Global Chrome Stack Chair,816.0,15.0832,32,0.26666666666666666
OFF-BI-10002003,Ibico Presentation Index for Binding Systems,72.0,15.0842,27,0.2714285714285714
OFF-BI-10003655,Durable Pressboard Binders,37.0,15.085999999999999,11,0.1
OFF-PA-10001752,Hammermill CopyPlus Copy Paper (20Lb. and 84 Bright),33.0,15.0894,7,0.06666666666666667
OFF-BI-10004410,"C-Line Peel & Stick Add-On Filing Pockets, 8-3/4 x 5-1/8, 10/Pack",87.0,15.0969,21,0.39999999999999997
OFF-FA-10004993,"OIC Paper Clips, Metal",59.0,15.12,4,0.0
OFF-EN-10000383,"Ames Clasp Envelope, Recycled",72.0,15.12,12,0.0
FUR-BO-10000892,"Bush Corner Shelving, Mobile",759.0,15.12,6,0.0
FUR-FU-10003274,Regeneration Desk Collection,36.0,15.206399999999999,21,0.04
OFF-STI-10002245,"Stiletto Shears, Serrated",45.0,15.21,1,0.0
OFF-EN-10002048,"Ames Manila Envelope, Set of 50",292.0,15.222,13,0.06666666666666667
OFF-AR-10001030,"Sanford Markers, Easy-Erase",89.0,15.275999999999998,5,0.26666666666666666
OFF-PA-10001537,"Green Bar Note Cards, 8.5 x 11",118.0,15.299999999999999,6,0.25
OFF-FA-10000067,"Stockwell Staples, 12 Pack",51.0,15.3,5,0.0
OFF-BI-10004506,Wilson Jones data.warehouse D-Ring Binders with DublLock,66.0,15.307799999999999,12,0.4
OFF-FA-10000611,Binder Clips by OIC,36.0,15.3328,27,0.1142857142857143
OFF-LA-10003663,Avery 498,35.0,15.3459,13,0.06666666666666667
FUR-TA-10001691,"Barricks Non-Folding Utility Table with Steel Legs, Laminate Tops",136.0,15.3522,2,0.2
FUR-FU-10001424,Dax Clear Box Frame,95.0,15.364799999999999,14,0.19999999999999998
OFF-LA-10002876,"Hon Legal Exhibit Labels, Adjustable",51.0,15.387599999999999,7,0.18999999999999997
FUR-TEN-10003648,"Tenex Stacking Tray, Erganomic",416.0,15.389999999999999,18,0.12
OFF-PA-10002741,Xerox 1980,35.0,15.408,8,0.0
TEC-MA-10000772,"Okidata Phone, Durable",522.0,15.48,6,0.0
TEC-STA-10004927,"StarTech Receipt Printer, Wireless",221.0,15.48,2,0.0
OFF-EN-10003619,"Kraft Manila Envelope, with clear poly window",230.0,15.5001,11,0.21333333333333335
OFF-AR-10003394,Newell 332,68.0,15.523200000000001,24,0.04
OFF-BI-10004352,Wilson Jones DublLock D-Ring Binders,36.0,15.525,6,0.35
TEC-HP -10000464,"HP Fax and Copier, Color",940.0,15.551999999999978,9,0.15
OFF-PA-10002552,Xerox 1958,32.0,15.552,5,0.0
FUR-CH-10000013,"Hon Steel Folding Chair, Black",513.0,15.555000000000007,9,0.3
OFF-BI-10002897,"Black Avery Memo-Size 3-Ring Binder, 5 1/2"" x 8 1/2""",45.0,15.5608,16,0.275
OFF-AR-10003251,Prang Drawing Pencil Set,45.0,15.568000000000001,17,0.08571428571428573
FUR-BO-10002387,"Safco Library with Doors, Metal",701.0,15.57,2,0.1
OFF-FA-10004233,"Stockwell Paper Clips, Metal",71.0,15.576,7,0.19999999999999998
OFF-FA-10000799,"OIC Push Pins, Bulk Pack",75.0,15.6,5,0.0
OFF-BI-10001192,"Cardinal Binder, Clear",531.0,15.6,40,0.0
TEC-OKI-10000372,"Okidata Inkjet, Durable",1564.0,15.600000000000001,5,0.0
OFF-AR-10001662,Rogers Handheld Barrel Pencil Sharpener,76.0,15.618,30,0.05714285714285715
OFF-XER-10002982,"Xerox Memo Slips, 8.5 x 11",159.0,15.66,9,0.0
OFF-PA-10001622,"Ampad Poly Cover Wirebound Steno Book, 6"" x 9"" Assorted Colors, Gregg Ruled",39.0,15.663,9,0.05
OFF-CAM-10002611,"Cameo Interoffice Envelope, Recycled",203.0,15.672,7,0.25999999999999995
OFF-ST-10000327,"Smead Folders, Wire Frame",387.0,15.679199999999998,26,0.07625000000000001
FUR-FU-10003326,"Eldon Photo Frame, Duo Pack",58.0,15.69,1,0.0
FUR-SAF-10004664,"SAFCO Steel Folding Chair, Set of Two",317.0,15.69599999999999,6,0.19999999999999998
FUR-ELD-10004973,"Eldon Clock, Black",260.0,15.732,6,0.35
OFF-AR-10003651,Newell 350,63.0,15.744000000000002,20,0.06666666666666667
OFF-AME-10003180,"Ames Business Envelopes, Set of 50",54.0,15.75,3,0.0
OFF-PA-10000935,"SanDisk Computer Printout Paper, Multicolor",246.0,15.76,12,0.04
FUR-CH-10002378,"Harbour Creations Swivel Stool, Black",1564.0,15.762,13,0.32
TEC-AC-10001142,First Data FD10 PIN Pad,1722.0,15.800000000000004,24,0.08
OFF-BI-10003397,"Acco Hole Reinforcements, Clear",55.0,15.809999999999999,11,0.16666666666666666
OFF-FA-10000475,"OIC Paper Clips, Metal",231.0,15.819999999999999,28,0.16666666666666666
OFF-LA-10001026,"Harbour Creations File Folder Labels, 5000 Label Set",54.0,15.84,9,0.0
OFF-LA-10003982,"Avery Round Labels, Adjustable",37.0,15.84,11,0.0
OFF-BI-10002734,"Wilson Jones Binder Covers, Clear",64.0,15.84,6,0.0
OFF-FA-10000146,"Stockwell Rubber Bands, Assorted Sizes",84.0,15.84,6,0.0
OFF-GLO-10001233,"GlobeWeis Clasp Envelope, Set of 50",40.0,15.84,4,0.0
OFF-AR-10000475,"Hunt BOSTON Vista Battery-Operated Pencil Sharpener, Black",84.0,15.857600000000001,8,0.15000000000000002
OFF-FA-10003836,"Stockwell Rubber Bands, 12 Pack",160.0,15.9,10,0.0
TEC-AC-10001748,"SanDisk Flash Drive, USB",80.0,15.9,2,0.0
OFF-SU-10002983,"Acme Trimmer, High Speed",386.0,15.919999999999998,14,0.15000000000000002
OFF-KRA-10004876,"Kraft Interoffice Envelope, Set of 50",273.0,15.936,7,0.19999999999999998
OFF-AVE-10000357,"Avery Binder Covers, Clear",196.0,15.944999999999997,22,0.19999999999999998
OFF-FA-10001530,"Accos Paper Clips, Assorted Sizes",266.0,15.959999999999999,19,0.0
OFF-LA-10002559,"Smead File Folder Labels, Alphabetical",35.0,15.96,4,0.0
OFF-EN-10002090,"Kraft Peel and Seal, with clear poly window",106.0,16.003500000000003,7,0.3466666666666667
OFF-AR-10002389,"Binney & Smith Pens, Fluorescent",180.0,16.008000000000003,15,0.074
TEC-PH-10001949,Cisco SPA 501G IP Phone,213.0,16.011,3,0.2
FUR-FU-10002508,Document Clip Frames,45.0,16.0128,6,0.1
FUR-CHR-10001784,"Chromcraft Coffee Table, with Bottom Storage",534.0,16.02,2,0.0
TEC-KON-10002050,"Konica Printer, Wireless",536.0,16.02,2,0.0
TEC-PH-10000641,"Motorola Headset, Full Size",1596.0,16.040999999999997,25,0.31
OFF-FA-10000046,"Advantus Staples, Bulk Pack",82.0,16.05,10,0.16666666666666666
OFF-BI-10003616,"Avery Binding Machine, Clear",2653.0,16.05000000000001,62,0.05833333333333333
OFF-HAR-10000501,"Harbour Creations File Folder Labels, Laser Printer Compatible",107.0,16.056,15,0.2333333333333333
FUR-FU-10002972,"Advantus Light Bulb, Duo Pack",287.0,16.059,15,0.06000000000000001
OFF-BI-10001286,"Ibico Hole Reinforcements, Durable",200.0,16.0695,27,0.13
OFF-NOV-10003401,"Novimex Color Coded Labels, Alphabetical",48.0,16.08,4,0.0
TEC-AC-10002600,Belkin QODE FastFit Bluetooth Keyboard,496.0,16.107,9,0.1
OFF-AR-10003806,"Stanley Sketch Pad, Water Color",95.0,16.14,2,0.0
TEC-AC-10000521,"Verbatim Slim CD and DVD Storage Cases, 50/Pack",81.0,16.156,8,0.1
OFF-ST-10002538,"Fellowes Shelving, Blue",58.0,16.17,1,0.0
OFF-IBI-10004323,"Ibico Binder Covers, Durable",136.0,16.2,9,0.0
OFF-ELI-10001685,"Elite Ruler, Steel",189.0,16.2,18,0.15
FUR-OFF-10000344,"Office Star Bag Chairs, Adjustable",116.0,16.2,2,0.0
TEC-MEM-10002280,"Memorex Flash Drive, Erganomic",163.0,16.200000000000003,6,0.0
TEC-AC-10004992,Kingston Digital DataTraveler 64GB USB 2.0,202.0,16.2144,6,0.0
TEC-CO-10003048,"Hewlett Wireless Fax, Color",1726.0,16.225279999999998,8,0.13533333333333333
OFF-LA-10000413,"Hon Legal Exhibit Labels, Alphabetical",206.0,16.240000000000002,29,0.0
OFF-AP-10004220,"Hamilton Beach Coffee Grinder, White",131.0,16.26,5,0.3
OFF-BI-10000138,Acco Translucent Poly Ring Binders,92.0,16.2864,31,0.3125
OFF-OIC-10003028,"OIC Staples, Bulk Pack",34.0,16.29,3,0.0
OFF-ST-10002632,"Smead Shelving, Industrial",937.0,16.296,30,0.08888888888888889
OFF-EN-10002634,"Jiffy Clasp Envelope, Set of 50",34.0,16.32,4,0.0
OFF-SU-10004873,"Fiskars Box Cutter, Easy Grip",74.0,16.32,2,0.0
OFF-AR-10000914,Boston 16765 Mini Stand Up Battery Pencil Sharpener,102.0,16.323999999999998,10,0.1
OFF-PA-10003729,Xerox 1998,46.0,16.3296,9,0.2
OFF-PA-10004470,"Adams Write n' Stick Phone Message Book, 11"" X 5 1/4"", 200 Messages",40.0,16.3584,8,0.06666666666666667
OFF-PA-10000960,"Xerox Parchment Paper, 8.5 x 11",125.0,16.36,14,0.2
OFF-FA-10001054,"Advantus Thumb Tacks, Metal",117.0,16.365000000000002,9,0.16666666666666666
TEC-AC-10001251,"Belkin Numeric Keypad, Erganomic",830.0,16.38,14,0.0
OFF-PA-10002960,Xerox 1926,35.0,16.3842,7,0.0
TEC-PH-10002565,"Apple Audio Dock, with Caller ID",3138.0,16.39200000000001,22,0.1285714285714286
OFF-LA-10000934,"Hon Legal Exhibit Labels, 5000 Label Set",70.0,16.400000000000002,10,0.08
OFF-SU-10000866,"Elite Trimmer, Serrated",1097.0,16.422,32,0.13125
OFF-BRE-10001378,"Breville Toaster, White",97.0,16.424999999999997,2,0.35
OFF-PA-10003911,"Green Bar Cards & Envelopes, Premium",1039.0,16.432000000000002,33,0.025
FUR-BO-10003647,"Ikea Classic Bookcase, Pine",826.0,16.5,2,0.0
TEC-PH-10002018,"Samsung Audio Dock, VoIP",1252.0,16.500000000000004,10,0.2625
OFF-EN-10003465,"Cameo Peel and Seal, Security-Tint",280.0,16.56,12,0.0
TEC-MEM-10000312,"Memorex Mouse, Programmable",238.0,16.56,8,0.0
OFF-SU-10003671,"Fiskars Scissors, High Speed",93.0,16.56,4,0.0
OFF-ST-10004950,Acco Perma 3000 Stacking Storage Drawers,374.0,16.5742,21,0.13333333333333333
OFF-EAT-10000522,"Eaton Computer Printout Paper, Multicolor",207.0,16.583999999999996,8,0.15
OFF-PA-10001826,Xerox 207,40.0,16.5888,7,0.1
OFF-SU-10003659,"Fiskars Trimmer, Steel",139.0,16.6,5,0.0
OFF-SU-10001891,"Acme Ruler, Easy Grip",122.0,16.6,12,0.1
FUR-CH-10003508,"Novimex Swivel Stool, Set of Two",333.0,16.62,2,0.0
OFF-SU-10003428,"Kleencut Box Cutter, High Speed",69.0,16.62,2,0.0
OFF-SU-10004818,"Stiletto Trimmer, Steel",294.0,16.65,10,0.16666666666666666
OFF-LA-10000379,"Harbour Creations Legal Exhibit Labels, 5000 Label Set",255.0,16.65,25,0.14285714285714285
OFF-EN-10004684,"GlobeWeis Mailers, with clear poly window",354.0,16.656,10,0.2
OFF-AR-10000676,"Sanford Markers, Blue",93.0,16.68,4,0.0
OFF-LA-10001294,"Avery Shipping Labels, Adjustable",52.0,16.68,9,0.13333333333333333
OFF-AVE-10000432,"Avery Index Tab, Clear",145.0,16.692,30,0.17272727272727273
OFF-BI-10004187,Staples,44.0,16.694399999999998,26,0.10000000000000002
OFF-BI-10004654,Avery Binding System Hidden Tab Executive Style Index Sets,92.0,16.733,26,0.36250000000000004
OFF-SU-10004822,"Acme Letter Opener, Serrated",242.0,16.74,9,0.0
TEC-MEM-10001732,"Memorex Numeric Keypad, USB",103.0,16.758,3,0.19999999999999998
OFF-EN-10001137,"#10 Gummed Flap White Envelopes, 100/Box",42.0,16.7678,11,0.1
OFF-LA-10001469,"Smead File Folder Labels, Laser Printer Compatible",62.0,16.768,14,0.13333333333333333
OFF-LA-10002625,"Harbour Creations Round Labels, Adjustable",61.0,16.77,13,0.0
OFF-BI-10003585,"Acco 3-Hole Punch, Clear",524.0,16.771999999999995,31,0.09999999999999999
TEC-CO-10000887,"Hewlett Copy Machine, High-Speed",2000.0,16.793279999999996,12,0.052000000000000005
OFF-LA-10000425,"Smead Legal Exhibit Labels, Alphabetical",153.0,16.8,14,0.0
OFF-EN-10003444,"Jiffy Clasp Envelope, with clear poly window",60.0,16.8,5,0.0
OFF-LA-10001633,"Novimex File Folder Labels, 5000 Label Set",44.0,16.8,5,0.0
OFF-SME-10001853,"Smead Folders, Blue",569.0,16.802999999999997,36,0.15294117647058822
OFF-ST-10001505,"Perma STOR-ALL Hanging File Box, 13 1/8""W x 12 1/4""D x 10 1/2""H",180.0,16.8038,33,0.05
OFF-LA-10004114,"Avery File Folder Labels, Alphabetical",189.0,16.824599999999997,27,0.13857142857142857
FUR-ADV-10001659,"Advantus Light Bulb, Durable",146.0,16.86,10,0.11666666666666665
OFF-ST-10002399,"Tenex Folders, Single Width",680.0,16.860000000000007,36,0.1888888888888889
OFF-BI-10000698,"Wilson Jones Hole Reinforcements, Recycled",96.0,16.8819,25,0.1657142857142857
OFF-AP-10004882,"Hamilton Beach Microwave, Black",254.0,16.896,1,0.1
OFF-OIC-10000855,"OIC Thumb Tacks, Metal",84.0,16.92,6,0.0
OFF-AVE-10004828,"Avery Removable Labels, Laser Printer Compatible",138.0,16.932,14,0.12
OFF-FA-10002045,"Accos Rubber Bands, Metal",49.0,16.95,3,0.05
OFF-EN-10000606,"Jiffy Peel and Seal, Set of 50",144.0,16.951999999999998,14,0.26666666666666666
OFF-SME-10004110,"Smead Color Coded Labels, Alphabetical",62.0,16.956000000000003,6,0.19999999999999998
OFF-GLO-10001127,"GlobeWeis Business Envelopes, Set of 50",193.0,16.967999999999996,14,0.19999999999999998
OFF-LA-10002469,"Harbour Creations Shipping Labels, Laser Printer Compatible",143.0,16.983999999999998,23,0.16
FUR-FU-10004704,"Deflect-O Door Stop, Black",643.0,16.997999999999998,19,0.17
OFF-EN-10003299,"Cameo Mailers, Security-Tint",284.0,17.01,7,0.0
OFF-AR-10003405,"Dixon My First Ticonderoga Pencil, #2",96.0,17.0235,19,0.15000000000000002
OFF-BI-10001507,"Wilson Jones Binder Covers, Economy",325.0,17.040000000000003,37,0.22727272727272727
FUR-FU-10001847,Eldon Image Series Black Desk Accessories,47.0,17.0568,12,0.04
FUR-SAF-10000351,"SAFCO Chairmat, Black",345.0,17.1,6,0.0
OFF-SU-10004192,"Fiskars Ruler, Easy Grip",86.0,17.119999999999997,8,0.0
FUR-FU-10003829,Stackable Trays,65.0,17.1248,23,0.08571428571428573
TEC-AC-10000501,"Enermax Router, Programmable",2252.0,17.15999999999999,15,0.16
OFF-ACM-10000777,"Acme Scissors, Serrated",287.0,17.16,13,0.0
OFF-BI-10000854,"Acco Binder Covers, Economy",425.0,17.2008,36,0.13
OFF-SU-10004575,"Fiskars Letter Opener, Steel",172.0,17.22,7,0.0
OFF-SU-10000378,"Kleencut Scissors, High Speed",324.0,17.228,24,0.10000000000000002
FUR-BO-10004316,"Bush 3-Shelf Cabinet, Pine",549.0,17.256,4,0.05
TEC-CO-10000043,"Brother Fax Machine, Laser",1738.0,17.26952000000001,9,0.10200000000000001
OFF-BI-10004654,"Ibico 3-Hole Punch, Economy",513.0,17.27,33,0.2636363636363636
OFF-BI-10000721,"Ibico Binder Covers, Recycled",731.0,17.271900000000002,53,0.04083333333333333
OFF-BI-10003725,"Cardinal 3-Hole Punch, Economy",116.0,17.28,4,0.0
OFF-LA-10003617,"Smead Legal Exhibit Labels, Adjustable",94.0,17.28,15,0.26
OFF-ST-10000078,"Eldon Trays, Single Width",1402.0,17.28,31,0.12000000000000001
FUR-FU-10001132,"Deflect-O Frame, Erganomic",869.0,17.28,8,0.0
OFF-LA-10004034,"Harbour Creations Color Coded Labels, Alphabetical",159.0,17.304000000000002,22,0.16
FUR-BUS-10003368,"Bush Floating Shelf Set, Mobile",799.0,17.334000000000003,6,0.35
FUR-FU-10002412,"Tenex Clock, Duo Pack",308.0,17.368000000000002,14,0.26666666666666666
FUR-BO-10003106,"Sauder Corner Shelving, Metal",1761.0,17.39999999999999,22,0.20000000000000004
TEC-AC-10001082,"Enermax Keyboard, Bluetooth",1169.0,17.4,22,0.04
OFF-AR-10000603,"Boston Highlighters, Water Color",220.0,17.4,10,0.0
OFF-PA-10001204,Xerox 1972,46.0,17.424,10,0.12000000000000002
TEC-AC-10003668,"Enermax Mouse, Programmable",151.0,17.424,9,0.4
OFF-EN-10004744,"GlobeWeis Mailers, with clear poly window",488.0,17.425799999999995,14,0.1425
FUR-FU-10001602,"Eldon Delta Triangular Chair Mat, 52"" x 58"", Clear",546.0,17.447799999999997,17,0.16666666666666666
OFF-PA-10004965,Xerox 1921,56.0,17.4825,7,0.20000000000000004
TEC-PH-10004071,PayAnywhere Card Reader,200.0,17.4825,25,0.2
OFF-LA-10000116,"Harbour Creations File Folder Labels, Adjustable",45.0,17.484,12,0.15000000000000002
TEC-PH-10001924,iHome FM Clock Radio with Lightning Dock,700.0,17.4975,13,0.24000000000000005
FUR-CH-10003794,"SAFCO Bag Chairs, Set of Two",264.0,17.499,7,0.3
OFF-BI-10001973,"Wilson Jones 3-Hole Punch, Clear",110.0,17.52,4,0.0
OFF-AP-10004036,Bionaire 99.97% HEPA Air Cleaner,200.0,17.52,16,0.25
OFF-LA-10000540,"Harbour Creations Round Labels, Adjustable",85.0,17.532,20,0.054000000000000006
OFF-PA-10000562,"Enermax Message Books, Multicolor",359.0,17.549999999999997,15,0.0
OFF-FA-10000349,"OIC Push Pins, 12 Pack",43.0,17.55,3,0.0
TEC-AC-10002558,Imation Swivel Flash Drive USB flash drive - 8 GB,54.0,17.6235,5,0.1
OFF-AR-10000614,Barrel Sharpener,68.0,17.6358,19,0.0
OFF-EN-10002723,"Cameo Interoffice Envelope, with clear poly window",357.0,17.64,7,0.0
OFF-ENE-10003409,"Enermax Memo Slips, Recycled",94.0,17.64,6,0.0
OFF-AP-10002165,"Hamilton Beach Blender, White",392.0,17.692,9,0.13333333333333333
TEC-PH-10003220,"Cisco Headset, VoIP",295.0,17.7,5,0.0
OFF-ST-10003606,"Smead Box, Single Width",196.0,17.712000000000003,22,0.1527272727272727
OFF-EN-10001136,"Kraft Interoffice Envelope, Recycled",276.0,17.7132,7,0.15666666666666665
OFF-PA-10002356,"Xerox Parchment Paper, Recycled",40.0,17.73,3,0.0
OFF-AP-10000326,Belkin 7 Outlet SurgeMaster Surge Protector with Phone Protection,158.0,17.766,5,0.2
OFF-AP-10000981,"Hoover Coffee Grinder, Red",345.0,17.79,6,0.16666666666666666
OFF-LA-10000334,"Hon Shipping Labels, Alphabetical",211.0,17.811999999999998,29,0.06666666666666667
OFF-FA-10000670,"Advantus Clamps, Assorted Sizes",702.0,17.82,47,0.1375
OFF-FA-10001577,"Stockwell Staples, Bulk Pack",119.0,17.82,11,0.0
TEC-OKI-10000794,"Okidata Calculator, White",912.0,17.82,18,0.0
OFF-AR-10004587,"Boston 1827 Commercial Additional Cutter, Drive Gear & Gear Rack for 1606",60.0,17.847,3,0.0
TEC-EPS-10001341,"Epson Calculator, White",224.0,17.849999999999998,5,0.0
OFF-EN-10004183,"Jiffy Business Envelopes, Recycled",357.0,17.855999999999998,30,0.022222222222222223
OFF-AR-10000122,Newell 314,119.0,17.856,24,0.08571428571428573
TEC-PH-10003442,Samsung Replacement EH64AVFWE Premium Headset,105.0,17.875,21,0.08
OFF-AR-10001940,"Sanford Colorific Eraseable Coloring Pencils, 12 Count",45.0,17.876,15,0.05
OFF-BI-10003188,"Wilson Jones Binder Covers, Economy",45.0,17.88,4,0.0
OFF-LA-10001028,"Hon Removable Labels, Adjustable",77.0,17.880000000000003,12,0.1
FUR-FU-10002170,"Eldon Stacking Tray, Durable",86.0,17.91,3,0.0
FUR-RUB-10004285,"Rubbermaid Clock, Duo Pack",271.0,17.927999999999997,6,0.19999999999999998
TEC-PH-10002070,Griffin GC36547 PowerJolt SE Lightning Charger,175.0,17.992,10,0.26666666666666666
OFF-AR-10001117,"Stanley Pens, Blue",40.0,18.0,4,0.0
OFF-ST-10003578,"Smead Box, Blue",65.0,18.0,6,0.0
OFF-LA-10002851,"Hon Legal Exhibit Labels, 5000 Label Set",46.0,18.0,4,0.0
OFF-FA-10000429,"Stockwell Push Pins, Bulk Pack",86.0,18.0,6,0.0
OFF-EN-10004418,"GlobeWeis Clasp Envelope, Recycled",131.0,18.0,15,0.0
FUR-BO-10003126,"Dania Library with Doors, Traditional",1630.0,18.0,5,0.1
OFF-FA-10001332,"Acco Banker's Clasps, 5 3/4""-Long",41.0,18.0,15,0.08
FUR-TA-10001100,"Lesro Training Table, Adjustable Height",145.0,18.048,1,0.2
OFF-BI-10002949,Prestige Round Ring Binders,87.0,18.0576,21,0.375
TEC-AC-10004379,"Memorex Flash Drive, Bluetooth",562.0,18.060000000000002,35,0.1142857142857143
OFF-LA-10001185,"Harbour Creations Round Labels, 5000 Label Set",60.0,18.104400000000002,10,0.18000000000000002
TEC-PH-10001424,"Nokia Signal Booster, Full Size",1176.0,18.108000000000004,15,0.15000000000000002
OFF-BI-10001885,"Avery Binder Covers, Economy",44.0,18.12,4,0.0
OFF-LA-10003503,"Smead Legal Exhibit Labels, Adjustable",93.0,18.12,17,0.13333333333333333
TEC-PH-10001917,"Apple Signal Booster, Cordless",1046.0,18.134999999999994,8,0.0425
FUR-CH-10002297,"Novimex Bag Chairs, Set of Two",744.0,18.168000000000003,26,0.14285714285714285
OFF-FA-10003496,"Stockwell Push Pins, Assorted Sizes",184.0,18.176000000000002,24,0.05
OFF-GRE-10000492,"Green Bar Memo Slips, Recycled",101.0,18.18,6,0.0
OFF-ST-10001372,"Eldon Box, Blue",61.0,18.192,12,0.2
OFF-BI-10001744,"Acco Binding Machine, Economy",882.0,18.2043,19,0.10333333333333333
OFF-PA-10003037,"Eaton Memo Slips, Multicolor",295.0,18.225,22,0.1
OFF-AR-10003469,Nontoxic Chalk,44.0,18.233600000000003,27,0.07500000000000001
TEC-NOK-10004541,"Nokia Office Telephone, Cordless",204.0,18.27,3,0.0
OFF-FA-10001761,"OIC Thumb Tacks, Metal",266.0,18.272,35,0.15555555555555556
TEC-PAN-10002454,"Panasonic Phone, Red",1174.0,18.29700000000001,21,0.28888888888888886
OFF-SU-10001682,"Kleencut Letter Opener, High Speed",265.0,18.3,15,0.0
OFF-CAR-10003373,"Cardinal Hole Reinforcements, Durable",175.0,18.317999999999998,29,0.19285714285714284
OFF-JIF-10002275,"Jiffy Clasp Envelope, with clear poly window",131.0,18.354,13,0.19999999999999998
FUR-CH-10004011,"SAFCO Executive Leather Armchair, Black",1835.0,18.360000000000014,9,0.35000000000000003
OFF-BI-10000948,"GBC Laser Imprintable Binding System Covers, Desert Sand",146.0,18.408299999999997,17,0.35000000000000003
OFF-BI-10003712,"Acco Pressboard Covers with Storage Hooks, 14 7/8"" x 11"", Light Blue",131.0,18.4125,45,0.4636363636363636
OFF-SU-10004091,"Elite Ruler, Serrated",84.0,18.48,12,0.0
TEC-MEM-10002919,"Memorex Flash Drive, USB",208.0,18.48,7,0.0
OFF-LA-10002827,"Harbour Creations Round Labels, Adjustable",37.0,18.48,12,0.0
OFF-JIF-10002836,"Jiffy Interoffice Envelope, Set of 50",186.0,18.48,4,0.0
FUR-FU-10001617,"Executive Impressions 8-1/2"" Career Panel/Partition Cubicle Clock",67.0,18.512,7,0.1
OFF-BI-10002353,GBC VeloBind Cover Sets,343.0,18.528,42,0.4636363636363636
OFF-LA-10000757,"Harbour Creations Removable Labels, 5000 Label Set",62.0,18.54,6,0.0
OFF-FA-10000191,"Stockwell Rubber Bands, 12 Pack",62.0,18.6,4,0.0
OFF-HAM-10003368,"Hamilton Beach Blender, Black",622.0,18.63,9,0.0
OFF-LA-10004178,Avery 491,45.0,18.6676,12,0.13333333333333333
OFF-EN-10000947,"GlobeWeis Mailers, Security-Tint",212.0,18.680999999999997,8,0.235
OFF-SU-10003723,"Elite Shears, High Speed",320.0,18.708000000000002,8,0.18333333333333335
OFF-BI-10002718,"Avery Binder, Durable",647.0,18.72,46,0.045454545454545456
OFF-ST-10001869,"Eldon Box, Single Width",82.0,18.72,12,0.0
OFF-ST-10003319,"Rogers Box, Wire Frame",112.0,18.756,6,0.18333333333333335
FUR-CH-10000783,"Office Star Executive Leather Armchair, Adjustable",846.0,18.756,2,0.1
OFF-AR-10000503,"Stanley Pens, Blue",137.0,18.76,22,0.08
OFF-EN-10000127,"Ames Clasp Envelope, with clear poly window",49.0,18.768,8,0.2
OFF-PA-10004000,"While You Were Out Pads, 50 per Pad, 4 x 5 1/4, Green Cycle",50.0,18.7781,13,0.15000000000000002
OFF-LA-10002015,"Hon Round Labels, Alphabetical",53.0,18.804,15,0.16
OFF-AR-10001868,Prang Dustless Chalk Sticks,39.0,18.816,24,0.07500000000000001
OFF-AR-10004132,"Boston Pens, Blue",83.0,18.823999999999998,10,0.13333333333333333
OFF-PA-10004239,Xerox 1953,47.0,18.832,12,0.1
OFF-AR-10003732,Newell 333,87.0,18.848399999999998,33,0.05454545454545456
OFF-LA-10001404,Avery 517,44.0,18.8559,13,0.05
OFF-BI-10002907,"Wilson Jones 3-Hole Punch, Economy",188.0,18.903,7,0.0375
TEC-CO-10001926,"Hewlett Wireless Fax, Laser",1330.0,18.91500000000002,5,0.25
FUR-TA-10001327,"Barricks Training Table, Rectangular",335.0,18.9222,2,0.47
OFF-LA-10000190,"Harbour Creations Round Labels, 5000 Label Set",98.0,18.936,23,0.08
OFF-BI-10004738,Flexible Leather- Look Classic Collection Ring Binder,142.0,18.940000000000005,13,0.3833333333333333
OFF-BI-10001399,"Avery Binder Covers, Clear",239.0,18.977999999999998,25,0.12625
OFF-LA-10001045,Permanent Self-Adhesive File Folder Labels for Typewriters by Universal,44.0,19.000799999999998,18,0.03333333333333333
OFF-LA-10000296,"Hon Color Coded Labels, Adjustable",136.0,19.017000000000003,13,0.025
FUR-FU-10000657,"Eldon Door Stop, Black",100.0,19.02,2,0.0
OFF-ST-10004668,"Smead Trays, Industrial",801.0,19.026000000000003,19,0.19166666666666665
OFF-EN-10003845,Colored Envelopes,51.0,19.0404,16,0.12000000000000002
OFF-BI-10003975,"Cardinal Index Tab, Durable",76.0,19.076,19,0.1875
TEC-PH-10002935,"Samsung Smart Phone, VoIP",636.0,19.08,1,0.0
OFF-LA-10002782,"Hon File Folder Labels, Adjustable",65.0,19.088,16,0.08
OFF-XER-10003901,"Xerox Computer Printout Paper, 8.5 x 11",212.0,19.11,7,0.0
OFF-AR-10000411,Boston 16701 Slimline Battery Pencil Sharpener,86.0,19.128,6,0.1
FUR-FU-10002486,"Advantus Clock, Durable",355.0,19.160000000000004,13,0.13333333333333333
OFF-FA-10004545,"Stockwell Push Pins, Metal",136.0,19.163999999999998,14,0.22333333333333336
OFF-AVE-10002024,"Avery Index Tab, Durable",168.0,19.188000000000002,30,0.06
OFF-AR-10001216,"BIC Pencil Sharpener, Easy-Erase",1523.0,19.199999999999992,54,0.04285714285714286
FUR-BAR-10000946,"Barricks Computer Table, with Bottom Storage",480.0,19.2,1,0.0
OFF-LA-10001075,"Hon Removable Labels, Laser Printer Compatible",60.0,19.259999999999998,6,0.0
OFF-SU-10002627,"Kleencut Scissors, Serrated",114.0,19.26,9,0.0
OFF-BI-10002976,ACCOHIDE Binder by Acco,65.0,19.287100000000002,21,0.22499999999999998
OFF-EN-10002348,"Cameo Peel and Seal, Set of 50",322.0,19.32,23,0.0
OFF-AP-10002899,"Breville Toaster, Silver",387.0,19.35,5,0.0
FUR-FU-10004640,"Tenex Light Bulb, Durable",259.0,19.362,17,0.08
OFF-FA-10002782,"Accos Thumb Tacks, Assorted Sizes",76.0,19.364,11,0.13333333333333333
OFF-AR-10002053,"Premium Writing Pencils, Soft, #2 by Central Association for the Blind",82.0,19.4296,29,0.08571428571428573
OFF-EN-10004904,"Cameo Manila Envelope, Set of 50",216.0,19.44,8,0.0
OFF-PA-10004429,"Xerox Memo Slips, Premium",81.0,19.44,6,0.0
OFF-PA-10003418,"Enermax Memo Slips, Multicolor",267.0,19.497600000000006,22,0.25333333333333335
OFF-STI-10001743,"Stiletto Scissors, Easy Grip",169.0,19.521,8,0.25999999999999995
OFF-FA-10000834,"Advantus Staples, Assorted Sizes",59.0,19.53,8,0.125
OFF-OIC-10000988,"OIC Rubber Bands, Metal",51.0,19.53,3,0.0
OFF-XER-10001513,"Xerox Message Books, Recycled",117.0,19.554,7,0.12
OFF-STO-10000631,"Stockwell Push Pins, Assorted Sizes",45.0,19.56,4,0.0
FUR-FU-10000490,"Eldon Light Bulb, Erganomic",159.0,19.6,12,0.13333333333333333
OFF-SAN-10004426,"SanDisk Note Cards, Premium",74.0,19.601999999999997,3,0.3
OFF-EN-10002003,"Ames Clasp Envelope, Set of 50",56.0,19.602,9,0.13399999999999998
FUR-FU-10001130,"Rubbermaid Stacking Tray, Erganomic",377.0,19.603200000000005,22,0.28200000000000003
OFF-PA-10002369,"Eaton Parchment Paper, Multicolor",89.0,19.62,6,0.0
TEC-AC-10001792,"Logitech Mouse, Programmable",246.0,19.68,8,0.0
OFF-SU-10000835,"Acme Box Cutter, Steel",576.0,19.68,17,0.16666666666666666
OFF-PA-10000130,Xerox 199,57.0,19.688,16,0.15000000000000002
OFF-BI-10000822,"Acco PRESSTEX Data Binder with Storage Hooks, Light Blue, 9 1/2"" X 11""",68.0,19.6908,17,0.26
OFF-SU-10003629,"Fiskars Ruler, Steel",123.0,19.71,9,0.0
OFF-FA-10003596,"Stockwell Push Pins, Bulk Pack",224.0,19.715700000000002,20,0.22799999999999998
OFF-WIL-10001889,"Wilson Jones Hole Reinforcements, Economy",52.0,19.737000000000002,13,0.13999999999999999
FUR-CH-10001708,Office Star - Contemporary Swivel Chair with Padded Adjustable Arms and Flex Back,1579.0,19.737199999999998,14,0.2
OFF-AR-10000255,Newell 328,76.0,19.7392,13,0.0
FUR-BO-10001256,"Ikea Corner Shelving, Pine",821.0,19.746,7,0.05
OFF-EN-10002749,"Kraft Mailers, with clear poly window",41.0,19.77,1,0.0
OFF-FA-10002983,Advantus SlideClip Paper Clips,46.0,19.778,15,0.06666666666666667
OFF-SU-10003085,"Stiletto Ruler, Easy Grip",248.0,19.8,15,0.0
FUR-SAF-10001870,"SAFCO Chairmat, Set of Two",174.0,19.835999999999995,4,0.3
FUR-CH-10000399,"Hon Swivel Stool, Set of Two",1029.0,19.86,8,0.26666666666666666
TEC-SHA-10004658,"Sharp Ink, Laser",124.0,19.89,1,0.0
TEC-PH-10003580,"Apple Speaker Phone, Full Size",996.0,19.92,12,0.0
TEC-MA-10001922,"Konica Calculator, Wireless",293.0,19.93,12,0.2333333333333333
OFF-PA-10000731,"Enermax Parchment Paper, 8.5 x 11",234.0,19.9647,15,0.254
TEC-MA-10003682,"Panasonic Phone, White",167.0,19.98,2,0.0
OFF-AVE-10004827,"Avery Binder Covers, Recycled",171.0,20.016000000000005,21,0.2357142857142857
OFF-FA-10002815,Staples,50.0,20.0244,13,0.13333333333333333
OFF-FA-10004248,Advantus T-Pin Paper Clips,64.0,20.0244,16,0.12000000000000002
OFF-AR-10001221,"Dixon Ticonderoga Erasable Colored Pencil Set, 12-Color",75.0,20.0928,14,0.1
OFF-FA-10001561,Stockwell Push Pins,69.0,20.0996,34,0.07500000000000001
OFF-FEL-10004974,"Fellowes Folders, Industrial",539.0,20.09999999999999,25,0.23636363636363636
FUR-FU-10002007,"Rubbermaid Stacking Tray, Black",252.0,20.1,15,0.0
OFF-PA-10004673,"Green Bar Memo Slips, Recycled",77.0,20.106,5,0.2
OFF-OIC-10002160,"OIC Rubber Bands, 12 Pack",55.0,20.13,4,0.2333333333333333
OFF-FA-10002047,"Stockwell Push Pins, Bulk Pack",119.0,20.159999999999997,11,0.25
OFF-LA-10000897,"Avery Round Labels, Laser Printer Compatible",49.0,20.172,11,0.05
OFF-FA-10000304,Advantus Push Pins,55.0,20.2086,27,0.05714285714285715
TEC-AC-10003681,"SanDisk Mouse, Erganomic",72.0,20.22,3,0.0
OFF-SU-10004661,Acme Titanium Bonded Scissors,103.0,20.23,13,0.08
TEC-PH-10001578,Polycom SoundStation2 EX Conference phone,1458.0,20.247500000000002,5,0.30000000000000004
OFF-PA-10000098,"Xerox Parchment Paper, 8.5 x 11",157.0,20.25,9,0.0
FUR-DEF-10000065,"Deflect-O Frame, Durable",588.0,20.264999999999993,9,0.3499999999999999
TEC-CIS-10004967,"Cisco Office Telephone, Full Size",353.0,20.324999999999996,5,0.2333333333333333
OFF-FA-10001297,"OIC Staples, 12 Pack",195.0,20.337,20,0.12
OFF-ELD-10003918,"Eldon Folders, Wire Frame",512.0,20.355000000000004,34,0.09999999999999999
OFF-EN-10003073,"Jiffy Business Envelopes, Set of 50",137.0,20.37,7,0.0
OFF-PA-10000697,"TOPS Voice Message Log Book, Flash Format",49.0,20.372799999999998,12,0.13333333333333333
OFF-LA-10003132,"Hon File Folder Labels, Adjustable",110.0,20.382,19,0.11000000000000001
OFF-LA-10002029,"Hon Round Labels, 5000 Label Set",168.0,20.4,31,0.16666666666666666
TEC-PH-10002695,"Samsung Headset, with Caller ID",293.0,20.4,4,0.0
OFF-LA-10002741,"Avery Color Coded Labels, Adjustable",162.0,20.4255,17,0.09499999999999999
OFF-SU-10001574,Acme Value Line Scissors,76.0,20.44,22,0.06000000000000001
OFF-LA-10000845,"Novimex Round Labels, Adjustable",53.0,20.48,21,0.1142857142857143
OFF-BI-10003031,"Acco Index Tab, Economy",87.0,20.4912,10,0.14
OFF-SU-10003118,"Acme Shears, Easy Grip",206.0,20.52,4,0.0
OFF-ST-10001290,"Rogers Box, Industrial",147.0,20.52,6,0.0
OFF-FA-10002763,Advantus Map Pennant Flags and Round Head Tacks,88.0,20.54,25,0.06666666666666667
FUR-BO-10002277,"Bush Floating Shelf Set, Mobile",2662.0,20.542800000000007,16,0.0425
OFF-PA-10004746,"SanDisk Memo Slips, 8.5 x 11",162.0,20.543999999999997,8,0.03333333333333333
OFF-PA-10004947,Staples,48.0,20.544,12,0.06666666666666667
OFF-EN-10002700,"Ames Business Envelopes, Recycled",168.0,20.576,22,0.14285714285714285
OFF-ST-10003088,"Fellowes Box, Wire Frame",368.0,20.625,22,0.10571428571428572
FUR-FU-10003832,"Eldon Expressions Punched Metal & Wood Desk Accessories, Black & Cherry",156.0,20.636,20,0.2
OFF-FA-10003879,"Stockwell Thumb Tacks, Assorted Sizes",320.0,20.668,47,0.05000000000000001
OFF-HON-10002389,"Hon Legal Exhibit Labels, 5000 Label Set",178.0,20.67,17,0.19999999999999998
OFF-AR-10003560,Zebra Zazzle Fluorescent Highlighters,100.0,20.672,20,0.16666666666666666
OFF-LA-10002943,"Novimex Removable Labels, Laser Printer Compatible",48.0,20.7,5,0.0
OFF-EN-10000975,"Ames Manila Envelope, Set of 50",148.0,20.7,6,0.0
TEC-LOG-10002431,"Logitech Numeric Keypad, Bluetooth",296.0,20.718,7,0.15
OFF-AR-10001149,"Sanford Colorific Colored Pencils, 12/Box",74.0,20.736,26,0.04
OFF-EN-10002313,"GlobeWeis Mailers, Recycled",447.0,20.759999999999998,13,0.1
OFF-PA-10002645,"Green Bar Computer Printout Paper, Recycled",290.0,20.766,10,0.025
TEC-AC-10003776,"Belkin Flash Drive, Programmable",634.0,20.769600000000004,17,0.16166666666666665
FUR-FU-10001196,DAX Cubicle Frames - 8x10,125.0,20.772,26,0.12
OFF-ACC-10001993,"Acco Binder Covers, Clear",101.0,20.772000000000002,11,0.35714285714285715
OFF-BI-10002287,"Acco Index Tab, Clear",67.0,20.7744,9,0.0675
OFF-FA-10003744,"Stockwell Thumb Tacks, Assorted Sizes",121.0,20.82,14,0.125
OFF-PA-10003036,"Black Print Carbonless 8 1/2"" x 8 1/4"" Rapid Memo Book",63.0,20.8208,11,0.2
OFF-XER-10004042,"Xerox Parchment Paper, Premium",101.0,20.832000000000004,9,0.21666666666666665
OFF-AP-10003622,"Bravo II Megaboss 12-Amp Hard Body Upright, Replacement Belts, 2 Belts per Pack",88.0,20.8325,29,0.12000000000000002
OFF-BI-10003340,"Acco Index Tab, Durable",201.0,20.855999999999998,26,0.1142857142857143
OFF-PA-10000393,"Xerox Memo Slips, 8.5 x 11",211.0,20.88,12,0.0
OFF-PA-10003224,"Eaton Computer Printout Paper, Premium",383.0,20.88,24,0.12000000000000002
OFF-ACM-10002131,"Acme Ruler, Easy Grip",109.0,20.88,6,0.0
FUR-HON-10000344,"Hon Rocking Chair, Red",262.0,20.88,2,0.0
OFF-SAN-10001128,"Sanford Pens, Easy-Erase",474.0,20.882999999999996,52,0.27058823529411763
TEC-AC-10002670,"Logitech Mouse, Erganomic",501.0,20.924999999999997,23,0.1
TEC-AC-10002076,Microsoft Natural Keyboard Elite,1497.0,20.95799999999999,29,0.15000000000000002
OFF-IBI-10001951,"Ibico Hole Reinforcements, Clear",121.0,20.970000000000002,25,0.325
OFF-ST-10000798,2300 Heavy-Duty Transfer File Systems by Perma,345.0,20.9832,16,0.1
OFF-EN-10000623,"Ames Manila Envelope, with clear poly window",263.0,21.0,14,0.0
OFF-EN-10001870,"Kraft Peel and Seal, Security-Tint",92.0,21.0,7,0.1
OFF-LA-10003583,"Hon File Folder Labels, 5000 Label Set",84.0,21.0,14,0.0
TEC-PH-10002443,"Cisco Signal Booster, with Caller ID",1743.0,21.008399999999995,14,0.168
OFF-SU-10001165,Acme Elite Stainless Steel Scissors,95.0,21.0168,12,0.08
OFF-AP-10003800,"Cuisinart Coffee Grinder, White",49.0,21.04,2,0.0
OFF-LA-10003674,"Hon Legal Exhibit Labels, Alphabetical",64.0,21.06,6,0.0
OFF-HON-10001132,"Hon Round Labels, Adjustable",60.0,21.060000000000002,13,0.0
OFF-EN-10001346,"GlobeWeis Interoffice Envelope, Security-Tint",50.0,21.09,1,0.0
OFF-BI-10002083,"Acco Hole Reinforcements, Economy",248.0,21.09,37,0.0
TEC-AC-10002901,"Memorex Mouse, Bluetooth",535.0,21.09,19,0.0
OFF-SU-10002715,"Elite Trimmer, High Speed",434.0,21.1113,13,0.215
FUR-TA-10000558,"Hon Wood Table, Rectangular",740.0,21.12,2,0.3
OFF-AR-10001479,"Binney & Smith Pencil Sharpener, Easy-Erase",90.0,21.216,4,0.2
OFF-SU-10004481,"Stiletto Shears, Serrated",419.0,21.24,16,0.16
OFF-CAM-10001341,"Cameo Business Envelopes, Recycled",48.0,21.240000000000002,3,0.0
OFF-OIC-10003518,"OIC Rubber Bands, Assorted Sizes",111.0,21.252000000000002,9,0.13999999999999999
OFF-BI-10000439,"Acco Hole Reinforcements, Economy",71.0,21.2616,12,0.08
OFF-LA-10000692,"Avery Legal Exhibit Labels, Adjustable",200.0,21.296,33,0.06666666666666667
OFF-LA-10002996,"Avery Removable Labels, Laser Printer Compatible",107.0,21.299999999999997,10,0.0
FUR-FU-10002685,"Executive Impressions 13-1/2"" Indoor/Outdoor Wall Clock",56.0,21.317999999999998,3,0.0
OFF-WIL-10002593,"Wilson Jones Hole Reinforcements, Durable",88.0,21.318,16,0.11666666666666665
OFF-EN-10003838,"Cameo Peel and Seal, with clear poly window",74.0,21.330000000000002,3,0.0
OFF-LA-10000732,"Novimex Round Labels, 5000 Label Set",179.0,21.3414,34,0.21375
OFF-SU-10003897,"Stiletto Ruler, High Speed",259.0,21.402,21,0.16
OFF-LA-10004761,"Avery File Folder Labels, Adjustable",54.0,21.414,8,0.03333333333333333
OFF-AP-10003965,"Cuisinart Stove, White",572.0,21.432,2,0.2
FUR-FU-10003235,"Eldon Frame, Durable",627.0,21.4584,6,0.12333333333333334
OFF-LA-10002609,"Avery Color Coded Labels, Alphabetical",206.0,21.464,24,0.08
OFF-LA-10003809,"Novimex Legal Exhibit Labels, Laser Printer Compatible",183.0,21.476,30,0.08571428571428573
OFF-IBI-10000099,"Ibico Binder, Clear",445.0,21.498,31,0.09999999999999999
OFF-AR-10000251,"Stanley Markers, Fluorescent",312.0,21.5118,17,0.23500000000000001
OFF-PA-10004444,"SanDisk Note Cards, Premium",295.0,21.5235,12,0.18999999999999997
OFF-ST-10003327,Akro-Mils 12-Gallon Tote,114.0,21.548099999999998,13,0.1
OFF-EN-10003111,"GlobeWeis Clasp Envelope, Recycled",102.0,21.56,22,0.13333333333333333
OFF-AR-10004173,"Stanley Pens, Easy-Erase",49.0,21.560000000000002,7,0.0
OFF-BI-10001266,"Acco 3-Hole Punch, Economy",610.0,21.5736,23,0.12333333333333334
OFF-BI-10001636,Ibico Plastic and Wire Spiral Binding Combs,208.0,21.580800000000004,41,0.35555555555555557
OFF-BI-10003917,"Avery Hole Reinforcements, Economy",90.0,21.5871,22,0.05285714285714286
OFF-FA-10001843,Staples,50.0,21.5878,22,0.05
OFF-LA-10004425,Staples,55.0,21.5883,21,0.08
TEC-BEL-10002178,"Belkin Flash Drive, Programmable",217.0,21.6,5,0.0
OFF-PA-10003063,EcoTones Memo Sheets,53.0,21.6,15,0.06666666666666667
OFF-HOO-10000318,"Hoover Microwave, Silver",495.0,21.623999999999995,3,0.4666666666666666
OFF-BI-10002824,Recycled Easel Ring Binders,309.0,21.634,35,0.3888888888888889
OFF-FA-10001330,"OIC Rubber Bands, Bulk Pack",202.0,21.693000000000005,18,0.32
FUR-FU-10001867,"Eldon Expressions Punched Metal & Wood Desk Accessories, Pewter & Cherry",121.0,21.7056,13,0.13333333333333333
OFF-ST-10000378,"Tenex Box, Wire Frame",62.0,21.72,4,0.0
OFF-AP-10004627,"Hamilton Beach Stove, Silver",724.0,21.72,2,0.0
OFF-FA-10004920,"Accos Rubber Bands, Metal",142.0,21.720000000000002,15,0.16
OFF-PA-10001246,Xerox 215,45.0,21.7728,7,0.0
TEC-MA-10004303,"Panasonic Receipt Printer, Durable",242.0,21.78,2,0.0
OFF-SU-10000289,"Kleencut Ruler, Easy Grip",91.0,21.78,6,0.0
OFF-FA-10000659,"Stockwell Clamps, 12 Pack",110.0,21.78,6,0.0
OFF-STO-10001839,"Stockwell Rubber Bands, Bulk Pack",51.0,21.78,3,0.0
OFF-BI-10004139,Fellowes Presentation Covers for Comb Binding Machines,133.0,21.825000000000003,14,0.4
OFF-ST-10002834,"Smead File Cart, Single Width",1753.0,21.828000000000014,17,0.2316666666666667
OFF-HON-10003921,"Hon Removable Labels, Laser Printer Compatible",83.0,21.834,9,0.175
OFF-ENE-10002784,"Enermax Parchment Paper, Multicolor",129.0,21.84,9,0.11666666666666665
OFF-EN-10003520,"Cameo Clasp Envelope, Set of 50",94.0,21.878999999999998,11,0.1
OFF-BI-10003305,Avery Hanging File Binders,105.0,21.8868,26,0.25
OFF-BI-10002193,"Wilson Jones Hole Reinforcements, Recycled",117.0,21.915,25,0.045454545454545456
OFF-PA-10001972,"Eaton Message Books, Premium",219.0,21.919999999999998,20,0.13333333333333333
TEC-SAN-10004215,"SanDisk Keyboard, Bluetooth",196.0,21.942,3,0.3
OFF-SU-10003665,"Kleencut Trimmer, Serrated",817.0,21.9498,24,0.12833333333333333
OFF-PA-10000007,"Telephone Message Books with Fax/Mobile Section, 4 1/4"" x 6""",52.0,21.96,15,0.06666666666666667
FUR-TEN-10001349,"Tenex Frame, Black",440.0,21.96,4,0.0
FUR-FU-10001098,"Deflect-O Door Stop, Black",88.0,21.96,2,0.0
OFF-BI-10003879,"Ibico Binder Covers, Economy",82.0,21.96,6,0.0
OFF-AR-10001072,"Sanford Pens, Fluorescent",220.0,22.031999999999996,28,0.06666666666666668
OFF-FA-10004239,"Advantus Staples, Metal",93.0,22.05,11,0.125
OFF-LA-10001317,Avery 520,47.0,22.05,15,0.04
FUR-FU-10004712,"Westinghouse Mesh Shade Clip-On Gooseneck Lamp, Black",85.0,22.0584,6,0.0
OFF-PA-10000745,"Green Bar Memo Slips, Recycled",181.0,22.088,20,0.13333333333333333
OFF-AR-10002375,Newell 351,82.0,22.1072,26,0.028571428571428574
TEC-AC-10002815,"SanDisk Keyboard, Erganomic",159.0,22.2,3,0.0
FUR-BO-10002471,"Safco 3-Shelf Cabinet, Metal",1570.0,22.200000000000003,15,0.12000000000000002
OFF-AP-10003972,"Hoover Coffee Grinder, Silver",362.0,22.247999999999998,8,0.3
OFF-PA-10003953,Xerox 218,49.0,22.2912,8,0.08
OFF-AR-10002280,Staples,55.0,22.3215,9,0.1
FUR-FU-10001371,"Deflect-O Stacking Tray, Black",341.0,22.380000000000003,29,0.37142857142857144
OFF-SU-10003485,"Elite Letter Opener, Easy Grip",237.0,22.4,14,0.12000000000000002
OFF-LA-10002271,Smead Alpha-Z Color-Coded Second Alphabetical Labels and Starter Set,48.0,22.4224,16,0.04
TEC-AC-10003657,Lenovo 17-Key USB Numeric Keypad,367.0,22.4334,13,0.16
OFF-BI-10003588,"Ibico Binder, Economy",126.0,22.445999999999998,9,0.08
TEC-SAM-10000588,"Samsung Office Telephone, Full Size",306.0,22.446000000000005,6,0.35
OFF-AR-10003158,Fluorescent Highlighters by Dixon,91.0,22.4472,26,0.12000000000000002
OFF-LA-10004409,Avery 492,54.0,22.464,20,0.08
OFF-PA-10001307,"Important Message Pads, 50 4-1/4 x 5-1/2 Forms per Pad",55.0,22.47,15,0.1
OFF-PA-10001763,Xerox 1896,50.0,22.4775,5,0.0
OFF-AP-10002421,"Breville Stove, Silver",750.0,22.48,2,0.0
TEC-BRO-10001938,"Brother Wireless Fax, High-Speed",905.0,22.554000000000002,3,0.19999999999999998
TEC-PH-10004162,"Samsung Speaker Phone, Cordless",965.0,22.558500000000002,9,0.15
OFF-SU-10001087,"Kleencut Box Cutter, Serrated",63.0,22.56,2,0.0
OFF-KLE-10000296,"Kleencut Letter Opener, Steel",291.0,22.572000000000006,15,0.11666666666666665
OFF-AR-10001988,Bulldog Table or Wall-Mount Pencil Sharpener,78.0,22.582299999999996,13,0.0
FUR-FU-10004241,"Deflect-O Light Bulb, Black",188.0,22.671,11,0.1
TEC-PH-10004830,Pyle PRT45 Retro Home Telephone,202.0,22.6764,4,0.2
OFF-GRE-10001521,"Green Bar Message Books, Recycled",114.0,22.68,6,0.15
OFF-PA-10003657,Xerox 1927,66.0,22.683999999999997,18,0.12000000000000002
OFF-PA-10001583,"1/4 Fold Party Design Invitations & White Envelopes, 24 8-1/2"" X 11"" Cards, 25 Env./Pack",50.0,22.7115,7,0.1
OFF-AR-10000179,"Sanford Canvas, Fluorescent",166.0,22.776000000000003,4,0.2
OFF-EN-10004147,Wausau Papers Astrobrights Colored Envelopes,50.0,22.7838,9,0.06666666666666667
TEC-CO-10002796,"Canon Wireless Fax, Color",380.0,22.8,1,0.0
OFF-FA-10001724,"Advantus Paper Clips, Assorted Sizes",216.0,22.800000000000004,20,0.125
TEC-AC-10000873,"Belkin Mouse, USB",131.0,22.824,4,0.2
OFF-LA-10001175,Avery 514,47.0,22.8384,17,0.05
TEC-LOG-10001750,"Logitech Mouse, USB",176.0,22.86,6,0.0
FUR-FU-10002191,G.E. Halogen Desk Lamp Bulbs,63.0,22.8944,11,0.15999999999999998
OFF-BI-10003355,Cardinal Holdit Business Card Pockets,88.0,22.908,25,0.2375
OFF-BI-10001031,Pressboard Data Binders by Wilson Jones,99.0,22.9086,27,0.325
OFF-AR-10003281,"Stanley Highlighters, Blue",58.0,22.92,6,0.0
OFF-ST-10000355,"Eldon Box, Wire Frame",254.0,22.949999999999996,36,0.18
OFF-LA-10000081,Avery 496,51.0,22.95,14,0.1
OFF-AP-10003281,Acco 6 Outlet Guardian Standard Surge Suppressor,149.0,22.971,15,0.2
OFF-AME-10002557,"Ames Business Envelopes, Recycled",163.0,23.003999999999998,11,0.09999999999999999
OFF-LA-10002733,"Novimex File Folder Labels, Alphabetical",216.0,23.009999999999998,28,0.07142857142857142
OFF-LA-10000370,"Hon Color Coded Labels, Laser Printer Compatible",273.0,23.0349,29,0.25857142857142856
OFF-FA-10001776,"Stockwell Rubber Bands, Metal",123.0,23.04,12,0.08
OFF-EN-10000507,"GlobeWeis Peel and Seal, Set of 50",86.0,23.04,4,0.0
OFF-EN-10003798,"Recycled Interoffice Envelopes with Re-Use-A-Seal Closure, 10 x 13",68.0,23.0445,5,0.2
OFF-PA-10004498,"Enermax Memo Slips, Multicolor",68.0,23.16,4,0.0
OFF-FA-10000907,"OIC Rubber Bands, Bulk Pack",68.0,23.16,4,0.0
OFF-PA-10000605,Xerox 1950,50.0,23.177799999999998,9,0.06666666666666667
OFF-BI-10001544,"Wilson Jones Hole Reinforcements, Clear",234.0,23.183999999999997,59,0.007692307692307693
OFF-LA-10000452,Avery 488,51.0,23.184,17,0.06666666666666667
TEC-PH-10002293,Anker 36W 4-Port USB Wall Charger Travel Power Adapter for iPhone 5s 5c 5,340.0,23.1884,22,0.23333333333333336
TEC-HP -10000081,"HP Ink, Color",794.0,23.214000000000013,8,0.32499999999999996
OFF-FA-10002635,"Accos Thumb Tacks, Metal",130.0,23.22,10,0.05
TEC-AC-10002167,Imation 8gb Micro Traveldrive Usb 2.0 Flash Drive,357.0,23.25,25,0.07500000000000001
OFF-STO-10001150,"Stockwell Rubber Bands, 12 Pack",78.0,23.25,5,0.0
OFF-ST-10004950,"Tenex Personal Filing Tote With Secure Closure Lid, Black/Frost",281.0,23.265,22,0.12000000000000002
OFF-LA-10001019,"Avery Color Coded Labels, Laser Printer Compatible",106.0,23.28,8,0.0
OFF-AR-10003829,Newell 35,95.0,23.288,30,0.06666666666666668
OFF-EN-10003721,"Jiffy Business Envelopes, Security-Tint",92.0,23.304000000000002,10,0.15000000000000002
FUR-HON-10001622,"Hon Chairmat, Red",167.0,23.31,3,0.0
FUR-FU-10004671,"Executive Impressions 12"" Wall Clock",175.0,23.324399999999997,14,0.26666666666666666
OFF-LA-10004709,"Avery Round Labels, Laser Printer Compatible",98.0,23.351999999999997,14,0.025
OFF-FA-10000581,"Stockwell Thumb Tacks, Metal",253.0,23.365499999999997,25,0.2871428571428571
OFF-LA-10000443,Avery 501,67.0,23.3946,22,0.17500000000000002
OFF-EN-10003904,"Jiffy Business Envelopes, Recycled",148.0,23.4,10,0.0
TEC-AC-10002204,"Belkin Flash Drive, Erganomic",796.0,23.4,20,0.0
FUR-FU-10000755,Eldon Expressions Mahogany Wood Desk Collection,94.0,23.4,15,0.0
TEC-MA-10003536,"Konica Calculator, Red",195.0,23.4,4,0.0
OFF-LA-10004345,Avery 493,57.0,23.4207,13,0.1
FUR-FU-10004152,"Eldon Photo Frame, Erganomic",510.0,23.460000000000004,13,0.25
OFF-BOS-10004262,"Boston Highlighters, Easy-Erase",352.0,23.496000000000002,22,0.12857142857142856
OFF-JIF-10002454,"Jiffy Manila Envelope, Recycled",110.0,23.514,5,0.19999999999999998
OFF-ELI-10001904,"Elite Letter Opener, Steel",168.0,23.52,7,0.0
OFF-ELD-10000124,"Eldon Trays, Single Width",1084.0,23.52000000000001,33,0.19999999999999998
FUR-FU-10004952,"C-Line Cubicle Keepers Polyproplyene Holder w/Velcro Back, 8-1/2x11, 25/Bx",513.0,23.538199999999996,13,0.15
OFF-FEL-10002399,"Fellowes Box, Blue",504.0,23.567999999999998,29,0.16249999999999998
OFF-AR-10001622,"BIC Markers, Easy-Erase",124.0,23.619999999999997,9,0.20000000000000004
OFF-AR-10004269,Newell 31,95.0,23.6236,24,0.04
OFF-EN-10002849,"Kraft Interoffice Envelope, with clear poly window",116.0,23.628,3,0.3
OFF-AR-10001166,Staples,61.0,23.6496,8,0.0
OFF-LA-10002088,"Novimex Round Labels, Laser Printer Compatible",77.0,23.6529,16,0.27999999999999997
OFF-BI-10003364,"Cardinal 3-Hole Punch, Clear",57.0,23.7,2,0.0
OFF-LA-10003820,"Novimex Color Coded Labels, Adjustable",103.0,23.700000000000003,15,0.0
OFF-BI-10004040,Wilson Jones Impact Binders,134.0,23.7244,42,0.3888888888888889
OFF-ACM-10001029,"Acme Box Cutter, Serrated",104.0,23.759999999999998,3,0.0
OFF-SAN-10000931,"SanDisk Message Books, 8.5 x 11",223.0,23.759999999999998,14,0.44999999999999996
TEC-AC-10002295,"Logitech Flash Drive, Bluetooth",61.0,23.76,2,0.0
TEC-ENE-10004520,"Enermax Mouse, Erganomic",343.0,23.76,9,0.0
OFF-LA-10003390,"Harbour Creations File Folder Labels, 5000 Label Set",108.0,23.76,12,0.0
OFF-PA-10004260,"Xerox Memo Slips, Recycled",227.0,23.7792,24,0.295
OFF-FA-10000735,Staples,55.0,23.798000000000002,19,0.04
TEC-PH-10002483,Motorola Moto X,272.0,23.7993,1,0.2
OFF-SU-10001512,"Stiletto Shears, Easy Grip",159.0,23.832,4,0.2
OFF-PA-10000809,Xerox 206,60.0,23.846400000000003,11,0.16
OFF-GRE-10001084,"Green Bar Cards & Envelopes, Multicolor",419.0,23.85,9,0.19999999999999998
OFF-FA-10003797,"Advantus Push Pins, 12 Pack",87.0,23.856,10,0.06666666666666667
OFF-LA-10000448,"Hon File Folder Labels, Alphabetical",166.0,23.887999999999998,32,0.1
OFF-LA-10004164,"Smead Color Coded Labels, Laser Printer Compatible",116.0,23.900000000000002,14,0.12000000000000002
OFF-FA-10002835,"OIC Staples, Assorted Sizes",67.0,23.904,13,0.15000000000000002
OFF-BI-10001183,"Avery 3-Hole Punch, Clear",346.0,23.939999999999998,19,0.0
OFF-LA-10000039,"Smead Legal Exhibit Labels, Adjustable",171.0,23.939999999999998,19,0.0
OFF-BI-10003314,Tuff Stuff Recycled Round Ring Binders,81.0,23.9554,23,0.2777777777777778
OFF-LA-10000262,Avery 494,56.0,23.959799999999998,23,0.10000000000000002
OFF-EN-10001415,Staples,54.0,23.994,11,0.12000000000000002
OFF-KLE-10000527,"Kleencut Scissors, High Speed",147.0,23.994000000000003,8,0.27999999999999997
OFF-FA-10002791,"OIC Push Pins, Assorted Sizes",56.0,24.006,5,0.2
OFF-SU-10004737,Acme Design Stainless Steel Bent Scissors,89.0,24.0084,13,0.0
FUR-IKE-10003576,"Ikea Floating Shelf Set, Pine",172.0,24.03,1,0.0
OFF-AR-10004772,"Boston Highlighters, Fluorescent",314.0,24.048,27,0.13333333333333333
OFF-FA-10004659,"Stockwell Thumb Tacks, 12 Pack",218.0,24.076799999999995,22,0.20142857142857143
OFF-PA-10000556,Xerox 208,55.0,24.105600000000003,9,0.1
OFF-FA-10000471,"Accos Paper Clips, Assorted Sizes",106.0,24.108,10,0.2
OFF-EN-10004030,Convenience Packs of Business Envelopes,59.0,24.109199999999998,18,0.10000000000000002
OFF-FA-10003961,"Advantus Rubber Bands, Assorted Sizes",138.0,24.128,20,0.2
OFF-PA-10000350,"Message Book, Standard Line ""While You Were Out"", 5 1/2"" X 4"", 200 Sets/Book",51.0,24.139200000000002,6,0.0
OFF-AR-10001529,"Sanford Pens, Fluorescent",225.0,24.141599999999997,23,0.17
OFF-ST-10000991,Space Solutions HD Industrial Steel Shelving.,3036.0,24.143700000000003,27,0.025
OFF-LA-10002848,"Novimex Shipping Labels, Laser Printer Compatible",112.0,24.144,18,0.16
FUR-DEF-10002774,"Deflect-O Clock, Durable",539.0,24.15599999999999,16,0.2777777777777778
OFF-IBI-10000779,"Ibico Index Tab, Economy",118.0,24.156,14,0.12
FUR-BO-10002824,Bush Mission Pointe Library,749.0,24.156800000000004,6,0.17333333333333334
FUR-BO-10003291,"Dania Corner Shelving, Metal",1329.0,24.168000000000006,23,0.31428571428571433
FUR-BO-10000330,"Sauder Camden County Barrister Bookcase, Planked Cherry Finish",1064.0,24.196,10,0.09999999999999999
TEC-MA-10003909,"StarTech Calculator, Red",173.0,24.22,7,0.0
TEC-MA-10003329,"Vtech AT&T CL2940 Corded Speakerphone, Black",72.0,24.2919,3,0.2
OFF-AR-10002852,"Stanley Pens, Fluorescent",396.0,24.33,36,0.045454545454545456
TEC-MA-10003079,"Panasonic Card Printer, Wireless",174.0,24.33,1,0.0
OFF-PA-10004641,"SanDisk Cards & Envelopes, Multicolor",349.0,24.36,7,0.0
OFF-SAN-10001114,"SanDisk Cards & Envelopes, Multicolor",349.0,24.36,7,0.0
OFF-EN-10004521,"Ames Manila Envelope, Security-Tint",54.0,24.36,2,0.0
OFF-AP-10003562,"Hamilton Beach Toaster, Silver",272.0,24.36,7,0.0
OFF-STO-10003395,"Stockwell Rubber Bands, Metal",48.0,24.39,3,0.0
TEC-AC-10002900,"Belkin Mouse, Programmable",232.0,24.435000000000002,6,0.25
OFF-ST-10000485,"Fellowes Folders, Single Width",167.0,24.4476,7,0.085
OFF-LA-10003851,"Smead Removable Labels, 5000 Label Set",49.0,24.5,7,0.0
OFF-STO-10003021,"Stockwell Thumb Tacks, 12 Pack",96.0,24.504,10,0.3333333333333333
OFF-ST-10003952,"Rogers Trays, Single Width",683.0,24.524,20,0.12000000000000002
OFF-LA-10000760,"Smead Shipping Labels, Laser Printer Compatible",137.0,24.532,19,0.1
OFF-PA-10001348,"Eaton Note Cards, Multicolor",61.0,24.54,2,0.0
FUR-FU-10000361,"Eldon Stacking Tray, Duo Pack",275.0,24.552000000000003,9,0.09999999999999999
OFF-BI-10002557,Presstex Flexible Ring Binders,92.0,24.57,30,0.35
TEC-AC-10001407,"Belkin Mouse, Erganomic",395.0,24.592,19,0.26666666666666666
TEC-PH-10001148,"Samsung Signal Booster, VoIP",656.0,24.593999999999994,7,0.19999999999999998
FUR-ADV-10000600,"Advantus Clock, Duo Pack",206.0,24.6,4,0.0
OFF-OIC-10002161,"OIC Push Pins, Assorted Sizes",123.0,24.6,10,0.0
OFF-LA-10003132,"Smead Round Labels, Laser Printer Compatible",70.0,24.6,10,0.0
OFF-SU-10003082,"Acme Box Cutter, Easy Grip",391.0,24.624000000000002,18,0.13333333333333333
OFF-LA-10000134,Avery 511,57.0,24.64,20,0.10000000000000002
OFF-STO-10001173,"Stockwell Thumb Tacks, Assorted Sizes",132.0,24.659999999999997,15,0.36
OFF-AR-10003759,"Crayola Anti Dust Chalk, 12/Pack",60.0,24.661,35,0.08571428571428573
TEC-AC-10001635,KeyTronic KT400U2 - Keyboard - Black,149.0,24.672,15,0.06666666666666667
OFF-FA-10001650,"OIC Push Pins, Metal",169.0,24.695999999999998,18,0.364
OFF-CUI-10002506,"Cuisinart Blender, White",65.0,24.72,1,0.0
OFF-PA-10000682,Xerox 1924,61.0,24.7384,12,0.15000000000000002
OFF-BI-10003166,"Cardinal Hole Reinforcements, Durable",77.0,24.75,11,0.0
OFF-GLO-10001567,"GlobeWeis Clasp Envelope, with clear poly window",67.0,24.75,5,0.0
OFF-CUI-10003665,"Cuisinart Blender, Red",67.0,24.78,1,0.0
FUR-CH-10003608,"SAFCO Chairmat, Set of Two",347.0,24.791999999999998,8,0.2
OFF-EN-10003391,"Jiffy Manila Envelope, Set of 50",293.0,24.7923,18,0.32199999999999995
TEC-AC-10001553,"Memorex 25GB 6X Branded Blu-Ray Recordable Disc, 15/Pack",374.0,24.8054,26,0.16
OFF-STO-10003604,"Stockwell Staples, Metal",66.0,24.839999999999996,6,0.0
OFF-AR-10000399,"Binney & Smith Highlighters, Fluorescent",132.0,24.86,11,0.0
OFF-FA-10002988,Ideal Clamps,59.0,24.8637,33,0.1
OFF-EN-10003068,#6 3/4 Gummed Flap White Envelopes,72.0,24.947999999999997,9,0.2
OFF-LA-10003210,"Novimex Color Coded Labels, 5000 Label Set",90.0,24.990000000000002,7,0.0
OFF-BI-10004054,"Cardinal Hole Reinforcements, Economy",85.0,25.02,19,0.16666666666666666
OFF-CAM-10004271,"Cameo Mailers, Recycled",196.0,25.067999999999998,6,0.2333333333333333
OFF-PA-10002047,"Green Bar Cards & Envelopes, 8.5 x 11",1598.0,25.091999999999995,34,0.09285714285714286
FUR-FU-10004020,Advantus Panel Wall Acrylic Frame,87.0,25.162,20,0.2
OFF-BI-10000490,"Cardinal Binder, Recycled",260.0,25.170000000000005,31,0.21666666666666665
TEC-AC-10001274,"Belkin Memory Card, Bluetooth",1699.0,25.187999999999988,27,0.16
OFF-LA-10002972,"Avery File Folder Labels, Alphabetical",100.0,25.216,19,0.13333333333333333
OFF-AP-10002222,Staples,108.0,25.229699999999998,13,0.05
OFF-SU-10000320,"Fiskars Shears, High Speed",254.0,25.28,10,0.15000000000000002
OFF-CAR-10001746,"Cardinal Index Tab, Clear",159.0,25.32,34,0.19999999999999998
OFF-BI-10004486,"Wilson Jones 3-Hole Punch, Durable",59.0,25.32,2,0.0
OFF-SU-10003632,"Stiletto Ruler, High Speed",122.0,25.344,13,0.10000000000000002
OFF-EN-10004051,"Ames Manila Envelope, Set of 50",321.0,25.349999999999998,13,0.0
OFF-AR-10002897,"BIC Markers, Water Color",235.0,25.359,11,0.25
OFF-LA-10002325,"Smead Removable Labels, Adjustable",65.0,25.38,6,0.0
TEC-MA-10003251,"Konica Phone, White",169.0,25.38,3,0.0
OFF-PA-10004854,"Green Bar Cards & Envelopes, Recycled",546.0,25.4,20,0.14285714285714285
OFF-AP-10004665,"Hamilton Beach Coffee Grinder, Red",402.0,25.403999999999996,10,0.06666666666666667
OFF-AR-10001405,"Binney & Smith Highlighters, Fluorescent",197.0,25.41,11,0.0
OFF-LA-10001191,"Harbour Creations File Folder Labels, Alphabetical",112.0,25.433999999999997,16,0.20800000000000002
FUR-RUB-10003518,"Rubbermaid Door Stop, Erganomic",170.0,25.44,4,0.0
OFF-LA-10000784,"Harbour Creations File Folder Labels, 5000 Label Set",71.0,25.4448,10,0.23399999999999999
FUR-FU-10004888,"Tenex Stacking Tray, Erganomic",236.0,25.471999999999998,19,0.17142857142857146
OFF-SAN-10001074,"SanDisk Message Books, Premium",343.0,25.487999999999996,18,0.19999999999999998
OFF-BI-10003291,Wilson Jones Leather-Like Binders with DublLock Round Rings,237.0,25.491600000000002,46,0.35000000000000003
OFF-FA-10000936,Acco Hot Clips Clips to Go,68.0,25.497500000000002,23,0.13333333333333333
OFF-BI-10004628,"Cardinal Binder, Durable",522.0,25.5,34,0.0
OFF-BI-10001723,"Avery Binder, Clear",872.0,25.500000000000004,76,0.058823529411764705
OFF-AR-10001336,"Binney & Smith Pens, Blue",172.0,25.5024,15,0.135
OFF-AR-10000821,"Sanford Highlighters, Fluorescent",152.0,25.536,21,0.30000000000000004
TEC-PH-10000505,"Apple Smart Phone, with Caller ID",543.0,25.551,1,0.15
OFF-FA-10003595,"OIC Thumb Tacks, Assorted Sizes",93.0,25.576,13,0.1
OFF-FA-10004739,"Accos Rubber Bands, Bulk Pack",93.0,25.578000000000003,7,0.16666666666666666
OFF-SU-10003371,"Kleencut Trimmer, High Speed",534.0,25.604100000000003,18,0.3466666666666667
OFF-FIS-10001549,"Fiskars Shears, Serrated",88.0,25.68,2,0.0
OFF-PA-10003971,Xerox 1965,56.0,25.714,10,0.05
TEC-AC-10000896,"Belkin Numeric Keypad, Erganomic",763.0,25.7325,15,0.17333333333333334
OFF-SU-10000153,"Acme Shears, High Speed",433.0,25.740000000000002,13,0.0
OFF-PA-10004519,Spiral Phone Message Books with Labels by Adams,60.0,25.759999999999998,15,0.05
FUR-FU-10004586,G.E. Longer-Life Indoor Recessed Floodlight Bulbs,80.0,25.763199999999998,16,0.2333333333333333
OFF-FA-10003782,"Advantus Paper Clips, Bulk Pack",256.0,25.7775,20,0.125
FUR-FU-10000039,"Tenex Light Bulb, Duo Pack",260.0,25.803,14,0.06
OFF-EN-10002973,Ampad #10 Peel & Seel Holiday Envelopes,54.0,25.8048,12,0.0
OFF-LA-10003337,"Harbour Creations Removable Labels, Adjustable",253.0,25.832000000000004,39,0.1
OFF-PA-10000551,Array Memo Cubes,55.0,25.8482,11,0.06666666666666667
TEC-AC-10004904,"Enermax Mouse, Erganomic",76.0,25.86,2,0.0
OFF-LA-10001738,"Novimex Color Coded Labels, Alphabetical",116.0,25.86,11,0.125
FUR-CH-10002317,Global Enterprise Series Seating Low-Back Swivel/Tilt Chairs,207.0,25.898,1,0.2
OFF-AR-10002256,"BIC Sketch Pad, Easy-Erase",767.0,25.903799999999997,18,0.20333333333333334
FUR-OFF-10001552,"Office Star Bag Chairs, Set of Two",519.0,25.919999999999998,9,0.0
OFF-LA-10003971,"Novimex Color Coded Labels, Laser Printer Compatible",167.0,25.92,15,0.1
OFF-LA-10002673,"Harbour Creations Round Labels, Laser Printer Compatible",55.0,25.92,12,0.0
OFF-LA-10003290,"Hon Round Labels, Adjustable",73.0,25.92,16,0.0
FUR-TEN-10003349,"Tenex Photo Frame, Durable",543.0,25.97700000000001,16,0.27999999999999997
OFF-FA-10004140,"Accos Push Pins, 12 Pack",112.0,26.01,9,0.16666666666666666
OFF-LA-10004916,"Harbour Creations Shipping Labels, Laser Printer Compatible",69.0,26.1,6,0.0
FUR-FU-10003849,"DAX Metal Frame, Desktop, Stepped-Edge",161.0,26.1096,11,0.24
OFF-NOV-10002952,"Novimex Round Labels, Laser Printer Compatible",74.0,26.112000000000002,14,0.12
FUR-FU-10000260,"6"" Cubicle Wall Clock, Black",124.0,26.211599999999997,19,0.2
OFF-SU-10001664,Acme Office Executive Series Stainless Steel Trimmers,161.0,26.2242,21,0.08571428571428573
OFF-BI-10001533,"Wilson Jones Binding Machine, Recycled",1252.0,26.24,40,0.06000000000000001
TEC-PH-10002299,"Nokia Headset, VoIP",396.0,26.28,6,0.1
OFF-AR-10003696,Panasonic KP-350BK Electric Pencil Sharpener with Auto Stop,125.0,26.2808,4,0.06666666666666667
OFF-LA-10002939,"Harbour Creations Legal Exhibit Labels, 5000 Label Set",247.0,26.3022,25,0.1525
OFF-EN-10002013,"Kraft Business Envelopes, Security-Tint",59.0,26.304,4,0.1
TEC-AC-10003533,"SanDisk Mouse, Bluetooth",333.0,26.307,9,0.05
OFF-BI-10004440,"Cardinal Binder, Economy",153.0,26.3232,12,0.05333333333333334
OFF-PA-10004385,"Eaton Parchment Paper, Premium",137.0,26.336,18,0.08
TEC-MA-10003515,"Panasonic Printer, Red",923.0,26.34,4,0.125
OFF-SU-10002503,Acme Preferred Stainless Steel Scissors,90.0,26.355200000000004,16,0.0
OFF-AP-10002312,"KitchenAid Refrigerator, Black",438.0,26.3571,1,0.17
TEC-CO-10003523,"Brother Wireless Fax, High-Speed",320.0,26.3685,1,0.15
OFF-FA-10000540,"Stockwell Staples, Assorted Sizes",66.0,26.4,12,0.0
OFF-AR-10000974,"Stanley Pens, Fluorescent",68.0,26.459999999999997,9,0.0
OFF-ACC-10000233,"Acco Binder, Economy",313.0,26.505,22,0.10833333333333332
OFF-BI-10001036,Cardinal EasyOpen D-Ring Binders,209.0,26.506,40,0.25
OFF-LA-10004832,"Novimex Legal Exhibit Labels, Alphabetical",134.0,26.52,13,0.0
OFF-BI-10001305,"Cardinal Binder, Clear",53.0,26.52,4,0.0
OFF-SU-10000079,"Fiskars Trimmer, Serrated",156.0,26.52,4,0.0
OFF-EN-10003072,Peel & Seel Envelopes,63.0,26.5392,18,0.1
OFF-SU-10002215,"Elite Ruler, High Speed",91.0,26.6,10,0.0
OFF-AR-10003631,Staples,124.0,26.619999999999997,30,0.1
OFF-BI-10004185,"Cardinal Binder, Durable",92.0,26.64,6,0.0
OFF-AR-10000422,"Stanley Markers, Blue",205.0,26.64,15,0.1
TEC-AC-10000692,"Logitech Keyboard, Erganomic",1359.0,26.68,29,0.0
OFF-ELI-10004597,"Elite Box Cutter, Steel",68.0,26.7,2,0.0
FUR-FU-10000320,OIC Stacking Trays,82.0,26.720000000000002,30,0.16666666666666666
OFF-ADV-10001124,"Advantus Clamps, 12 Pack",170.0,26.73,9,0.0
TEC-PH-10003353,"Motorola Office Telephone, Cordless",358.0,26.748,6,0.2
OFF-AR-10003096,"Binney & Smith Sketch Pad, Blue",569.0,26.752000000000002,24,0.2
OFF-FA-10001526,"Stockwell Rubber Bands, 12 Pack",114.0,26.7552,8,0.09000000000000001
FUR-DEF-10002814,"Deflect-O Stacking Tray, Erganomic",96.0,26.76,4,0.0
FUR-BO-10000895,"Sauder Stackable Bookrack, Pine",582.0,26.766,6,0.35
OFF-AR-10000716,DIXON Ticonderoga Erasable Checking Pencils,94.0,26.784000000000002,20,0.1142857142857143
OFF-SU-10001877,"Elite Ruler, High Speed",89.0,26.814,8,0.35666666666666663
OFF-BI-10004741,"Acco Binder, Durable",100.0,26.82,6,0.0
OFF-AR-10003056,Newell 341,97.0,26.8356,23,0.028571428571428574
OFF-AR-10004685,"Binney & Smith Crayola Metallic Colored Pencils, 8-Color Set",88.0,26.854000000000003,20,0.05714285714285715
OFF-IBI-10003732,"Ibico Hole Reinforcements, Durable",123.0,26.883,16,0.14444444444444443
FUR-HAR-10000334,"Harbour Creations Swivel Stool, Red",1080.0,26.909999999999997,9,0.3
OFF-PA-10001947,Xerox 1974,58.0,26.91,10,0.05
OFF-FA-10002890,"Accos Staples, Bulk Pack",149.0,26.919,21,0.31
OFF-BI-10002432,Wilson Jones Standard D-Ring Binders,96.0,26.9192,26,0.325
OFF-BI-10000106,"Cardinal Hole Reinforcements, Clear",115.0,26.928,28,0.13875
OFF-STO-10002026,"Stockwell Clamps, Bulk Pack",339.0,27.0,18,0.0
OFF-LA-10004122,"Avery Color Coded Labels, Laser Printer Compatible",212.0,27.0,17,0.125
OFF-LA-10004332,"Novimex File Folder Labels, Adjustable",133.0,27.06,22,0.0
OFF-GLO-10003496,"GlobeWeis Manila Envelope, Set of 50",81.0,27.089999999999996,3,0.0
OFF-PA-10002230,Xerox 1897,68.0,27.0912,16,0.15000000000000002
OFF-FA-10001359,"Stockwell Rubber Bands, Assorted Sizes",55.0,27.12,4,0.0
TEC-AC-10002130,"Logitech Flash Drive, Erganomic",91.0,27.144,4,0.2
FUR-BO-10001619,O'Sullivan Cherrywood Estates Traditional Bookcase,425.0,27.193599999999996,6,0.1
OFF-FA-10000300,"Stockwell Push Pins, Assorted Sizes",218.0,27.216,36,0.16
FUR-BO-10001436,"Bush Corner Shelving, Traditional",223.0,27.222,2,0.1
OFF-FA-10001567,"Advantus Paper Clips, Bulk Pack",122.0,27.244,17,0.2571428571428572
OFF-BIC-10001682,"BIC Pens, Fluorescent",122.0,27.251999999999995,9,0.09999999999999999
OFF-FA-10004813,"Stockwell Rubber Bands, Bulk Pack",302.0,27.2754,22,0.13399999999999998
OFF-EN-10001538,"Jiffy Peel and Seal, Recycled",252.0,27.28,22,0.08
OFF-PA-10000026,"Eaton Cards & Envelopes, 8.5 x 11",512.0,27.287999999999997,12,0.175
TEC-PH-10000213,Seidio BD2-HK3IPH5-BK DILEX Case and Holster Combo for Apple iPhone 5/5s - Black,274.0,27.288800000000002,11,0.20000000000000004
OFF-HON-10000137,"Hon Round Labels, Laser Printer Compatible",67.0,27.299999999999997,10,0.0
FUR-DAN-10002846,"Dania Floating Shelf Set, Mobile",1031.0,27.30000000000001,8,0.32499999999999996
OFF-FA-10000087,"Accos Clamps, Assorted Sizes",150.0,27.348,15,0.1
OFF-SU-10000952,Fiskars Home & Office Scissors,98.0,27.3504,11,0.0
FUR-FU-10002459,"Rubbermaid Door Stop, Duo Pack",839.0,27.3546,21,0.07714285714285715
OFF-FA-10003004,"Advantus Push Pins, Metal",189.0,27.38,24,0.2
OFF-AP-10003334,"Cuisinart Coffee Grinder, Silver",373.0,27.419999999999995,11,0.2333333333333333
TEC-AC-10003063,"Belkin Router, Bluetooth",1726.0,27.47999999999999,12,0.13333333333333333
OFF-LA-10003077,Avery 500,59.0,27.4856,8,0.0
OFF-STA-10002719,"Stanley Pencil Sharpener, Easy-Erase",440.0,27.516,24,0.325
OFF-LA-10000276,"Smead File Folder Labels, 5000 Label Set",118.0,27.54,21,0.06666666666666667
OFF-AVE-10003558,"Avery Round Labels, Alphabetical",126.0,27.54,18,0.0
OFF-BI-10004053,"Cardinal Binder Covers, Durable",153.0,27.540000000000003,17,0.0
OFF-AR-10004348,"Boston Sketch Pad, Easy-Erase",463.0,27.636,15,0.05714285714285715
FUR-FU-10003798,"Ultra Door Kickplate, 8""H x 34""W",158.0,27.692,10,0.2
FUR-FU-10004666,DAX Clear Channel Poster Frame,119.0,27.701999999999998,10,0.19999999999999998
OFF-PA-10001215,Xerox 1963,76.0,27.72,17,0.13333333333333333
OFF-PA-10000876,"Eaton Computer Printout Paper, Multicolor",266.0,27.72,10,0.1
FUR-CH-10001414,"Hon Chairmat, Red",111.0,27.72,2,0.0
OFF-LA-10001299,"Avery File Folder Labels, Adjustable",77.0,27.72,11,0.0
OFF-PA-10002101,"Xerox Parchment Paper, Multicolor",73.0,27.75,5,0.0
OFF-STA-10000155,"Stanley Pencil Sharpener, Water Color",700.0,27.750000000000004,25,0.0
OFF-PA-10000320,"Enermax Parchment Paper, Multicolor",87.0,27.78,9,0.13333333333333333
OFF-BI-10002277,"Wilson Jones 3-Hole Punch, Recycled",57.0,27.78,2,0.0
OFF-BI-10000423,"Acco 3-Hole Punch, Recycled",556.0,27.804000000000006,29,0.06000000000000001
TEC-CIS-10000351,"Cisco Signal Booster, Cordless",464.0,27.81,3,0.0
OFF-PA-10004756,"SanDisk Cards & Envelopes, Multicolor",399.0,27.84,8,0.0
FUR-FU-10000936,"Eldon Photo Frame, Durable",214.0,27.848,7,0.2
TEC-PH-10000019,"Motorola Audio Dock, Full Size",559.0,27.911999999999992,4,0.2
OFF-AR-10000817,Manco Dry-Lighter Erasable Highlighter,87.0,27.968,30,0.028571428571428574
FUR-SAF-10000565,"SAFCO Bag Chairs, Adjustable",156.0,27.990000000000002,3,0.0
OFF-PA-10002105,Xerox 223,57.0,27.9936,9,0.0
FUR-FU-10000885,"Eldon Light Bulb, Durable",148.0,28.0,10,0.0
OFF-KLE-10002118,"Kleencut Ruler, Serrated",112.0,28.049999999999997,11,0.0
FUR-FU-10002885,Magna Visual Magnetic Picture Hangers,86.0,28.0524,19,0.10000000000000002
FUR-NOV-10000669,"Novimex Chairmat, Set of Two",176.0,28.08,3,0.0
OFF-CAM-10002734,"Cameo Clasp Envelope, with clear poly window",78.0,28.08,6,0.0
OFF-FA-10004410,"Stockwell Staples, Metal",189.0,28.080000000000002,27,0.0
OFF-PA-10001846,Xerox 1899,69.0,28.090799999999998,14,0.12000000000000002
FUR-TA-10000518,"Chromcraft Round Table, Fully Assembled",250.0,28.104,1,0.2
OFF-FA-10002975,Staples,76.0,28.1232,24,0.1
OFF-STO-10004841,"Stockwell Paper Clips, Assorted Sizes",109.0,28.125,12,0.2333333333333333
OFF-NOV-10004671,"Novimex Removable Labels, 5000 Label Set",69.0,28.139999999999997,7,0.0
OFF-AP-10004978,"KitchenAid Coffee Grinder, Red",141.0,28.14,3,0.0
OFF-SU-10000789,"Kleencut Box Cutter, Serrated",269.0,28.143,12,0.288
OFF-OIC-10000492,"OIC Push Pins, 12 Pack",95.0,28.157999999999998,8,0.25999999999999995
OFF-LA-10003121,Avery 506,67.0,28.166600000000003,17,0.06666666666666667
FUR-FU-10000422,"Deflect-O Photo Frame, Black",880.0,28.166999999999998,18,0.074
OFF-CAR-10001358,"Cardinal Hole Reinforcements, Clear",79.0,28.169999999999998,19,0.1909090909090909
OFF-HAM-10002778,"Hamilton Beach Microwave, Black",282.0,28.17,1,0.0
OFF-HAM-10004896,"Hamilton Beach Microwave, Red",396.0,28.19399999999999,2,0.3
TEC-AC-10003569,"Logitech Numeric Keypad, Erganomic",88.0,28.2,2,0.0
OFF-FA-10003505,"OIC Thumb Tacks, Metal",142.0,28.200000000000003,10,0.0
FUR-HAR-10001144,"Harbour Creations Bag Chairs, Adjustable",166.0,28.205999999999996,4,0.35
FUR-FU-10004270,"Eldon Image Series Desk Accessories, Burgundy",112.0,28.2568,31,0.125
FUR-FU-10000222,"Seth Thomas 16"" Steel Case Clock",442.0,28.257600000000004,19,0.24
OFF-AR-10003338,"Eberhard Faber 3 1/2"" Golf Pencils",140.0,28.272000000000002,20,0.05714285714285715
TEC-CO-10000500,"Canon Fax and Copier, High-Speed",2672.0,28.313999999999993,15,0.06
OFF-AP-10001623,"Hoover Stove, White",567.0,28.32,1,0.0
OFF-EN-10000031,"Ames Peel and Seal, Security-Tint",222.0,28.348000000000003,17,0.1
OFF-SU-10001351,"Stiletto Letter Opener, Steel",513.0,28.38,22,0.08333333333333333
OFF-PA-10004386,"Green Bar Note Cards, Premium",219.0,28.380000000000003,11,0.0
FUR-CH-10000966,"Harbour Creations Chairmat, Set of Two",1516.0,28.44,23,0.18333333333333335
OFF-BI-10004181,"Avery 3-Hole Punch, Clear",976.0,28.450799999999997,39,0.097
OFF-PA-10003424,"Enermax Computer Printout Paper, 8.5 x 11",342.0,28.455000000000005,13,0.125
OFF-EN-10002789,"Kraft Peel and Seal, Recycled",483.0,28.5,25,0.0
OFF-PA-10002971,"Eaton Memo Slips, Recycled",137.0,28.5,10,0.0
OFF-PA-10001905,"Eaton Message Books, Recycled",204.0,28.5,10,0.0
OFF-PA-10000673,"Post-it “Important Message” Note Pad, Neon Colors, 50 Sheets/Pad",63.0,28.537599999999998,9,0.1
OFF-STA-10000298,"Stanley Canvas, Blue",1897.0,28.548000000000002,45,0.08666666666666666
TEC-PH-10000774,"Motorola Signal Booster, VoIP",572.0,28.56,6,0.0
OFF-KLE-10004112,"Kleencut Trimmer, Serrated",167.0,28.571999999999996,5,0.19999999999999998
OFF-AP-10003497,"Breville Coffee Grinder, Black",204.0,28.6,5,0.0
FUR-CH-10001262,"Office Star Rocking Chair, Set of Two",143.0,28.62,1,0.0
FUR-FU-10004091,"Eldon 200 Class Desk Accessories, Black",76.0,28.6368,12,0.0
FUR-DEF-10001763,"Deflect-O Door Stop, Durable",205.0,28.650000000000002,5,0.0
OFF-BI-10001275,"Avery Index Tab, Durable",167.0,28.701999999999998,42,0.12222222222222223
OFF-PA-10001166,Xerox 1932,85.0,28.7064,3,0.2
OFF-EN-10003737,"Kraft Business Envelopes, Set of 50",60.0,28.71,3,0.0
OFF-AP-10003971,Belkin 6 Outlet Metallic Surge Strip,263.0,28.749599999999997,29,0.16666666666666666
FUR-DEF-10003140,"Deflect-O Light Bulb, Duo Pack",101.0,28.784999999999997,6,0.2333333333333333
OFF-XER-10004012,"Xerox Note Cards, Premium",218.0,28.791,9,0.2333333333333333
OFF-CAM-10001141,"Cameo Manila Envelope, Security-Tint",59.0,28.8,2,0.0
TEC-CO-10000854,"Canon Personal Copier, Color",577.0,28.8,4,0.0
OFF-LA-10001187,"Smead Color Coded Labels, Alphabetical",102.0,28.8,8,0.0
TEC-CO-10001831,"Sharp Personal Copier, Laser",480.0,28.8,4,0.0
OFF-SU-10001892,"Elite Box Cutter, High Speed",303.0,28.82,14,0.12000000000000002
OFF-LA-10004182,"Hon Color Coded Labels, 5000 Label Set",61.0,28.84,7,0.0
OFF-EN-10000781,"#10- 4 1/8"" x 9 1/2"" Recycled Envelopes",75.0,28.842,10,0.1
OFF-PA-10000591,"Green Bar Cards & Envelopes, Multicolor",1229.0,28.87999999999999,42,0.14545454545454548
OFF-AP-10002186,"KitchenAid Toaster, Red",657.0,28.883999999999997,8,0.05
OFF-WIL-10003774,"Wilson Jones Index Tab, Economy",138.0,28.919999999999998,23,0.12727272727272726
TEC-LOG-10001137,"Logitech Keyboard, Bluetooth",289.0,28.92,4,0.0
TEC-LOG-10002262,"Logitech Flash Drive, Bluetooth",116.0,28.938,5,0.19999999999999998
OFF-NOV-10000787,"Novimex Removable Labels, Laser Printer Compatible",69.0,28.98,7,0.0
TEC-MA-10002267,"Konica Calculator, White",100.0,28.98,2,0.0
OFF-LA-10000157,"Novimex Shipping Labels, Laser Printer Compatible",66.0,28.98,6,0.0
OFF-PA-10003654,"SanDisk Memo Slips, Recycled",336.0,29.060999999999996,23,0.13333333333333333
OFF-FA-10001877,"Accos Thumb Tacks, Bulk Pack",248.0,29.064,30,0.07500000000000001
FUR-BO-10002968,"Bush Library with Doors, Metal",1456.0,29.080000000000013,7,0.15000000000000002
OFF-GLO-10003639,"GlobeWeis Interoffice Envelope, Security-Tint",435.0,29.094,14,0.32499999999999996
TEC-CIS-10001767,"Cisco Office Telephone, Cordless",359.0,29.132999999999996,5,0.2333333333333333
OFF-LA-10002063,"Hon Round Labels, 5000 Label Set",145.0,29.14,31,0.0
OFF-BI-10000590,"Wilson Jones Binding Machine, Clear",814.0,29.1402,20,0.14
OFF-PA-10004501,"SanDisk Memo Slips, Multicolor",245.0,29.159999999999997,22,0.08
FUR-FU-10000225,"Rubbermaid Photo Frame, Durable",585.0,29.16,12,0.0
OFF-FA-10000571,"Accos Rubber Bands, Assorted Sizes",127.0,29.16,9,0.0
TEC-SAN-10002254,"SanDisk Mouse, USB",156.0,29.16,4,0.0
OFF-FA-10002360,"Advantus Staples, Bulk Pack",180.0,29.163,21,0.21400000000000002
OFF-PA-10003805,"Eaton Note Cards, Multicolor",789.0,29.18399999999999,33,0.25333333333333335
OFF-LA-10003551,"Harbour Creations File Folder Labels, 5000 Label Set",102.0,29.183999999999997,16,0.2
OFF-FA-10004474,"Advantus Rubber Bands, Metal",117.0,29.189999999999998,7,0.0
TEC-AC-10000290,Sabrent 4-Port USB 2.0 Hub,97.0,29.197,15,0.05
OFF-BI-10002309,Avery Heavy-Duty EZD  Binder With Locking Rings,110.0,29.2392,28,0.21666666666666667
OFF-EN-10004007,Park Ridge Embossed Executive Business Envelopes,62.0,29.2716,4,0.0
OFF-EN-10003512,"Jiffy Peel and Seal, Recycled",75.0,29.28,4,0.0
OFF-PA-10001609,Tops Wirebound Message Log Books,75.0,29.281,25,0.06666666666666667
TEC-CO-10004563,"HP Copy Machine, Color",2132.0,29.36100000000002,13,0.2875
TEC-AC-10000397,"Perixx PERIBOARD-512B, Ergonomic Split Keyboard",420.0,29.391599999999997,12,0.0
OFF-BI-10002706,Avery Premier Heavy-Duty Binder with Round Locking Rings,191.0,29.416800000000002,21,0.34285714285714286
OFF-LA-10003537,Avery 515,63.0,29.445500000000003,5,0.0
OFF-ELD-10001293,"Eldon Box, Wire Frame",118.0,29.451,14,0.14444444444444443
FUR-FU-10001475,"Contract Clock, 14"", Brown",335.0,29.4532,21,0.27999999999999997
OFF-LA-10003444,"Smead Legal Exhibit Labels, Alphabetical",88.0,29.52,8,0.0
TEC-PH-10002185,QVS USB Car Charger 2-Port 2.1Amp for iPod/iPhone/iPad/iPad 2/iPad 3,80.0,29.537499999999998,13,0.16
OFF-PA-10002259,"Geographics Note Cards, Blank, White, 8 1/2"" x 11""",76.0,29.5416,8,0.13333333333333333
OFF-LA-10001778,"Smead Color Coded Labels, 5000 Label Set",70.0,29.567999999999998,9,0.13333333333333333
OFF-BI-10000821,"Acco Hole Reinforcements, Durable",130.0,29.572,27,0.14
FUR-CH-10001039,"Harbour Creations Rocking Chair, Adjustable",2064.0,29.604,20,0.27999999999999997
OFF-LA-10001184,"Novimex Legal Exhibit Labels, 5000 Label Set",229.0,29.61,21,0.0
OFF-FA-10002759,"Stockwell Clamps, Bulk Pack",134.0,29.61,7,0.0
OFF-AR-10003551,"Sanford Pens, Water Color",101.0,29.632,11,0.08
TEC-PH-10002320,"Samsung Speaker Phone, Full Size",1805.0,29.639699999999998,15,0.0425
OFF-EN-10000053,"Ames Business Envelopes, Recycled",188.0,29.7,19,0.25
OFF-KLE-10004543,"Kleencut Ruler, High Speed",136.0,29.700000000000003,10,0.0
OFF-SU-10004589,"Elite Shears, Serrated",139.0,29.712000000000003,4,0.2
OFF-BI-10001249,Avery Heavy-Duty EZD View Binder with Locking Rings,170.0,29.7308,41,0.35
OFF-AR-10001419,Newell 325,128.0,29.736,34,0.10000000000000002
OFF-PA-10003981,"SanDisk Note Cards, Premium",96.0,29.784,6,0.2
TEC-AC-10001022,"SanDisk Flash Drive, USB",921.0,29.8125,28,0.17124999999999999
OFF-FA-10004649,"Advantus Clamps, 12 Pack",97.0,29.844,9,0.1
OFF-PA-10004733,Things To Do Today Spiral Book,82.0,29.8584,13,0.20000000000000004
OFF-LA-10002635,"Avery Round Labels, 5000 Label Set",65.0,29.9,13,0.0
OFF-PA-10002659,Avoid Verbal Orders Carbonless Minifold Book,69.0,29.9468,21,0.04
OFF-SU-10000480,"Elite Box Cutter, Serrated",105.0,29.980000000000004,7,0.2
OFF-SU-10002214,"Stiletto Box Cutter, Serrated",65.0,30.0,2,0.0
OFF-SU-10003173,"Acme Ruler, Serrated",108.0,30.0,8,0.0
TEC-AC-10001590,Dell Slim USB Multimedia Keyboard,125.0,30.0,5,0.0
TEC-MA-10001447,"Konica Phone, Red",167.0,30.0,3,0.0
TEC-MA-10000843,"Konica Phone, Red",167.0,30.0,2,0.0
OFF-ST-10001558,Acco Perma 4000 Stacking Storage Drawers,457.0,30.044,31,0.09090909090909091
OFF-PA-10000528,Xerox 1981,71.0,30.096,14,0.05
FUR-ELD-10003695,"Eldon Light Bulb, Duo Pack",167.0,30.096000000000004,9,0.24
OFF-AR-10000124,"Binney & Smith Highlighters, Fluorescent",905.0,30.105000000000004,53,0.0625
FUR-TEN-10003552,"Tenex Clock, Durable",321.0,30.113999999999997,11,0.2333333333333333
OFF-LA-10000635,"Harbour Creations Shipping Labels, 5000 Label Set",109.0,30.2175,11,0.1675
TEC-CO-10004394,"Canon Wireless Fax, Digital",757.0,30.24,2,0.0
OFF-PA-10002921,"Eaton Message Books, Multicolor",132.0,30.24,6,0.0
OFF-AP-10000663,"Hoover Stove, Red",910.0,30.272,4,0.4
OFF-FA-10000992,"Acco Clips to Go Binder Clips, 24 Clips in Two Sizes",67.0,30.2815,19,0.04
OFF-EN-10001509,Poly String Tie Envelopes,67.0,30.293999999999997,35,0.07272727272727274
OFF-ST-10002605,"Smead Box, Wire Frame",99.0,30.299999999999997,15,0.0
OFF-EN-10003630,"GlobeWeis Business Envelopes, Set of 50",347.0,30.299999999999997,25,0.19999999999999998
OFF-BI-10002126,"Wilson Jones Index Tab, Clear",202.0,30.3,54,0.11538461538461539
OFF-AR-10003504,Newell 347,126.0,30.302400000000002,32,0.08571428571428573
OFF-FA-10001057,"Accos Clamps, Assorted Sizes",212.0,30.318,13,0.03333333333333333
OFF-PA-10000232,Xerox 1975,71.0,30.3264,12,0.08
OFF-AR-10001833,"Boston Highlighters, Easy-Erase",142.0,30.352,14,0.16
FUR-FU-10004181,"Rubbermaid Photo Frame, Black",346.0,30.359999999999996,12,0.13333333333333333
OFF-ST-10002562,Staples,221.0,30.391199999999998,28,0.14285714285714285
OFF-SME-10000335,"Smead Box, Wire Frame",212.0,30.396,22,0.06
OFF-STI-10001957,"Stiletto Ruler, Serrated",92.0,30.48,8,0.0
OFF-FA-10001304,"Stockwell Push Pins, Assorted Sizes",273.0,30.4914,28,0.11
TEC-STA-10003447,"StarTech Printer, White",866.0,30.492000000000004,4,0.19999999999999998
FUR-FU-10003095,"Linden 12"" Wall Clock With Oak Frame",102.0,30.582,3,0.0
OFF-AR-10001374,"BIC Brite Liner Highlighters, Chisel Tip",123.0,30.5856,21,0.10000000000000002
OFF-HAM-10003628,"Hamilton Beach Coffee Grinder, Red",257.0,30.599999999999998,6,0.0
TEC-PH-10002699,"Cisco Signal Booster, Full Size",306.0,30.6,2,0.0
OFF-LA-10002199,"Harbour Creations Removable Labels, Adjustable",104.0,30.6,20,0.1142857142857143
TEC-AC-10003159,"SanDisk Router, USB",2566.0,30.620000000000005,19,0.20000000000000004
TEC-PH-10004235,"Nokia Signal Booster, VoIP",1457.0,30.64,18,0.20000000000000004
OFF-LA-10002596,"Harbour Creations Round Labels, Laser Printer Compatible",118.0,30.645,18,0.02
OFF-ST-10001124,"Fellowes Trays, Wire Frame",1014.0,30.657000000000004,20,0.13428571428571429
FUR-FU-10001126,"Rubbermaid Clock, Erganomic",320.0,30.696,15,0.24000000000000005
OFF-PA-10000533,Southworth Parchment Paper & Envelopes,84.0,30.738,15,0.13333333333333333
OFF-BI-10002412,Wilson Jones “Snap” Scratch Pad Binder Tool for Ring Binders,101.0,30.739999999999995,22,0.2
TEC-MEM-10000582,"Memorex Flash Drive, Bluetooth",146.0,30.75,5,0.0
OFF-EN-10000069,"Ames Mailers, Security-Tint",345.0,30.78,9,0.0
OFF-KLE-10001699,"Kleencut Letter Opener, Easy Grip",258.0,30.78,9,0.0
TEC-PH-10002916,"Apple Speaker Phone, with Caller ID",102.0,30.819,1,0.17
OFF-FA-10001953,"Advantus Clamps, Bulk Pack",77.0,30.84,4,0.0
OFF-BI-10000136,Avery Non-Stick Heavy Duty View Round Locking Ring Binders,68.0,30.8568,12,0.06666666666666667
OFF-BI-10004227,"Avery Binding Machine, Economy",1622.0,30.857999999999997,37,0.075
FUR-SAU-10003795,"Sauder Corner Shelving, Traditional",442.0,30.869999999999997,3,0.0
OFF-AR-10004441,BIC Brite Liner Highlighters,85.0,30.8844,23,0.08571428571428573
OFF-AP-10003182,"Breville Toaster, Silver",775.0,30.9,10,0.0
FUR-CH-10000843,"SAFCO Executive Leather Armchair, Set of Two",2843.0,30.904000000000003,10,0.05714285714285715
FUR-HAR-10004129,"Harbour Creations Swivel Stool, Set of Two",419.0,30.920999999999992,3,0.2333333333333333
OFF-SU-10000213,"Kleencut Shears, Easy Grip",316.0,30.928,13,0.1
OFF-FA-10003499,"Stockwell Paper Clips, Bulk Pack",162.0,30.96,18,0.0
OFF-FA-10004067,"Stockwell Rubber Bands, 12 Pack",221.0,30.972599999999996,19,0.21400000000000002
OFF-AR-10004218,"Sanford Pencil Sharpener, Water Color",627.0,30.9861,26,0.16285714285714287
OFF-LA-10002123,"Smead Legal Exhibit Labels, Alphabetical",97.0,31.025999999999996,9,0.03333333333333333
OFF-SU-10000130,"Fiskars Ruler, High Speed",157.0,31.048,18,0.1
TEC-BEL-10002476,"Belkin Router, Bluetooth",777.0,31.049999999999997,3,0.0
OFF-BI-10004654,VariCap6 Expandable Binder,123.0,31.14,10,0.3
OFF-NOV-10004680,"Novimex Shipping Labels, Laser Printer Compatible",130.0,31.164,16,0.13999999999999999
TEC-AC-10003889,"Enermax Mouse, USB",615.0,31.18500000000001,19,0.18666666666666668
OFF-FA-10000470,"Stockwell Paper Clips, Assorted Sizes",81.0,31.24,11,0.0
OFF-AP-10000806,"KitchenAid Coffee Grinder, Silver",256.0,31.272,4,0.1
OFF-PA-10002749,"Wirebound Message Books, 5-1/2 x 4 Forms, 2 or 4 Forms per Page",72.0,31.3092,12,0.13333333333333333
OFF-FA-10002965,"Accos Clamps, Bulk Pack",117.0,31.32,6,0.0
FUR-FU-10004459,"Deflect-O Door Stop, Erganomic",485.0,31.338,13,0.125
OFF-HAR-10003514,"Harbour Creations Removable Labels, Laser Printer Compatible",87.0,31.361999999999995,10,0.13999999999999999
OFF-PA-10000477,Xerox 22,74.0,31.3632,13,0.06666666666666667
OFF-ST-10000918,Crate-A-Files,177.0,31.392,18,0.1142857142857143
OFF-IBI-10000951,"Ibico Binder Covers, Economy",490.0,31.395,39,0.10833333333333332
OFF-PA-10003016,"Adams ""While You Were Out"" Message Pads",73.0,31.4,24,0.04
OFF-AP-10000935,"Cuisinart Toaster, White",537.0,31.410000000000004,11,0.03333333333333333
OFF-BI-10001107,"GBC White Gloss Covers, Plain Front",269.0,31.421600000000005,31,0.5
OFF-SU-10002831,"Acme Scissors, High Speed",102.0,31.44,4,0.0
OFF-EN-10003160,Pastel Pink Envelopes,65.0,31.4496,9,0.0
OFF-BI-10001199,"Acco Index Tab, Durable",182.0,31.468000000000004,32,0.15
OFF-PA-10001001,"Snap-A-Way Black Print Carbonless Speed Message, No Reply Area, Duplicate",93.0,31.4712,4,0.2
OFF-LA-10000248,Avery 52,68.0,31.475699999999996,19,0.03333333333333333
OFF-FA-10002226,"Stockwell Thumb Tacks, Metal",93.0,31.5,7,0.0
OFF-ST-10004236,"Eldon Folders, Blue",102.0,31.5,6,0.0
OFF-SME-10004256,"Smead Removable Labels, Adjustable",92.0,31.536,9,0.12
OFF-LA-10004559,Avery 49,67.0,31.564799999999998,24,0.03333333333333333
FUR-FU-10003096,"Master Giant Foot Doorstop, Safety Yellow",83.0,31.5744,12,0.06666666666666667
OFF-BI-10001191,"Wilson Jones Hole Reinforcements, Recycled",144.0,31.580000000000002,47,0.09090909090909091
OFF-AP-10003615,"Hamilton Beach Blender, Black",634.0,31.59,9,0.0
OFF-EN-10002624,"Jiffy Clasp Envelope, Set of 50",90.0,31.604,17,0.08
OFF-PA-10000807,"TOPS ""Important Message"" Pads, Canary, 4-1/4 x 5-1/2, 50 Sheets per Pad",70.0,31.629199999999997,17,0.06666666666666667
OFF-ACC-10000307,"Acco Index Tab, Clear",170.0,31.656,30,0.19230769230769232
OFF-SU-10002849,"Kleencut Ruler, Serrated",110.0,31.68,16,0.0
OFF-LA-10003233,"Avery Removable Labels, Alphabetical",238.0,31.68,24,0.08333333333333333
OFF-FA-10003007,"OIC Rubber Bands, Assorted Sizes",157.0,31.695999999999998,17,0.13333333333333333
OFF-AR-10001546,"Binney & Smith Sketch Pad, Easy-Erase",1299.0,31.70099999999998,32,0.12222222222222223
OFF-CAM-10001191,"Cameo Peel and Seal, Recycled",140.0,31.71,7,0.0
OFF-XER-10001746,"Xerox Message Books, Premium",97.0,31.715999999999998,6,0.15
FUR-FU-10000776,"Deflect-O Door Stop, Erganomic",556.0,31.768,22,0.2
FUR-FU-10000388,"Rubbermaid Door Stop, Erganomic",356.0,31.787999999999997,9,0.15
TEC-HEW-10002304,"Hewlett Fax Machine, High-Speed",318.0,31.8,1,0.0
OFF-LA-10003969,"Novimex Legal Exhibit Labels, Laser Printer Compatible",94.0,31.86,9,0.0
TEC-PAN-10000131,"Panasonic Receipt Printer, Red",212.0,31.860000000000003,3,0.3
OFF-PA-10004355,Xerox 231,79.0,31.8816,14,0.12000000000000002
FUR-FU-10003546,"Advantus Clock, Durable",97.0,31.92,2,0.0
FUR-FU-10001843,"Advantus Door Stop, Durable",84.0,31.92,2,0.0
OFF-AVE-10001473,"Avery Legal Exhibit Labels, Laser Printer Compatible",215.0,31.92,19,0.0
OFF-FA-10001684,"Accos Staples, Bulk Pack",97.0,31.96,14,0.08
OFF-GRE-10001774,"Green Bar Note Cards, Premium",280.0,31.986000000000004,13,0.12
FUR-TA-10002935,"Bevis Coffee Table, Adjustable Height",320.0,32.01,1,0.0
FUR-DEF-10004936,"Deflect-O Light Bulb, Durable",64.0,32.04,4,0.0
FUR-CH-10002320,Hon Pagoda Stacking Chairs,257.0,32.098,1,0.2
OFF-AP-10000569,"KitchenAid Coffee Grinder, Black",140.0,32.1,3,0.0
FUR-FU-10001760,"Tenex Light Bulb, Black",125.0,32.118,7,0.05
TEC-PH-10000499,"Motorola Smart Phone, Full Size",578.0,32.121,1,0.1
OFF-FA-10002991,"Stockwell Thumb Tacks, Bulk Pack",272.0,32.16,35,0.08888888888888889
OFF-FA-10003605,"Accos Push Pins, Bulk Pack",231.0,32.16,24,0.0
FUR-FU-10000783,"Advantus Light Bulb, Durable",348.0,32.169,25,0.18500000000000003
OFF-LA-10002354,"Novimex Color Coded Labels, 5000 Label Set",168.0,32.184,20,0.08
OFF-SU-10001848,"Kleencut Ruler, Easy Grip",160.0,32.188199999999995,11,0.05666666666666667
OFF-PA-10003270,Xerox 1954,85.0,32.208,18,0.1
TEC-AC-10002170,"Logitech Flash Drive, Programmable",400.0,32.212,19,0.028571428571428574
OFF-EN-10004590,"Ames Peel and Seal, with clear poly window",213.0,32.238,11,0.12000000000000002
OFF-LA-10001982,Smead Alpha-Z Color-Coded Name Labels First Letter Starter Set,72.0,32.25,20,0.08
OFF-EN-10003175,"Ames Manila Envelope, Security-Tint",462.0,32.256,28,0.1
OFF-SU-10002742,"Stiletto Trimmer, Serrated",686.0,32.27550000000001,24,0.21571428571428572
TEC-AC-10002018,AmazonBasics 3-Button USB Wired Mouse,88.0,32.2938,14,0.08
TEC-MA-10003330,"Panasonic Receipt Printer, Wireless",1511.0,32.331,13,0.0425
OFF-FA-10003462,"Stockwell Thumb Tacks, Assorted Sizes",116.0,32.339999999999996,11,0.0
OFF-OIC-10002625,"OIC Thumb Tacks, 12 Pack",83.0,32.400000000000006,6,0.0
OFF-AP-10000261,"Cuisinart Toaster, Silver",167.0,32.444,5,0.2
OFF-BI-10001138,"Acco 3-Hole Punch, Clear",918.0,32.46000000000001,36,0.13636363636363635
OFF-AP-10001941,"KitchenAid Blender, White",465.0,32.48,7,0.0
OFF-ST-10003807,"Eldon Folders, Wire Frame",112.0,32.55,7,0.0
OFF-EN-10003049,"GlobeWeis Clasp Envelope, Security-Tint",86.0,32.55,7,0.0
OFF-PA-10000318,"Enermax Message Books, Multicolor",332.0,32.552,25,0.12000000000000002
OFF-LA-10004853,Avery 483,84.0,32.569199999999995,19,0.10000000000000002
OFF-AVE-10003504,"Avery Legal Exhibit Labels, 5000 Label Set",95.0,32.586,10,0.19999999999999998
OFF-BI-10002455,"Acco 3-Hole Punch, Durable",658.0,32.604,35,0.10833333333333334
OFF-FA-10001613,"OIC Thumb Tacks, Bulk Pack",112.0,32.64,9,0.125
FUR-IKE-10004853,"Ikea Corner Shelving, Mobile",251.0,32.64,2,0.0
OFF-PA-10003936,Xerox 1994,77.0,32.6592,13,0.1
OFF-SU-10003511,"Kleencut Ruler, High Speed",149.0,32.67,11,0.0
OFF-SU-10003343,"Fiskars Scissors, Serrated",231.0,32.698800000000006,16,0.2733333333333334
OFF-SAN-10000722,"SanDisk Computer Printout Paper, Premium",150.0,32.7,5,0.0
OFF-AME-10001641,"Ames Interoffice Envelope, Recycled",250.0,32.724,9,0.5
FUR-FU-10001731,Acrylic Self-Standing Desk Frames,94.0,32.7342,37,0.07500000000000001
OFF-FA-10004424,"Advantus Clamps, 12 Pack",395.0,32.742000000000004,23,0.12
FUR-DAN-10004940,"Dania Classic Bookcase, Metal",1681.0,32.74200000000002,6,0.38
FUR-FU-10001135,"Eldon Door Stop, Duo Pack",408.0,32.756,17,0.24000000000000005
OFF-ELI-10001176,"Elite Box Cutter, Easy Grip",220.0,32.76,6,0.0
OFF-AR-10001626,"BIC Pens, Blue",301.0,32.76,21,0.0
FUR-BO-10001099,"Bush Corner Shelving, Traditional",976.0,32.788,15,0.2
OFF-PA-10002195,Xerox 1966,78.0,32.788799999999995,14,0.10000000000000002
OFF-AR-10004757,Crayola Colored Pencils,122.0,32.8,40,0.10909090909090911
OFF-AR-10000219,"Sanford Highlighters, Blue",496.0,32.805,33,0.14285714285714285
FUR-FU-10002630,"Tenex Clock, Erganomic",241.0,32.832,9,0.13333333333333333
FUR-BO-10001196,"Bush Library with Doors, Pine",1422.0,32.856300000000005,5,0.185
OFF-AR-10001228,"Binney & Smith Pens, Easy-Erase",97.0,32.858999999999995,8,0.03333333333333333
TEC-PH-10004358,"Samsung Office Telephone, Cordless",2667.0,32.87400000000001,43,0.09999999999999999
OFF-PA-10002976,"Xerox Computer Printout Paper, 8.5 x 11",122.0,32.88,4,0.0
OFF-PA-10001952,Xerox 1902,83.0,32.8896,4,0.1
OFF-PA-10001560,"Adams Telephone Message Books, 5 1/4” x 11”",81.0,32.918,15,0.16
OFF-AR-10003156,50 Colored Long Pencils,137.0,32.9184,14,0.04
OFF-SME-10002823,"Smead Trays, Blue",705.0,32.92799999999999,16,0.06363636363636363
FUR-FU-10000067,"Rubbermaid Photo Frame, Duo Pack",249.0,32.928,8,0.4
OFF-AR-10001879,"Stanley Pencil Sharpener, Fluorescent",162.0,32.936,13,0.2
FUR-CH-10000994,"Office Star Steel Folding Chair, Red",550.0,32.94,6,0.0
OFF-GLO-10002315,"GlobeWeis Interoffice Envelope, Set of 50",144.0,32.94,3,0.0
OFF-BIC-10001739,"BIC Sketch Pad, Fluorescent",100.0,32.94,2,0.0
TEC-AC-10000927,Anker Ultrathin Bluetooth Wireless Keyboard Aluminum Cover with Stand ,492.0,32.989000000000004,17,0.05
OFF-JIF-10002184,"Jiffy Business Envelopes, Recycled",183.0,33.0,10,0.0
TEC-PH-10003885,"Cisco Headset, with Caller ID",118.0,33.0,2,0.0
OFF-FA-10004626,"Advantus Staples, Assorted Sizes",82.0,33.032,16,0.05714285714285715
OFF-AR-10002145,"Binney & Smith Sketch Pad, Fluorescent",1026.0,33.108000000000004,22,0.016666666666666666
OFF-ST-10004631,"Rogers Trays, Industrial",331.0,33.12,8,0.0
OFF-SU-10004664,Acme Softgrip Scissors,167.0,33.1298,23,0.1
OFF-PA-10004609,Xerox 221,80.0,33.1776,14,0.1
OFF-AR-10003913,"Binney & Smith Highlighters, Blue",205.0,33.196,19,0.08
TEC-BEL-10001391,"Belkin Numeric Keypad, USB",223.0,33.24,4,0.0
FUR-CH-10001752,"Harbour Creations Steel Folding Chair, Black",1768.0,33.2592,23,0.14
OFF-ELI-10002160,"Elite Scissors, Easy Grip",72.0,33.3,3,0.0
OFF-SU-10003209,"Elite Scissors, Easy Grip",72.0,33.3,3,0.0
OFF-XER-10001454,"Xerox Parchment Paper, Multicolor",88.0,33.3,6,0.0
FUR-FU-10004848,DAX Solid Wood Frames,114.0,33.3157,13,0.06666666666666667
OFF-AR-10004456,"Binney & Smith Markers, Blue",306.0,33.333,13,0.05
OFF-EN-10000051,"GlobeWeis Manila Envelope, with clear poly window",124.0,33.36,4,0.0
TEC-HP -10001115,"HP Ink, Digital",257.0,33.36,2,0.0
OFF-SU-10001500,"Kleencut Box Cutter, Serrated",122.0,33.379999999999995,6,0.06666666666666667
OFF-PA-10000362,"Xerox Parchment Paper, Premium",211.0,33.392,25,0.05
OFF-ACC-10002343,"Acco 3-Hole Punch, Durable",520.0,33.40800000000001,26,0.20833333333333334
OFF-SU-10001337,"Fiskars Box Cutter, Easy Grip",74.0,33.42,2,0.0
OFF-FA-10002780,Staples,93.0,33.4356,37,0.12000000000000002
OFF-ST-10002070,"Tenex Trays, Wire Frame",675.0,33.44,19,0.0
OFF-PA-10000213,Xerox 198,76.0,33.4656,16,0.06666666666666667
FUR-FU-10003608,"Advantus Light Bulb, Black",409.0,33.468,39,0.2
FUR-CH-10001663,"SAFCO Chairmat, Set of Two",149.0,33.498,3,0.2
OFF-ST-10002598,"Tenex Shelving, Industrial",1066.0,33.56,36,0.2222222222222222
OFF-ACC-10004692,"Acco 3-Hole Punch, Recycled",559.0,33.582,19,0.075
OFF-SAN-10001094,"SanDisk Memo Slips, 8.5 x 11",211.0,33.6,10,0.0
OFF-CAM-10003933,"Cameo Business Envelopes, Recycled",309.0,33.6,16,0.0
TEC-PH-10003927,"Cisco Signal Booster, Full Size",2112.0,33.635999999999996,14,0.016666666666666666
OFF-SU-10002611,"Fiskars Ruler, Serrated",97.0,33.651,9,0.025
OFF-HAM-10001302,"Hamilton Beach Microwave, White",561.0,33.66,2,0.0
OFF-FA-10001104,"Stockwell Paper Clips, Assorted Sizes",99.0,33.66,11,0.0
OFF-PA-10000552,Xerox 200,84.0,33.696,15,0.12000000000000002
FUR-TA-10003392,Global Adaptabilities Conference Tables,1854.0,33.717600000000004,8,0.20000000000000004
OFF-LA-10001154,"Hon Shipping Labels, Adjustable",149.0,33.75,19,0.125
TEC-BEL-10002678,"Belkin Memory Card, Erganomic",710.0,33.786,12,0.4
OFF-AR-10004999,Newell 315,146.0,33.787,25,0.03333333333333333
OFF-ACM-10000671,"Acme Ruler, Steel",112.0,33.81,7,0.0
TEC-AC-10002942,WD My Passport Ultra 1TB Portable External Hard Drive,1008.0,33.81,17,0.16666666666666666
OFF-PA-10001294,"Enermax Cards & Envelopes, Multicolor",243.0,33.9,5,0.0
OFF-SU-10003474,"Elite Box Cutter, Easy Grip",403.0,33.924,19,0.13333333333333333
TEC-AC-10000519,"Belkin Keyboard, Programmable",581.0,33.983999999999995,10,0.2
TEC-KON-10000562,"Konica Phone, Wireless",1620.0,34.06199999999998,23,0.13999999999999999
FUR-TA-10004767,Safco Drafting Table,638.0,34.0704,12,0.2
FUR-FU-10001617,"Eldon Frame, Black",202.0,34.099999999999994,3,0.2
OFF-AR-10001761,Avery Hi-Liter Smear-Safe Highlighters,124.0,34.1056,24,0.10000000000000002
TEC-AC-10003417,"SanDisk Memory Card, Programmable",342.0,34.11,3,0.0
OFF-HAM-10000822,"Hamilton Beach Toaster, Black",114.0,34.14,2,0.0
OFF-AR-10003602,"Quartet Omega Colored Chalk, 12/Pack",82.0,34.164,15,0.08571428571428573
OFF-EN-10002592,"Cameo Interoffice Envelope, Recycled",92.0,34.2,2,0.0
OFF-SU-10001889,"Kleencut Letter Opener, Easy Grip",286.0,34.2,10,0.0
FUR-CH-10002373,"Office Star Rocking Chair, Set of Two",858.0,34.2,6,0.0
FUR-FU-10002928,"Eldon Light Bulb, Erganomic",119.0,34.203599999999994,6,0.17333333333333334
OFF-EN-10002621,Staples,78.0,34.23,9,0.12000000000000002
OFF-SU-10002653,"Kleencut Letter Opener, High Speed",172.0,34.23,8,0.16666666666666666
OFF-SU-10000946,Staples,154.0,34.2342,21,0.1
TEC-AC-10001720,"Enermax Memory Card, Bluetooth",229.0,34.26,2,0.0
FUR-CH-10002780,"Office Star Executive Leather Armchair, Black",312.0,34.26,1,0.0
OFF-LA-10003190,Avery 474,80.0,34.272,30,0.1111111111111111
TEC-MA-10003787,"Panasonic Inkjet, Wireless",2356.0,34.27949999999999,8,0.049999999999999996
OFF-ST-10002608,"Eldon Box, Industrial",252.0,34.355999999999995,32,0.19090909090909092
OFF-PA-10001275,"Xerox Note Cards, Multicolor",100.0,34.368,4,0.1
OFF-AR-10004078,Newell 312,235.0,34.456,49,0.16363636363636364
OFF-LA-10001771,Avery 513,94.0,34.4616,22,0.08
OFF-LA-10004007,"Harbour Creations Color Coded Labels, Adjustable",248.0,34.5,23,0.0
OFF-KRA-10003816,"Kraft Mailers, with clear poly window",222.0,34.50599999999999,6,0.19999999999999998
OFF-FA-10001815,"Advantus Push Pins, Bulk Pack",92.0,34.552,10,0.06666666666666667
OFF-EN-10003271,"Ames Peel and Seal, Security-Tint",267.0,34.562999999999995,16,0.15
TEC-MA-10002941,"Okidata Card Printer, Red",259.0,34.59,2,0.25
FUR-BO-10002285,"Safco Corner Shelving, Pine",1048.0,34.6095,8,0.175
OFF-AR-10001446,Newell 309,197.0,34.65,20,0.12000000000000002
OFF-EN-10002104,"Cameo Mailers, with clear poly window",875.0,34.65,21,0.0
OFF-PA-10004200,"Xerox Note Cards, Multicolor",139.0,34.65,5,0.0
OFF-AVE-10000909,"Avery Shipping Labels, Laser Printer Compatible",249.0,34.65,21,0.0
FUR-FU-10002019,"Eldon Photo Frame, Black",511.0,34.668,10,0.15
OFF-ENE-10001291,"Enermax Computer Printout Paper, Premium",94.0,34.671,4,0.2333333333333333
OFF-LA-10003338,"Harbour Creations Removable Labels, 5000 Label Set",230.0,34.6815,27,0.21400000000000002
OFF-PA-10000081,"SanDisk Computer Printout Paper, Premium",219.0,34.760000000000005,11,0.0
TEC-AC-10004016,"Memorex Flash Drive, Programmable",575.0,34.778999999999996,23,0.17
OFF-LA-10000688,"Harbour Creations Shipping Labels, Laser Printer Compatible",148.0,34.8762,16,0.22199999999999998
OFF-BI-10000605,"Acco Pressboard Covers with Storage Hooks, 9 1/2"" x 11"", Executive Red",90.0,34.8996,28,0.15555555555555556
TEC-CO-10001864,"Brother Ink, High-Speed",524.0,34.92,6,0.4
OFF-AR-10003291,"BIC Canvas, Fluorescent",286.0,34.992,12,0.3333333333333333
OFF-PA-10000295,Xerox 229,86.0,34.992000000000004,15,0.13333333333333333
TEC-MA-10000597,Lexmark S315 Color Inkjet Printer,300.0,34.996500000000005,5,0.44999999999999996
TEC-MA-10003185,"Epson Phone, Red",566.0,35.01,8,0.075
FUR-HAR-10003770,"Harbour Creations Steel Folding Chair, Set of Two",100.0,35.04,1,0.0
OFF-AP-10000039,"Breville Coffee Grinder, Silver",181.0,35.049,3,0.05
TEC-AC-10000086,"Logitech Mouse, USB",280.0,35.052,17,0.1
FUR-HON-10003137,"Hon Steel Folding Chair, Set of Two",167.0,35.1,2,0.0
TEC-AC-10004803,Sony Micro Vault Click 4 GB USB 2.0 Flash Drive,251.0,35.1288,18,0.0
OFF-AR-10001609,"Stanley Highlighters, Water Color",132.0,35.2,11,0.0
OFF-LA-10001942,"Novimex Shipping Labels, 5000 Label Set",236.0,35.21600000000001,34,0.05714285714285715
OFF-AR-10003957,"Stanley Canvas, Fluorescent",561.0,35.2338,14,0.238
OFF-PA-10001293,Xerox 1946,79.0,35.2512,13,0.06666666666666667
OFF-PA-10000788,Xerox 210,96.0,35.2512,18,0.16666666666666666
TEC-PH-10004915,"Nokia Speaker Phone, Cordless",466.0,35.28,6,0.325
OFF-BI-10001758,Wilson Jones 14 Line Acrylic Coated Pressboard Data Binders,101.0,35.297399999999996,23,0.175
OFF-AP-10000027,Hoover Commercial SteamVac,168.0,35.308,14,0.2
OFF-BI-10000050,"Angle-D Binders with Locking Rings, Label Holders",199.0,35.332,42,0.33
OFF-EN-10002140,"Jiffy Business Envelopes, Recycled",448.0,35.3376,33,0.23399999999999999
OFF-ST-10003017,"Tenex Box, Industrial",556.0,35.3652,36,0.078
OFF-LA-10004689,Avery 512,84.0,35.373599999999996,32,0.08
OFF-AR-10001570,"Sanford Canvas, Water Color",107.0,35.4,2,0.0
OFF-SU-10000695,"Kleencut Trimmer, Serrated",286.0,35.415000000000006,9,0.16666666666666666
FUR-FU-10003424,Nu-Dell Oak Frame,152.0,35.4576,16,0.13333333333333333
FUR-OFF-10001187,"Office Star Chairmat, Black",126.0,35.46,2,0.0
OFF-PA-10003359,"Eaton Cards & Envelopes, 8.5 x 11",148.0,35.46,3,0.0
OFF-LA-10004062,"Hon Removable Labels, 5000 Label Set",102.0,35.487,12,0.185
OFF-FA-10000194,"OIC Push Pins, Metal",194.0,35.548,22,0.10000000000000002
FUR-NOV-10000283,"Novimex Chairmat, Black",162.0,35.55,3,0.0
OFF-FA-10000585,OIC Bulk Pack Metal Binder Clips,91.0,35.598,30,0.125
TEC-MA-10000087,"StarTech Calculator, White",96.0,35.6013,3,0.17
FUR-FU-10001452,"Rubbermaid Door Stop, Black",625.0,35.628,16,0.094
OFF-STO-10000923,"Stockwell Staples, Bulk Pack",238.0,35.64,22,0.0
TEC-STA-10001407,"StarTech Phone, Wireless",449.0,35.64,6,0.0
OFF-ELI-10002935,"Elite Shears, High Speed",188.0,35.64,4,0.0
OFF-FA-10002453,"Stockwell Thumb Tacks, Bulk Pack",115.0,35.656000000000006,14,0.13333333333333333
OFF-FA-10002353,"Accos Paper Clips, Metal",189.0,35.7,21,0.0
OFF-BI-10000813,"Cardinal Binding Machine, Economy",1175.0,35.772000000000006,39,0.1111111111111111
OFF-SU-10001476,"Fiskars Scissors, Easy Grip",196.0,35.816,13,0.05
TEC-AC-10000053,"SanDisk Router, USB",952.0,35.8176,7,0.47
FUR-FU-10003512,"Eldon Stacking Tray, Erganomic",190.0,35.826,7,0.1
OFF-ST-10004634,"Personal Folder Holder, Ebony",146.0,35.872,14,0.03333333333333333
OFF-AP-10004274,"Hamilton Beach Blender, Black",175.0,35.8803,3,0.17
OFF-EN-10003448,"Peel & Seel Recycled Catalog Envelopes, Brown",88.0,35.898,9,0.1
OFF-BI-10001892,"Ibico Hole Reinforcements, Recycled",153.0,35.96,31,0.0
OFF-LA-10003720,Avery 487,85.0,35.9775,25,0.05714285714285715
OFF-SU-10000102,"Stiletto Box Cutter, Easy Grip",602.0,36.0,16,0.0
OFF-ACC-10000687,"Accos Clamps, 12 Pack",226.0,36.0,12,0.0
FUR-FU-10001935,3M Hangers With Command Adhesive,108.0,36.001,33,0.15
TEC-AC-10004801,"Logitech Mouse, Programmable",140.0,36.016,8,0.13333333333333333
TEC-PH-10004241,"Cisco Headset, Cordless",1283.0,36.1245,15,0.0625
TEC-PH-10001651,"Samsung Speaker Phone, VoIP",164.0,36.16,2,0.0
TEC-MA-10002844,"Konica Calculator, Durable",104.0,36.18,3,0.0
OFF-LA-10000880,"Novimex Removable Labels, 5000 Label Set",89.0,36.18,9,0.0
OFF-AR-10004744,"Binney & Smith Sketch Pad, Easy-Erase",93.0,36.3,2,0.0
OFF-ACC-10002220,"Acco Binding Machine, Economy",689.0,36.31499999999999,18,0.32499999999999996
OFF-HAM-10004471,"Hamilton Beach Coffee Grinder, Silver",174.0,36.36,4,0.0
OFF-ADV-10004875,"Advantus Staples, Bulk Pack",181.0,36.396,22,0.25999999999999995
OFF-PA-10000466,"Memo Book, 100 Message Capacity, 5 3/8” x 11”",76.0,36.396,12,0.06666666666666667
OFF-PA-10004734,Southworth Structures Collection,73.0,36.4,10,0.0
OFF-SU-10000171,"Stiletto Shears, Easy Grip",166.0,36.4,5,0.0
OFF-EN-10003069,"Ames Mailers, Set of 50",592.0,36.405,18,0.1
OFF-AR-10000054,"Sanford Pencil Sharpener, Water Color",303.0,36.444,16,0.22
TEC-PH-10002817,RCA ViSYS 25425RE1 Corded phone,324.0,36.4473,3,0.2
OFF-KRA-10002126,"Kraft Business Envelopes, Recycled",122.0,36.48,8,0.0
OFF-LA-10001402,"Smead Color Coded Labels, 5000 Label Set",215.0,36.48,16,0.0
OFF-EN-10004955,Fashion Color Clasp Envelopes,78.0,36.5175,15,0.06666666666666667
OFF-AR-10003384,"Boston Pens, Water Color",496.0,36.54,29,0.022222222222222223
OFF-AME-10000360,"Ames Interoffice Envelope, Security-Tint",109.0,36.576,3,0.35
OFF-AR-10000390,Newell Chalk Holder,83.0,36.5918,21,0.05714285714285715
TEC-AC-10000657,"Enermax Memory Card, Bluetooth",229.0,36.6,2,0.0
TEC-MA-10004059,"Epson Inkjet, White",916.0,36.63,3,0.0
TEC-PH-10003875,KLD Oscar II Style Snap-on Ultra Thin Side Flip Synthetic Leather Cover Case for HTC One HTC M7,126.0,36.644400000000005,13,0.0
TEC-AC-10000633,"Enermax Memory Card, USB",229.0,36.66,2,0.0
OFF-LA-10000506,"Harbour Creations Legal Exhibit Labels, Laser Printer Compatible",373.0,36.681,43,0.20600000000000002
OFF-LA-10003515,"Novimex Color Coded Labels, Laser Printer Compatible",100.0,36.72,12,0.0
OFF-LA-10002752,"Smead Legal Exhibit Labels, 5000 Label Set",194.0,36.72,17,0.0
FUR-FU-10004790,"Advantus Photo Frame, Erganomic",992.0,36.72,36,0.18571428571428572
OFF-SU-10004246,"Fiskars Letter Opener, Easy Grip",216.0,36.739999999999995,11,0.0
FUR-HAR-10002288,"Harbour Creations Rocking Chair, Red",735.0,36.75,5,0.0
OFF-EN-10000927,"Ames Business Envelopes, Set of 50",127.0,36.75,7,0.0
OFF-BI-10004145,"Wilson Jones Hole Reinforcements, Economy",119.0,36.792,46,0.14166666666666666
FUR-FU-10001977,"Deflect-O Frame, Erganomic",217.0,36.9,2,0.0
OFF-EN-10003087,"Jiffy Peel and Seal, Security-Tint",336.0,36.9,15,0.0
OFF-SU-10004771,"Elite Ruler, Easy Grip",92.0,36.9,9,0.0
OFF-AP-10002933,"Hoover Blender, Silver",194.0,36.9,2,0.0
OFF-AP-10001067,"Hoover Blender, Silver",195.0,36.900000000000006,3,0.0
OFF-LA-10003283,"Harbour Creations Removable Labels, Adjustable",294.0,36.915,36,0.0125
TEC-MA-10002930,Ricoh - Ink Collector Unit for GX3000 Series Printers,466.0,36.916,14,0.3
FUR-DAN-10002017,"Dania Classic Bookcase, Traditional",740.0,36.918000000000006,3,0.3
OFF-EN-10002186,"Kraft Manila Envelope, Set of 50",371.0,36.96,21,0.0
OFF-SU-10004902,"Fiskars Ruler, Easy Grip",112.0,36.96,7,0.0
OFF-SU-10004231,Acme Tagit Stainless Steel Antibacterial Scissors,198.0,37.026,22,0.10000000000000002
FUR-FU-10000073,Deflect-O Glasstique Clear Desk Accessories,125.0,37.037,17,0.06666666666666667
FUR-FU-10002502,"Eldon Light Bulb, Durable",240.0,37.044000000000004,16,0.30000000000000004
OFF-EN-10004970,"GlobeWeis Peel and Seal, Security-Tint",310.0,37.05,13,0.0
OFF-BI-10001634,Wilson Jones Active Use Binders,115.0,37.0552,21,0.3
OFF-FA-10000856,"Stockwell Thumb Tacks, Bulk Pack",196.0,37.065,17,0.16666666666666666
OFF-PA-10000223,Xerox 2000,84.0,37.0656,14,0.08
FUR-FU-10000499,"Tenex Light Bulb, Duo Pack",139.0,37.08,13,0.2
OFF-PA-10000069,"TOPS 4 x 6 Fluorescent Color Memo Sheets, 500 Sheets per Pack",103.0,37.105900000000005,13,0.13333333333333333
OFF-LA-10001471,"Harbour Creations File Folder Labels, Alphabetical",92.0,37.12,16,0.0
FUR-FU-10001893,"Deflect-O Photo Frame, Durable",98.0,37.14,2,0.0
OFF-SU-10004782,"Elite 5"" Scissors",179.0,37.18,24,0.08571428571428573
FUR-DEF-10000346,"Deflect-O Frame, Duo Pack",1354.0,37.19999999999999,13,0.13999999999999999
OFF-EN-10000812,"GlobeWeis Clasp Envelope, Set of 50",144.0,37.2,24,0.08
OFF-EN-10000645,"Ames Mailers, Recycled",576.0,37.233,21,0.3233333333333333
OFF-AR-10000655,"Stanley Sketch Pad, Blue",413.0,37.24,14,0.0
TEC-PH-10003511,"Samsung Speaker Phone, Full Size",747.0,37.26,6,0.0
OFF-ST-10002292,"Fellowes Lockers, Single Width",1866.0,37.26,9,0.0
TEC-PH-10004152,"Apple Headset, VoIP",605.0,37.3275,9,0.0875
OFF-FA-10003819,"Advantus Paper Clips, Assorted Sizes",185.0,37.338,16,0.21833333333333335
FUR-FU-10001890,"Eldon Clock, Durable",375.0,37.35,9,0.16666666666666666
TEC-MA-10004408,"Konica Inkjet, Durable",624.0,37.38,2,0.0
OFF-HOO-10000638,"Hoover Toaster, Black",83.0,37.38,1,0.0
OFF-ST-10001228,Personal File Boxes with Fold-Down Carry Handle,178.0,37.392,12,0.04
FUR-FU-10002268,Ultra Door Push Plate,150.0,37.4142,34,0.05714285714285715
TEC-AC-10003237,Memorex Micro Travel Drive 4 GB,104.0,37.418,11,0.06666666666666667
OFF-LA-10003140,"Harbour Creations Round Labels, Alphabetical",105.0,37.44,24,0.0
OFF-AP-10000252,Harmony HEPA Quiet Air Purifiers,129.0,37.44,12,0.1
TEC-PH-10001555,"Motorola Signal Booster, Full Size",289.0,37.5,2,0.0
OFF-BI-10003981,"Avery Durable Plastic 1"" Binders",117.0,37.5004,34,0.32857142857142857
OFF-FA-10001711,"Accos Rubber Bands, 12 Pack",123.0,37.647,8,0.03333333333333333
OFF-BI-10001055,"Wilson Jones Hole Reinforcements, Durable",162.0,37.71,30,0.1111111111111111
OFF-EN-10002891,"GlobeWeis Mailers, with clear poly window",379.0,37.71000000000001,10,0.25
OFF-LA-10001701,"Novimex File Folder Labels, Adjustable",109.0,37.72,29,0.1142857142857143
OFF-BI-10002977,"Wilson Jones Binder, Economy",95.0,37.76,13,0.16
OFF-BI-10001196,"Avery Flip-Chart Easel Binder, Black",240.0,37.8222,17,0.425
OFF-PA-10003256,Avery Personal Creations Heavyweight Cards,105.0,37.8512,11,0.13333333333333333
TEC-PH-10002907,"Motorola Headset, VoIP",1174.0,37.881,18,0.23750000000000002
OFF-BOS-10001772,"Boston Markers, Easy-Erase",427.0,37.92,16,0.0
OFF-SU-10004791,"Fiskars Letter Opener, Easy Grip",112.0,37.92,4,0.0
TEC-HP -10002221,"HP Ink, High-Speed",635.0,37.95,5,0.0
OFF-SU-10001683,"Kleencut Ruler, Steel",113.0,37.96,13,0.0
OFF-PA-10002944,"SanDisk Parchment Paper, Recycled",164.0,37.983999999999995,18,0.16
TEC-AC-10001767,SanDisk Ultra 64 GB MicroSDHC Class 10 Memory Card,928.0,37.9905,25,0.10000000000000002
TEC-AC-10002323,SanDisk Ultra 32 GB MicroSDHC Class 10 Memory Card,883.0,38.012,44,0.10909090909090911
OFF-PA-10001708,"Green Bar Note Cards, Premium",432.0,38.08,24,0.1142857142857143
OFF-PA-10001801,Xerox 193,78.0,38.0926,13,0.0
TEC-MEM-10000263,"Memorex Flash Drive, Programmable",205.0,38.1,8,0.175
TEC-CO-10003800,"Hewlett Wireless Fax, Color",954.0,38.14499999999998,3,0.25
TEC-PH-10003713,"Nokia Smart Phone, Cordless",954.0,38.145,2,0.25
OFF-BI-10000844,"Wilson Jones Hole Reinforcements, Economy",91.0,38.16,23,0.16666666666666666
OFF-PA-10004613,"Green Bar Note Cards, Premium",1073.0,38.160000000000004,39,0.11666666666666665
TEC-PH-10000419,"Apple Smart Phone, Full Size",1272.0,38.160000000000004,3,0.0
FUR-FU-10001057,Tensor Track Tree Floor Lamp,300.0,38.180899999999994,17,0.1
FUR-FU-10000647,"Tenex Door Stop, Erganomic",302.0,38.186099999999996,9,0.2025
TEC-CO-10000243,"Canon Fax and Copier, Digital",229.0,38.196,2,0.4
OFF-PA-10001461,HP Office Paper (20Lb. and 87 Bright),87.0,38.2096,14,0.1
OFF-SU-10003535,"Elite Box Cutter, Easy Grip",257.0,38.22,7,0.0
OFF-PA-10004589,"Green Bar Computer Printout Paper, Multicolor",639.0,38.23500000000001,25,0.125
OFF-PA-10002195,"RSVP Cards & Envelopes, Blank White, 8-1/2"" X 11"", 24 Cards/25 Envelopes/Set",89.0,38.252399999999994,19,0.10000000000000002
OFF-FA-10003464,"Stockwell Rubber Bands, 12 Pack",95.0,38.296,10,0.13333333333333333
OFF-ELI-10002337,"Elite Box Cutter, High Speed",164.0,38.342999999999996,6,0.4333333333333333
OFF-EN-10002816,"Kraft Peel and Seal, Recycled",193.0,38.400000000000006,15,0.0
OFF-STA-10001747,"Stanley Pencil Sharpener, Water Color",1192.0,38.43,49,0.06666666666666667
OFF-FA-10002085,"Stockwell Clamps, Assorted Sizes",259.0,38.468,25,0.08
TEC-HEW-10001710,"Hewlett Ink, Laser",1086.0,38.484,8,0.2333333333333333
OFF-PA-10001736,"SanDisk Note Cards, 8.5 x 11",148.0,38.55,5,0.0
OFF-PA-10003796,"Eaton Parchment Paper, 8.5 x 11",194.0,38.61,11,0.0
OFF-LA-10001549,"Harbour Creations Removable Labels, Adjustable",97.0,38.61,9,0.0
OFF-PA-10000029,Xerox 224,94.0,38.6208,17,0.10000000000000002
FUR-FU-10002554,"Westinghouse Floor Lamp with Metal Mesh Shade, Black",168.0,38.6239,7,0.0
OFF-AR-10004748,"Boston Pencil Sharpener, Easy-Erase",242.0,38.63999999999999,12,0.26666666666666666
OFF-BI-10002278,"Ibico Binder Covers, Economy",250.0,38.64,21,0.135
OFF-LA-10001618,"Hon Legal Exhibit Labels, Adjustable",245.0,38.64,28,0.0
OFF-LA-10000598,"Novimex File Folder Labels, Alphabetical",142.0,38.656,31,0.13333333333333333
OFF-BI-10003963,Cardinal Holdit Data Disk Pockets,100.0,38.7296,16,0.13333333333333333
OFF-BI-10001507,"Ibico Binder, Durable",186.0,38.768,18,0.15000000000000002
OFF-AR-10003045,Prang Colored Pencils,91.0,38.808,32,0.05714285714285715
OFF-PA-10002365,Xerox 1967,90.0,38.88,15,0.08
OFF-BI-10004275,"Wilson Jones Index Tab, Recycled",82.0,38.88,18,0.0
TEC-AC-10002389,"Enermax Mouse, USB",162.0,38.88,4,0.0
TEC-MA-10001403,"Panasonic Calculator, White",130.0,38.88,4,0.0
OFF-SU-10001686,"Kleencut Trimmer, Easy Grip",1097.0,38.9055,30,0.155
FUR-BO-10003086,"Safco Library with Doors, Traditional",616.0,38.968199999999996,2,0.21
FUR-RUB-10003699,"Rubbermaid Light Bulb, Duo Pack",247.0,39.0,13,0.0
FUR-FU-10004281,"Eldon Light Bulb, Erganomic",95.0,39.0,4,0.0
OFF-LA-10000984,"Hon Round Labels, Alphabetical",81.0,39.006,13,0.025
OFF-SU-10003019,"Acme Letter Opener, Serrated",327.0,39.007999999999996,25,0.2285714285714286
OFF-BI-10000168,"Cardinal Hole Reinforcements, Recycled",205.0,39.03,39,0.06583333333333334
OFF-STO-10004363,"Stockwell Paper Clips, Bulk Pack",81.0,39.06,6,0.0
TEC-PAN-10004279,"Panasonic Phone, Durable",85.0,39.06,1,0.0
OFF-SU-10003040,"Stiletto Box Cutter, Serrated",262.0,39.12,12,0.0
OFF-SU-10004659,"Elite Letter Opener, Easy Grip",232.0,39.12,12,0.0
FUR-BO-10004135,"Ikea Stackable Bookrack, Traditional",490.0,39.12,6,0.0
OFF-BI-10003309,"Wilson Jones Binder Covers, Clear",216.0,39.123,22,0.14857142857142858
TEC-CO-10000660,"Hewlett Copy Machine, Color",1218.0,39.1455,9,0.4
TEC-MA-10002135,"Epson Printer, White",261.0,39.15,1,0.0
OFF-EN-10000776,"Jiffy Peel and Seal, Set of 50",143.0,39.1716,10,0.255
FUR-FU-10000732,Eldon 200 Class Desk Accessories,134.0,39.187200000000004,22,0.028571428571428574
TEC-PH-10000437,"Cisco Signal Booster, VoIP",1611.0,39.222,11,0.0625
OFF-STO-10002708,"Stockwell Thumb Tacks, Bulk Pack",157.0,39.24,12,0.0
OFF-AR-10000066,"Sanford Pens, Blue",361.0,39.269999999999996,38,0.15
OFF-PA-10002947,Xerox 1923,95.0,39.2784,16,0.08
OFF-AR-10002800,"Binney & Smith Pencil Sharpener, Water Color",171.0,39.285,6,0.03333333333333333
OFF-AR-10004062,Staples,157.0,39.3,15,0.0
TEC-MA-10000124,"Konica Card Printer, White",231.0,39.32,2,0.0
FUR-BO-10002793,"Safco Floating Shelf Set, Traditional",236.0,39.348,2,0.4
OFF-ST-10004190,"Smead Box, Single Width",173.0,39.36,24,0.0
OFF-BI-10003984,Lock-Up Easel 'Spel-Binder',705.0,39.371399999999994,44,0.4857142857142857
FUR-CH-10004194,"Novimex Bag Chairs, Red",584.0,39.37200000000001,16,0.2
OFF-AP-10000873,"Hamilton Beach Microwave, Red",1243.0,39.384,9,0.30000000000000004
OFF-PA-10004971,Xerox 196,93.0,39.4196,18,0.1
OFF-BI-10004388,"Acco Hole Reinforcements, Clear",96.0,39.42,25,0.03333333333333333
OFF-EN-10003455,"Cameo Manila Envelope, Set of 50",200.0,39.42,9,0.16666666666666666
OFF-HON-10001783,"Hon Shipping Labels, 5000 Label Set",84.0,39.48,7,0.0
OFF-EN-10002600,"Redi-Strip #10 Envelopes, 4 1/8 x 9 1/2",94.0,39.53,35,0.1142857142857143
OFF-ST-10001580,Super Decoflex Portable Personal File,180.0,39.547200000000004,13,0.08
TEC-LOG-10003634,"Logitech Numeric Keypad, Programmable",498.0,39.618,11,0.09999999999999999
FUR-BO-10004407,"Ikea Floating Shelf Set, Metal",3214.0,39.620000000000026,33,0.1
FUR-BO-10002736,"Sauder Stackable Bookrack, Mobile",2136.0,39.620999999999995,17,0.1625
OFF-PA-10001260,"TOPS Money Receipt Book, Consecutively Numbered in Red,",88.0,39.6495,11,0.0
OFF-KLE-10000552,"Kleencut Shears, Steel",244.0,39.681,6,0.175
OFF-CAM-10000497,"Cameo Manila Envelope, Set of 50",605.0,39.69,23,0.08571428571428572
OFF-BI-10003124,"Cardinal Hole Reinforcements, Durable",220.0,39.69,33,0.05555555555555555
OFF-LA-10000121,Avery 48,91.0,39.69,15,0.06666666666666667
OFF-CUI-10003409,"Cuisinart Refrigerator, Silver",1690.0,39.702,4,0.19999999999999998
OFF-FA-10000197,"Stockwell Push Pins, Metal",269.0,39.702600000000004,28,0.3016666666666667
OFF-PA-10003349,Xerox 1957,97.0,39.7224,17,0.10000000000000002
OFF-BI-10000963,"Acco Index Tab, Clear",168.0,39.732,31,0.06999999999999999
FUR-FU-10002396,"DAX Copper Panel Document Frame, 5 x 7 Size",170.0,39.7528,18,0.2
OFF-FA-10002264,"Advantus Rubber Bands, Assorted Sizes",182.0,39.78,13,0.0
FUR-FU-10002379,Eldon Econocleat Chair Mats for Low Pile Carpets,331.0,39.8112,8,0.0
OFF-LA-10003223,Avery 508,88.0,39.8201,19,0.06666666666666667
OFF-CAM-10001177,"Cameo Manila Envelope, Recycled",114.0,39.870000000000005,5,0.15
OFF-BI-10002437,Recycled Premium Regency Composition Covers,109.0,39.880799999999994,9,0.20000000000000004
OFF-LA-10002974,"Avery File Folder Labels, Laser Printer Compatible",91.0,39.9,10,0.0
FUR-ADV-10004499,"Advantus Photo Frame, Durable",250.0,39.900000000000006,5,0.0
OFF-BI-10000088,GBC Imprintable Covers,242.0,39.967200000000005,36,0.3625
OFF-AR-10002380,"Boston Highlighters, Blue",331.0,39.972,27,0.03333333333333333
OFF-TEN-10003948,"Tenex Box, Blue",402.0,39.99000000000001,29,0.12857142857142856
FUR-FU-10000816,"Tenex Clock, Erganomic",137.0,39.995999999999995,3,0.05
OFF-AR-10000762,"BIC Pens, Water Color",394.0,40.1022,27,0.20400000000000001
FUR-TA-10000052,"Hon Training Table, Adjustable Height",435.0,40.137,2,0.35
TEC-PH-10004959,Classic Ivory Antique Telephone ZL1810,341.0,40.196,4,0.1
OFF-SU-10001515,"Kleencut Box Cutter, Easy Grip",413.0,40.199999999999996,21,0.17142857142857146
OFF-PA-10004856,"Xerox Memo Slips, Recycled",269.0,40.2,20,0.0
OFF-PA-10001858,"SanDisk Message Books, Multicolor",252.0,40.2,10,0.0
FUR-HAR-10003124,"Harbour Creations Chairmat, Red",382.0,40.31999999999999,6,0.2333333333333333
OFF-EN-10000358,"Cameo Business Envelopes, Recycled",85.0,40.32,8,0.0
OFF-PA-10003001,Xerox 1986,85.0,40.3472,13,0.05
OFF-PA-10003022,Xerox 1992,86.0,40.364999999999995,15,0.05
OFF-PA-10002751,Xerox 1920,90.0,40.365,15,0.0
OFF-AVE-10003279,"Avery Hole Reinforcements, Durable",140.0,40.416000000000004,26,0.12857142857142856
TEC-PH-10000688,"Nokia Speaker Phone, VoIP",1146.0,40.482,13,0.3
OFF-STI-10001955,"Stiletto Box Cutter, Easy Grip",678.0,40.5,18,0.0
OFF-FA-10004265,"Stockwell Paper Clips, Assorted Sizes",200.0,40.544000000000004,28,0.10000000000000002
OFF-IBI-10001494,"Ibico Index Tab, Durable",150.0,40.554,21,0.06666666666666667
FUR-BO-10000666,"Ikea 3-Shelf Cabinet, Mobile",290.0,40.56,2,0.0
FUR-FU-10003540,"Deflect-O Stacking Tray, Erganomic",299.0,40.575,15,0.16666666666666666
OFF-EAT-10002122,"Eaton Cards & Envelopes, Premium",135.0,40.589999999999996,3,0.0
OFF-FA-10004523,"OIC Thumb Tacks, Bulk Pack",308.0,40.592999999999996,26,0.16999999999999998
OFF-BI-10002937,"Wilson Jones Binder Covers, Clear",99.0,40.6,14,0.0
OFF-BI-10002708,"Acco Binder, Clear",345.0,40.6077,27,0.14555555555555555
OFF-ACC-10004182,"Acco Index Tab, Durable",252.0,40.62,30,0.14444444444444443
TEC-PH-10002549,Polycom SoundPoint IP 450 VoIP phone,2214.0,40.65480000000001,13,0.24000000000000005
FUR-RUB-10004420,"Rubbermaid Door Stop, Black",132.0,40.68,3,0.0
TEC-AC-10004068,"Memorex Memory Card, USB",819.0,40.73999999999998,10,0.16666666666666666
OFF-PA-10004675,"Telephone Message Books with Fax/Mobile Section, 5 1/2"" x 3 3/16""",99.0,40.766999999999996,17,0.06666666666666667
OFF-AP-10000510,"Cuisinart Coffee Grinder, Red",262.0,40.788,7,0.05
OFF-LA-10003278,"Novimex Shipping Labels, 5000 Label Set",114.0,40.8,10,0.0
OFF-SU-10000304,"Kleencut Ruler, Serrated",164.0,40.8,16,0.0
OFF-PA-10002709,Xerox 1956,90.0,40.9032,16,0.1
OFF-SAN-10001681,"SanDisk Computer Printout Paper, 8.5 x 11",373.0,40.92,11,0.0
OFF-PA-10003365,"Eaton Cards & Envelopes, Multicolor",217.0,40.94,8,0.1
OFF-PA-10003309,Xerox 211,104.0,40.9536,19,0.1
FUR-FU-10002004,"Tenex Stacking Tray, Durable",245.0,40.972,15,0.1
TEC-PH-10004879,"Nokia Headset, Cordless",1344.0,40.992,22,0.20833333333333334
TEC-PH-10003980,"Apple Signal Booster, VoIP",455.0,41.0,5,0.0
OFF-FA-10002100,"OIC Paper Clips, 12 Pack",202.0,41.04,24,0.05
OFF-PA-10004313,"Green Bar Computer Printout Paper, 8.5 x 11",294.0,41.08,13,0.0
FUR-CH-10002498,"Harbour Creations Steel Folding Chair, Red",1183.0,41.108999999999995,16,0.2833333333333333
OFF-GRE-10004796,"Green Bar Computer Printout Paper, Multicolor",305.0,41.136,11,0.12
OFF-BI-10003707,Aluminum Screw Posts,354.0,41.202,41,0.43636363636363634
OFF-PA-10003177,Xerox 1999,100.0,41.2128,17,0.08571428571428573
OFF-PA-10001578,"Eaton Computer Printout Paper, Multicolor",112.0,41.28,4,0.0
OFF-LA-10003148,Avery 51,96.0,41.328,16,0.04
OFF-AP-10002082,Holmes HEPA Air Purifier,240.0,41.382000000000005,14,0.2333333333333333
OFF-FA-10003892,"OIC Push Pins, 12 Pack",233.0,41.384,26,0.1142857142857143
OFF-EN-10001977,"Cameo Business Envelopes, Recycled",190.0,41.4,12,0.0
OFF-SU-10002337,"Elite Trimmer, High Speed",833.0,41.4,20,0.0
FUR-BUS-10002192,"Bush 3-Shelf Cabinet, Metal",143.0,41.4,1,0.0
TEC-AC-10002550,Maxell 4.7GB DVD-RW 3/Pack,146.0,41.418,10,0.1
TEC-LOG-10003995,"Logitech Numeric Keypad, Erganomic",405.0,41.43599999999999,14,0.19999999999999998
OFF-FA-10003838,"Stockwell Rubber Bands, Assorted Sizes",275.0,41.517,21,0.04
OFF-BI-10001613,"Ibico Hole Reinforcements, Clear",107.0,41.56,25,0.044444444444444446
OFF-BI-10001617,GBC Wire Binding Combs,184.0,41.5668,26,0.37142857142857144
OFF-KRA-10001807,"Kraft Manila Envelope, Security-Tint",521.0,41.58,18,0.0
OFF-XER-10004519,"Xerox Cards & Envelopes, Multicolor",416.0,41.58,9,0.0
OFF-EN-10004525,"GlobeWeis Peel and Seal, Security-Tint",226.0,41.611999999999995,17,0.14285714285714285
OFF-ST-10003147,"Tenex Box, Blue",402.0,41.64,29,0.18333333333333335
OFF-AP-10003860,Fellowes Advanced 8 Outlet Surge Suppressor with Phone/Fax Protection,244.0,41.64,10,0.13333333333333333
OFF-FA-10001187,"Stockwell Paper Clips, Bulk Pack",158.0,41.673,13,0.15
TEC-APP-10004469,"Apple Signal Booster, Cordless",461.0,41.79,4,0.2333333333333333
OFF-LA-10000407,Avery White Multi-Purpose Labels,96.0,41.832,20,0.05
TEC-PH-10003988,"LF Elite 3D Dazzle Designer Hard Case Cover, Lf Stylus Pen and Wiper For Apple Iphone 5c Mini Lite",264.0,41.856,28,0.1
FUR-FU-10003878,"Linden 10"" Round Wall Clock, Black",255.0,41.8672,21,0.16666666666666666
OFF-LA-10000108,"Harbour Creations Color Coded Labels, Laser Printer Compatible",144.0,41.874,12,0.1175
FUR-FU-10003731,"Eldon Expressions Wood and Plastic Desk Accessories, Oak",150.0,41.916,15,0.0
TEC-PH-10001845,"Apple Speaker Phone, VoIP",123.0,41.94,1,0.0
OFF-HON-10000934,"Hon Legal Exhibit Labels, Laser Printer Compatible",407.0,41.94,41,0.15555555555555556
TEC-AC-10003614,"Verbatim 25 GB 6x Blu-ray Single Layer Recordable Disc, 10/Pack",151.0,41.955799999999996,14,0.08
FUR-FU-10001717,"Rubbermaid Stacking Tray, Erganomic",349.0,42.042,19,0.175
OFF-BI-10001900,"DXL Angle-View Binders with Locking Rings, Black",124.0,42.0498,26,0.2
OFF-FA-10002652,"Stockwell Staples, Bulk Pack",140.0,42.135,16,0.16666666666666666
OFF-AR-10002458,"Stanley Canvas, Easy-Erase",356.0,42.141,10,0.285
OFF-PA-10002473,"SanDisk Note Cards, Multicolor",385.0,42.16,17,0.0
FUR-DEF-10000622,"Deflect-O Light Bulb, Black",213.0,42.168,14,0.09999999999999999
FUR-FU-10000409,"GE 4 Foot Flourescent Tube, 40 Watt",99.0,42.2436,7,0.06666666666666667
OFF-EN-10003435,"GlobeWeis Business Envelopes, with clear poly window",260.0,42.25320000000001,15,0.17833333333333334
FUR-FU-10002456,"Master Caster Door Stop, Large Neon Orange",155.0,42.2968,27,0.17142857142857143
OFF-BI-10000404,Avery Printable Repositionable Plastic Tabs,116.0,42.312,16,0.23333333333333336
FUR-FU-10004458,"Rubbermaid Door Stop, Black",251.0,42.34,11,0.2
OFF-AP-10004249,Staples,235.0,42.3738,22,0.2
OFF-EN-10001028,Staples,101.0,42.4092,9,0.1
OFF-PA-10003338,"Enermax Parchment Paper, Recycled",120.0,42.417,10,0.285
TEC-AC-10004209,Memorex Froggy Flash Drive 4 GB,136.0,42.4214,14,0.08
OFF-LA-10004745,"Harbour Creations Shipping Labels, Adjustable",157.0,42.422399999999996,24,0.23625
OFF-LA-10002787,Avery 480,90.0,42.45,24,0.03333333333333333
OFF-PA-10003586,"Eaton Computer Printout Paper, Premium",106.0,42.48,4,0.0
TEC-MA-10000345,"Konica Phone, Red",863.0,42.489000000000004,12,0.15
OFF-KLE-10003497,"Kleencut Box Cutter, Steel",642.0,42.52499999999999,21,0.27999999999999997
TEC-AC-10004510,Logitech Desktop MK120 Mouse and keyboard Combo,777.0,42.536,50,0.06666666666666667
OFF-AR-10004651,"Boston Pens, Fluorescent",362.0,42.552,24,0.02
OFF-AR-10001271,"Sanford Markers, Fluorescent",294.0,42.56,19,0.04
OFF-LA-10000305,Avery 495,97.0,42.588,16,0.05
OFF-SU-10004888,"Stiletto Shears, Steel",474.0,42.6,10,0.0
OFF-AR-10003592,"Sanford Pencil Sharpener, Fluorescent",248.0,42.6114,12,0.16799999999999998
OFF-FA-10001476,"OIC Paper Clips, Assorted Sizes",101.0,42.616,13,0.05
FUR-SAU-10004137,"Sauder Floating Shelf Set, Traditional",778.0,42.66,6,0.4
OFF-LA-10002401,"Avery Shipping Labels, Laser Printer Compatible",138.0,42.7,23,0.16666666666666666
FUR-FU-10003142,"Master Big Foot Doorstop, Beige",152.0,42.768,30,0.03333333333333333
OFF-AR-10001958,Stanley Bostitch Contemporary Electric Pencil Sharpeners,275.0,42.7896,19,0.14285714285714285
TEC-BRO-10001293,"Brother Personal Copier, Laser",429.0,42.839999999999996,3,0.0
OFF-EN-10001147,"Jiffy Clasp Envelope, Recycled",88.0,42.84,12,0.0
TEC-AC-10004341,"Belkin Mouse, USB",287.0,42.84,7,0.0
TEC-CO-10000777,"Brother Personal Copier, Laser",429.0,42.84,3,0.0
OFF-LA-10004738,"Harbour Creations Legal Exhibit Labels, Alphabetical",122.0,42.861000000000004,12,0.05
TEC-SHA-10001103,"Sharp Copy Machine, Laser",1291.0,42.876000000000005,6,0.12
OFF-AR-10002399,"Dixon Prang Watercolor Pencils, 10-Color Set with Brush",110.0,42.8982,27,0.05714285714285715
TEC-CO-10001301,"Sharp Copy Machine, Laser",287.0,43.008,2,0.4
OFF-HON-10004014,"Hon Shipping Labels, Adjustable",146.0,43.029,17,0.16249999999999998
OFF-EN-10000532,"Cameo Clasp Envelope, Set of 50",109.0,43.047999999999995,20,0.08
TEC-PH-10000149,Cisco SPA525G2 IP Phone - Wireless,428.0,43.092,26,0.2
FUR-FU-10000142,"Tenex Stacking Tray, Erganomic",178.0,43.11,11,0.27499999999999997
OFF-LA-10002195,Avery 481,92.0,43.12,30,0.04
OFF-PA-10000659,"Adams Phone Message Book, Professional, 400 Message Capacity, 5 3/6” x 11”",95.0,43.1364,14,0.06666666666666667
OFF-CUI-10003923,"Cuisinart Coffee Grinder, Red",217.0,43.176,8,0.15
TEC-AC-10000580,Logitech G13 Programmable Gameboard with LCD Display,1040.0,43.194599999999994,14,0.1
TEC-CAN-10004166,"Canon Personal Copier, Color",864.0,43.2,6,0.0
OFF-EN-10004935,"Cameo Clasp Envelope, with clear poly window",175.0,43.2,20,0.0
FUR-BO-10002680,"Sauder 3-Shelf Cabinet, Traditional",833.0,43.2,6,0.3
OFF-ST-10004739,"Rogers Folders, Industrial",846.0,43.224,30,0.08750000000000001
OFF-FA-10000134,"Advantus Push Pins, Aluminum Head",140.0,43.2264,24,0.0
OFF-HAM-10003663,"Hamilton Beach Stove, Black",1409.0,43.24200000000002,4,0.2333333333333333
OFF-LA-10000356,"Novimex Round Labels, 5000 Label Set",100.0,43.26,16,0.1
OFF-AR-10002677,"BIC Pens, Water Color",348.0,43.27199999999999,33,0.13333333333333333
OFF-LA-10002034,Avery 478,89.0,43.3062,18,0.0
OFF-AP-10000916,"KitchenAid Microwave, Black",372.0,43.32,2,0.4
OFF-ADV-10004598,"Advantus Paper Clips, Metal",205.0,43.332,16,0.09999999999999999
FUR-TEN-10004388,"Tenex Door Stop, Black",132.0,43.38,3,0.0
FUR-FU-10002614,"Tenex Door Stop, Black",132.0,43.38,3,0.0
OFF-PA-10001526,Xerox 1949,115.0,43.4256,28,0.15000000000000002
OFF-BI-10003476,Avery Metallic Poly Binders,136.0,43.4334,31,0.3
OFF-LA-10000438,"Novimex Legal Exhibit Labels, 5000 Label Set",87.0,43.44,8,0.0
OFF-AP-10003043,"Breville Blender, White",982.0,43.452,18,0.10000000000000002
TEC-KON-10001519,"Konica Calculator, White",150.0,43.47,3,0.0
OFF-ACC-10004910,"Accos Rubber Bands, Metal",118.0,43.47,7,0.0
TEC-AC-10000588,"SanDisk Flash Drive, Bluetooth",174.0,43.476,6,0.2
TEC-APP-10004296,"Apple Speaker Phone, Full Size",399.0,43.487999999999985,5,0.39999999999999997
OFF-FA-10003717,"Stockwell Clamps, Metal",97.0,43.5,5,0.0
OFF-PA-10002586,Xerox 1970,102.0,43.5252,22,0.06666666666666667
OFF-PA-10001937,Xerox 21,125.0,43.5456,24,0.2
OFF-PA-10000070,"Eaton Computer Printout Paper, Recycled",277.0,43.5654,13,0.26749999999999996
OFF-SAN-10004232,"Sanford Markers, Fluorescent",385.0,43.56599999999999,23,0.3357142857142857
OFF-AP-10003945,"Breville Toaster, Silver",517.0,43.6,15,0.3333333333333333
OFF-PA-10003893,Xerox 1962,110.0,43.656,28,0.05714285714285715
OFF-PA-10003390,"Enermax Computer Printout Paper, Recycled",739.0,43.68,26,0.0
OFF-CAM-10004790,"Cameo Peel and Seal, Set of 50",273.0,43.68,13,0.0
OFF-AP-10003040,Fellowes 8 Outlet Superior Workstation Surge Protector w/o Phone/Fax/Modem Protection,665.0,43.706,25,0.2
OFF-AR-10000034,"BIC Brite Liner Grip Highlighters, Assorted, 5/Pack",119.0,43.7144,29,0.06666666666666667
OFF-CAR-10002942,"Cardinal 3-Hole Punch, Recycled",1183.0,43.74599999999999,55,0.32857142857142857
OFF-PA-10001892,"Rediform Wirebound ""Phone Memo"" Message Book, 11 x 5-3/4",110.0,43.77719999999999,17,0.12000000000000002
OFF-SME-10002250,"Smead File Folder Labels, Alphabetical",96.0,43.89,11,0.0
FUR-FU-10000295,"Advantus Light Bulb, Black",256.0,43.896,20,0.24
FUR-FU-10003662,"Tenex Door Stop, Erganomic",544.0,43.908,14,0.075
OFF-SU-10003332,"Elite Letter Opener, Steel",158.0,43.92,8,0.21
FUR-FU-10004096,"Deflect-O Light Bulb, Erganomic",88.0,43.95,5,0.0
OFF-FA-10001237,"Stockwell Push Pins, Bulk Pack",139.0,43.976,18,0.2
FUR-BO-10001537,"Ikea Corner Shelving, Metal",1103.0,44.01,9,0.0
FUR-BO-10000022,"Dania Floating Shelf Set, Traditional",2201.0,44.010000000000005,14,0.06666666666666667
TEC-HEW-10001056,"Hewlett Ink, High-Speed",147.0,44.04,1,0.0
OFF-ELI-10003179,"Elite Scissors, High Speed",127.0,44.05800000000001,7,0.175
OFF-PA-10004610,Xerox 1900,106.0,44.084,26,0.08571428571428573
OFF-SU-10000087,"Stiletto Ruler, High Speed",343.0,44.16,23,0.0
FUR-CH-10002304,"Global Stack Chair without Arms, Black",902.0,44.166,44,0.17142857142857143
FUR-FU-10003724,Westinghouse Clip-On Gooseneck Lamps,280.0,44.1936,38,0.1111111111111111
OFF-ST-10003722,Project Tote Personal File,193.0,44.1945,15,0.05
OFF-FA-10001113,"OIC Push Pins, Assorted Sizes",292.0,44.196,25,0.06666666666666667
TEC-PH-10000675,Panasonic KX TS3282B Corded phone,591.0,44.2746,9,0.20000000000000004
OFF-HAR-10001714,"Harbour Creations Legal Exhibit Labels, Adjustable",112.0,44.309999999999995,14,0.13999999999999999
OFF-AR-10003228,"Stanley Sketch Pad, Blue",306.0,44.367,10,0.37
OFF-ACC-10002834,"Accos Thumb Tacks, 12 Pack",130.0,44.400000000000006,10,0.0
OFF-FA-10000563,"Accos Push Pins, Assorted Sizes",136.0,44.46,20,0.10000000000000002
OFF-AR-10004691,Boston 1730 StandUp Electric Pencil Sharpener,171.0,44.4704,8,0.0
OFF-HAR-10002479,"Harbour Creations Color Coded Labels, 5000 Label Set",93.0,44.52,7,0.0
OFF-IBI-10001772,"Ibico Index Tab, Clear",227.0,44.538,35,0.2375
FUR-FU-10002960,"Eldon 200 Class Desk Accessories, Burgundy",135.0,44.588,25,0.12000000000000002
OFF-AVE-10004310,"Avery File Folder Labels, Alphabetical",147.0,44.616,17,0.15
OFF-ST-10004703,"Tenex Folders, Single Width",511.0,44.64,25,0.10142857142857144
TEC-PH-10001087,"Apple Signal Booster, Cordless",558.0,44.64,4,0.0
OFF-SU-10002429,"Fiskars Box Cutter, Steel",140.0,44.64,4,0.0
OFF-BI-10000267,"Ibico Hole Reinforcements, Clear",152.0,44.655,27,0.07142857142857142
FUR-FU-10004074,"Advantus Stacking Tray, Erganomic",768.0,44.682900000000004,38,0.1742857142857143
OFF-OIC-10000189,"OIC Clamps, Metal",100.0,44.699999999999996,5,0.0
OFF-LA-10001546,"Avery Shipping Labels, Adjustable",176.0,44.7,20,0.1
FUR-FU-10001706,Longer-Life Soft White Bulbs,114.0,44.7216,44,0.12
TEC-PH-10002035,"Samsung Smart Phone, Cordless",639.0,44.73,1,0.0
TEC-SAM-10003538,"Samsung Speaker Phone, Full Size",425.0,44.80199999999999,4,0.15
OFF-SU-10000997,"Fiskars Shears, Easy Grip",863.0,44.8026,21,0.1425
OFF-ST-10001291,"Tenex Personal Self-Stacking Standard File Box, Black/Gray",231.0,44.811499999999995,15,0.08
OFF-PA-10000477,Xerox 1952,98.0,44.82,20,0.05
OFF-EN-10003733,"Cameo Interoffice Envelope, Security-Tint",100.0,44.82,2,0.0
TEC-MA-10003066,Wasp CCD Handheld Bar Code Reader,337.0,44.868,3,0.4
OFF-AP-10000304,"Breville Stove, Red",505.0,44.916,1,0.1
TEC-CO-10003113,"Hewlett Fax Machine, Color",643.0,44.94,2,0.0
OFF-LA-10000869,"Harbour Creations Removable Labels, Adjustable",171.0,44.946,18,0.125
OFF-PA-10001745,"Wirebound Message Books, 2 7/8"" x 5"", 3 Forms per Page",108.0,44.985600000000005,17,0.06666666666666667
OFF-PA-10000300,"Green Bar Cards & Envelopes, Premium",145.0,45.0,3,0.0
FUR-FU-10000350,"Rubbermaid Light Bulb, Duo Pack",239.0,45.0,27,0.275
OFF-BI-10001362,"Avery Binder, Clear",239.0,45.007999999999996,30,0.044444444444444446
OFF-FA-10003139,"Advantus Push Pins, Assorted Sizes",228.0,45.03,19,0.0
OFF-EN-10004470,"Ames Clasp Envelope, Security-Tint",159.0,45.04,29,0.1
OFF-EN-10002559,"Kraft Clasp Envelope, Recycled",120.0,45.08,23,0.0
OFF-AME-10001179,"Ames Mailers, Set of 50",323.0,45.089999999999996,9,0.0
TEC-AC-10001406,"Enermax Memory Card, Programmable",116.0,45.18,1,0.0
FUR-OFF-10003019,"Office Star Steel Folding Chair, Adjustable",94.0,45.21,1,0.0
OFF-BI-10003132,"Cardinal Binding Machine, Clear",98.0,45.24,2,0.0
OFF-EN-10002540,"GlobeWeis Clasp Envelope, with clear poly window",234.0,45.3012,21,0.18999999999999997
OFF-PA-10003845,Xerox 1987,93.0,45.3152,16,0.0
OFF-BI-10001326,"Cardinal Binder, Recycled",356.0,45.3324,29,0.14625
FUR-BO-10003530,"Safco 3-Shelf Cabinet, Pine",863.0,45.336,8,0.06666666666666667
OFF-BI-10000725,"Wilson Jones Binding Machine, Durable",101.0,45.36,2,0.0
OFF-EN-10002725,"Ames Manila Envelope, Set of 50",197.0,45.36,12,0.0
FUR-FU-10004031,"Advantus Frame, Durable",216.0,45.42,2,0.0
TEC-MA-10002055,"Epson Calculator, Wireless",93.0,45.48,2,0.0
TEC-SAN-10002954,"SanDisk Memory Card, Programmable",456.0,45.48,4,0.0
OFF-ST-10000268,"Smead Box, Blue",178.0,45.5073,17,0.034
OFF-AP-10002793,"KitchenAid Stove, Black",473.0,45.5514,1,0.17
TEC-AC-10003904,"SanDisk Keyboard, USB",572.0,45.57,7,0.0
OFF-BI-10000806,"Acco Index Tab, Economy",255.0,45.6,38,0.0
OFF-BI-10000185,"Cardinal Binder Covers, Recycled",329.0,45.6,40,0.0
OFF-ENE-10002104,"Enermax Note Cards, Premium",353.0,45.617999999999995,13,0.15
OFF-ELD-10002578,"Eldon Box, Single Width",280.0,45.64800000000001,32,0.2222222222222222
OFF-CAR-10002054,"Cardinal Hole Reinforcements, Economy",153.0,45.672000000000004,34,0.3
OFF-BI-10001659,"Cardinal Index Tab, Clear",404.0,45.6738,60,0.08083333333333334
OFF-SU-10001992,"Stiletto Ruler, Serrated",139.0,45.72,12,0.0
OFF-FA-10003799,"Accos Clamps, Metal",140.0,45.76,14,0.26666666666666666
OFF-BI-10003650,"Ibico Index Tab, Clear",442.0,45.765,54,0.10625
OFF-BI-10003324,"Acco Hole Reinforcements, Recycled",98.0,45.78,21,0.0
OFF-ST-10002151,"Eldon Box, Blue",320.0,45.792,36,0.10909090909090911
OFF-SU-10004261,"Fiskars 8"" Scissors, 2/Pack",216.0,45.8584,14,0.1
OFF-FA-10000189,"OIC Paper Clips, 12 Pack",216.0,45.870000000000005,16,0.08333333333333333
TEC-PH-10001536,Spigen Samsung Galaxy S5 Case Wallet,234.0,45.873000000000005,15,0.08
OFF-LA-10003644,"Novimex Removable Labels, Adjustable",267.0,45.888000000000005,36,0.044444444444444446
TEC-PH-10003357,Grandstream GXP2100 Mainstream Business Phone,597.0,45.894000000000005,10,0.25
OFF-BI-10002364,"Acco Binder, Durable",217.0,45.93,14,0.125
OFF-FA-10002895,"Accos Staples, 12 Pack",276.0,45.94800000000001,28,0.08571428571428572
FUR-BO-10000378,"Bush Floating Shelf Set, Pine",1288.0,45.99600000000001,15,0.25
TEC-PH-10004100,Griffin GC17055 Auxiliary Audio Cable,396.0,46.0544,27,0.16666666666666666
OFF-BI-10002072,Cardinal Slant-D Ring Binders,119.0,46.056999999999995,17,0.18
OFF-FA-10003897,"Stockwell Push Pins, Metal",113.0,46.08,8,0.0
TEC-PH-10001071,"Nokia Headset, Full Size",149.0,46.08,2,0.0
OFF-PA-10003072,"Eureka Recycled Copy Paper 8 1/2"" x 11"", Ream",110.0,46.1376,19,0.13333333333333333
OFF-PA-10000520,Xerox 201,109.0,46.1376,19,0.08
OFF-FA-10000353,"Stockwell Clamps, Assorted Sizes",224.0,46.152,15,0.13333333333333333
FUR-HON-10001015,"Hon Training Table, Rectangular",330.0,46.23,1,0.0
OFF-BIN-10001274,"Binney & Smith Pens, Blue",179.0,46.236,19,0.22499999999999998
OFF-EN-10004742,"Kraft Interoffice Envelope, Recycled",195.0,46.272000000000006,8,0.2
OFF-FA-10004447,"Advantus Rubber Bands, Metal",361.0,46.274699999999996,28,0.24555555555555555
OFF-HON-10000172,"Hon File Folder Labels, Alphabetical",129.0,46.284000000000006,16,0.09999999999999999
OFF-PA-10003105,"SanDisk Parchment Paper, Premium",318.0,46.29,20,0.08333333333333333
FUR-FU-10000293,Eldon Antistatic Chair Mats for Low to Medium Pile Carpets,1431.0,46.327600000000004,14,0.05
TEC-AC-10000887,"Enermax Flash Drive, Bluetooth",342.0,46.3296,9,0.18999999999999997
OFF-PA-10002787,Xerox 227,120.0,46.3968,22,0.125
OFF-FA-10002569,"Stockwell Staples, Metal",123.0,46.41,14,0.2625
OFF-FA-10003378,"Accos Push Pins, Metal",154.0,46.44,12,0.16666666666666666
TEC-AC-10001949,"Enermax Router, Bluetooth",517.0,46.44,2,0.0
OFF-STO-10001791,"Stockwell Clamps, Bulk Pack",211.0,46.53,11,0.0
TEC-AC-10003052,"SanDisk Mouse, Programmable",119.0,46.53,3,0.0
OFF-EN-10003540,"Cameo Mailers, Set of 50",139.0,46.5456,4,0.085
FUR-FU-10001487,"Eldon Expressions Wood and Plastic Desk Accessories, Cherry Wood",161.0,46.5566,23,0.0
OFF-EN-10001047,"Jiffy Manila Envelope, Security-Tint",114.0,46.56,6,0.0
OFF-SU-10003951,"Elite Shears, Easy Grip",779.0,46.56,16,0.0
OFF-EN-10000383,"Kraft Business Envelopes, Recycled",132.0,46.58,15,0.15000000000000002
OFF-SU-10002214,"Kleencut Letter Opener, Easy Grip",153.0,46.629000000000005,7,0.225
TEC-AC-10000510,"SanDisk Flash Drive, Bluetooth",111.0,46.632000000000005,3,0.05
OFF-PA-10004255,Xerox 219,96.0,46.656,15,0.0
OFF-PA-10004782,Xerox 228,97.0,46.656000000000006,15,0.0
OFF-EN-10004144,"Cameo Clasp Envelope, Security-Tint",277.0,46.692899999999995,30,0.09571428571428571
TEC-NOK-10002555,"Nokia Audio Dock, VoIP",167.0,46.71,1,0.0
OFF-SU-10001983,"Stiletto Box Cutter, Steel",671.0,46.739999999999995,19,0.0
TEC-AC-10003556,"Belkin Keyboard, Bluetooth",784.0,46.76,14,0.0
OFF-PA-10001142,"Green Bar Note Cards, Multicolor",204.0,46.8,6,0.0
TEC-KON-10000091,"Konica Calculator, Red",167.0,46.812,4,0.19999999999999998
TEC-AC-10004289,"SanDisk Memory Card, Erganomic",587.0,46.879999999999995,8,0.0
OFF-EN-10004988,"Cameo Mailers, Set of 50",342.0,46.896,15,0.2
OFF-HAR-10002083,"Harbour Creations Round Labels, 5000 Label Set",122.0,46.919999999999995,17,0.0
OFF-LA-10001541,"Avery Removable Labels, 5000 Label Set",189.0,46.92,17,0.0
OFF-SU-10002911,"Acme Scissors, Serrated",414.0,46.938,23,0.22249999999999998
OFF-PA-10000210,Xerox Blank Computer Paper,100.0,46.953,5,0.0
TEC-HEW-10001558,"Hewlett Personal Copier, High-Speed",341.0,46.99799999999999,3,0.19999999999999998
OFF-FA-10001700,"Accos Rubber Bands, Bulk Pack",148.0,47.008,15,0.13333333333333333
OFF-SU-10000776,"Elite Letter Opener, Steel",336.0,47.04,14,0.0
TEC-PH-10004200,"Motorola Audio Dock, Full Size",1507.0,47.06579999999998,11,0.1675
OFF-PA-10002615,"Ampad Gold Fibre Wirebound Steno Books, 6"" x 9"", Gregg Ruled",108.0,47.187,25,0.05
OFF-LA-10002107,"Harbour Creations Removable Labels, Laser Printer Compatible",193.0,47.1915,21,0.10833333333333334
FUR-BO-10003034,"Sauder Stackable Bookrack, Pine",1915.0,47.212,22,0.10000000000000002
OFF-PA-10000791,"Wirebound Message Books, Four 2 3/4 x 5 Forms per Page, 200 Sets per Book",117.0,47.223,26,0.06666666666666667
OFF-XER-10002256,"Xerox Note Cards, Recycled",236.0,47.25,9,0.0
OFF-LA-10000508,"Harbour Creations Round Labels, 5000 Label Set",139.0,47.25,21,0.1
OFF-FA-10000010,"OIC Staples, Metal",148.0,47.28,15,0.12
TEC-AC-10001552,Logitech K350 2.4Ghz Wireless Keyboard,1155.0,47.2815,25,0.08
FUR-CH-10002780,Office Star - Task Chair with Contemporary Loop Arms,601.0,47.3096,8,0.15000000000000002
FUR-CH-10002045,"SAFCO Bag Chairs, Red",356.0,47.327999999999996,8,0.13333333333333333
OFF-ST-10004897,"Tenex Folders, Blue",236.0,47.3508,15,0.335
OFF-SU-10003879,"Kleencut Shears, High Speed",249.0,47.36,8,0.0
OFF-AP-10003610,"Hamilton Beach Coffee Grinder, Silver",179.0,47.428,8,0.20000000000000004
OFF-LA-10000604,"Harbour Creations Color Coded Labels, Laser Printer Compatible",242.0,47.43,19,0.025
OFF-ST-10000242,"Fellowes Folders, Wire Frame",119.0,47.46,7,0.0
FUR-DEF-10000720,"Deflect-O Door Stop, Duo Pack",132.0,47.519999999999996,3,0.0
OFF-LA-10001484,"Harbour Creations Legal Exhibit Labels, Adjustable",108.0,47.52,18,0.0
OFF-LA-10002995,"Avery Removable Labels, Adjustable",103.0,47.52,12,0.0
OFF-FA-10004754,"Advantus Rubber Bands, 12 Pack",176.0,47.52,11,0.0
FUR-ELD-10004515,"Eldon Door Stop, Black",251.0,47.55,5,0.0
OFF-PA-10000030,"Eaton Parchment Paper, Recycled",147.0,47.5962,13,0.16749999999999998
FUR-FU-10004963,"Eldon 400 Class Desk Accessories, Black Carbon",159.0,47.6,22,0.16666666666666666
OFF-PA-10002246,"Wirebound Four 2-3/4 x 5 Forms per Page, 400 Sets per Book",119.0,47.601000000000006,22,0.13333333333333333
TEC-CO-10004998,"HP Fax and Copier, Digital",2641.0,47.60908,23,0.002
OFF-AR-10000293,"BIC Sketch Pad, Water Color",104.0,47.64,2,0.0
FUR-CH-10002073,Hon Olson Stacker Chairs,424.0,47.6604,2,0.2
OFF-PA-10000304,Xerox 1995,121.0,47.6928,22,0.10000000000000002
FUR-FU-10001918,C-Line Cubicle Keepers Polyproplyene Holder With Velcro Backings,136.0,47.7257,31,0.125
OFF-LA-10000203,"Hon Round Labels, Laser Printer Compatible",150.0,47.760000000000005,40,0.12000000000000002
OFF-BI-10004589,"Avery Binding Machine, Economy",2403.0,47.782799999999995,56,0.13714285714285715
FUR-SAF-10000678,"Safco Floating Shelf Set, Mobile",399.0,47.82,2,0.0
TEC-APP-10001732,"Apple Headset, Cordless",228.0,47.88,3,0.0
OFF-ST-10002352,Iris Project Case,226.0,47.88000000000001,30,0.06666666666666667
OFF-PA-10000327,Xerox 1971,114.0,47.936,28,0.10000000000000002
OFF-EN-10001162,"GlobeWeis Mailers, Set of 50",378.0,47.94,15,0.31666666666666665
OFF-ST-10000794,"Tenex Trays, Wire Frame",107.0,47.94,2,0.0
OFF-AP-10003266,"Holmes Replacement Filter for HEPA Air Cleaner, Large Room",151.0,47.9844,12,0.15000000000000002
TEC-PH-10001128,Motorola Droid Maxx,1560.0,47.99679999999999,14,0.20000000000000004
TEC-MA-10002109,"HP Officejet Pro 8600 e-All-In-One Printer, Copier, Scanner, Fax",450.0,47.9968,4,0.25
OFF-SU-10004230,"Kleencut Scissors, Serrated",608.0,48.0,32,0.0
OFF-ST-10004857,"Smead Folders, Single Width",380.0,48.007200000000005,29,0.235
OFF-LA-10002650,"Novimex Removable Labels, Laser Printer Compatible",150.0,48.08,25,0.1142857142857143
FUR-CH-10003026,"Novimex Bag Chairs, Adjustable",412.0,48.225,10,0.125
FUR-FU-10001144,"Rubbermaid Photo Frame, Erganomic",403.0,48.24,8,0.0
OFF-ST-10003344,"Rogers Folders, Blue",429.0,48.31999999999999,23,0.08
OFF-LA-10000709,"Avery Color Coded Labels, Alphabetical",118.0,48.33,9,0.0
OFF-BI-10003684,Wilson Jones Legal Size Ring Binders,532.0,48.378000000000014,44,0.4222222222222223
FUR-HAR-10002546,"Harbour Creations Chairmat, Black",599.0,48.402,10,0.175
FUR-FU-10000548,"Tenex Stacking Tray, Durable",143.0,48.411,6,0.03333333333333333
OFF-PA-10002771,"Xerox Computer Printout Paper, Premium",257.0,48.432,15,0.275
TEC-KON-10003077,"Konica Calculator, Wireless",104.0,48.48,2,0.0
OFF-BI-10000232,"Ibico 3-Hole Punch, Durable",158.0,48.5,8,0.06666666666666667
OFF-EN-10003933,"Kraft Manila Envelope, Security-Tint",606.0,48.510000000000005,21,0.0
OFF-PA-10001994,"Ink Jet Note and Greeting Cards, 8-1/2"" x 5-1/2"" Card Size",121.0,48.5568,6,0.06666666666666667
OFF-BI-10001662,"Wilson Jones Binder Covers, Durable",157.0,48.576,14,0.2
FUR-TA-10004468,"Lesro Training Table, Fully Assembled",541.0,48.6,2,0.0
OFF-AP-10000382,"Breville Coffee Grinder, White",210.0,48.6,4,0.11333333333333334
OFF-PA-10000318,"Green Bar Parchment Paper, 8.5 x 11",125.0,48.6,6,0.0
OFF-HAR-10004896,"Harbour Creations Color Coded Labels, Laser Printer Compatible",234.0,48.6,18,0.0
OFF-PA-10003232,"Eaton Parchment Paper, 8.5 x 11",106.0,48.6,6,0.0
FUR-BO-10003660,"Bush Cubix Collection Bookcases, Fully Assembled",729.0,48.6156,4,0.2333333333333333
OFF-AR-10002656,Sanford Liquid Accent Highlighters,149.0,48.6304,24,0.08
OFF-PA-10002394,"Eaton Computer Printout Paper, Recycled",175.0,48.635999999999996,7,0.2
OFF-LA-10004495,"Novimex Round Labels, Alphabetical",152.0,48.656000000000006,40,0.06666666666666668
OFF-FA-10003930,"Stockwell Push Pins, Assorted Sizes",158.0,48.69,14,0.025
OFF-AP-10001303,"Holmes Cool Mist Humidifier for the Whole House with 8-Gallon Output per Day, Extended Life Filter",148.0,48.754999999999995,9,0.2
FUR-FU-10001037,"DAX Charcoal/Nickel-Tone Document Frame, 5 x 7",169.0,48.822,23,0.17142857142857143
OFF-LA-10001613,Avery File Folder Labels,117.0,48.8448,44,0.1076923076923077
OFF-BI-10001685,"Avery Index Tab, Durable",226.0,48.849000000000004,36,0.06363636363636363
OFF-ST-10000129,Fellowes Recycled Storage Drawers,1288.0,48.8532,12,0.06666666666666667
OFF-AR-10004884,"Sanford Pens, Fluorescent",325.0,48.858,31,0.11000000000000001
OFF-FA-10003411,"OIC Staples, Bulk Pack",102.0,48.87,9,0.0
OFF-ST-10000154,"Smead Box, Single Width",409.0,48.870000000000005,45,0.16
FUR-TA-10001307,"SAFCO PlanMaster Heigh-Adjustable Drafting Table Base, 43w x 30d x 30-37h, Black",944.0,48.922999999999995,4,0.3333333333333333
OFF-NOV-10001568,"Novimex Shipping Labels, 5000 Label Set",134.0,48.96,12,0.0
OFF-EN-10001038,"Jiffy Mailers, Set of 50",224.0,48.96,6,0.0
OFF-BI-10004233,"Avery Index Tab, Economy",123.0,49.010999999999996,16,0.02
OFF-FA-10003929,"Accos Rubber Bands, 12 Pack",228.0,49.056,23,0.13333333333333333
OFF-PA-10004569,"Wirebound Message Books, Two 4 1/4"" x 5"" Forms per Page",110.0,49.084500000000006,15,0.03333333333333333
OFF-PA-10002606,Xerox 1928,124.0,49.104,26,0.1
OFF-EN-10001975,"Kraft Business Envelopes, Security-Tint",463.0,49.1112,29,0.06333333333333332
FUR-CH-10000422,Global Highback Leather Tilter in Burgundy,2647.0,49.13459999999999,34,0.14444444444444446
TEC-EPS-10003568,"Epson Receipt Printer, Durable",702.0,49.13999999999999,6,0.0
OFF-LA-10001641,Avery 518,106.0,49.14,35,0.05
OFF-LA-10004744,"Smead Shipping Labels, Alphabetical",205.0,49.14,18,0.0
OFF-PA-10001850,"Eaton Note Cards, Premium",198.0,49.2468,8,0.09000000000000001
OFF-AP-10000615,"KitchenAid Toaster, Silver",287.0,49.3,6,0.20000000000000004
OFF-IBI-10004855,"Ibico Hole Reinforcements, Recycled",228.0,49.35,35,0.17272727272727273
OFF-BI-10001922,Storex Dura Pro Binders,153.0,49.361399999999996,33,0.32
FUR-FU-10000221,"Master Caster Door Stop, Brown",175.0,49.3776,38,0.1111111111111111
TEC-AC-10001765,"Enermax Memory Card, Bluetooth",992.0,49.400000000000006,13,0.0
OFF-ELD-10000024,"Eldon Folders, Blue",741.0,49.428000000000004,49,0.08571428571428572
OFF-IBI-10001640,"Ibico Hole Reinforcements, Economy",125.0,49.452,21,0.19
OFF-PA-10004241,"SanDisk Memo Slips, Premium",223.0,49.472,20,0.06666666666666667
OFF-OIC-10003366,"OIC Staples, Metal",144.0,49.476,14,0.35
OFF-PA-10000587,"Array Parchment Paper, Assorted Colors",107.0,49.504,15,0.05
OFF-BI-10001524,GBC Premium Transparent Covers with Diagonal Lined Pattern,780.0,49.51280000000001,67,0.39999999999999997
TEC-AC-10000151,"SanDisk Flash Drive, Erganomic",330.0,49.64,16,0.16
OFF-PA-10004054,"Green Bar Computer Printout Paper, Recycled",178.0,49.68,6,0.0
OFF-LA-10000738,"Avery File Folder Labels, Adjustable",113.0,49.756,25,0.08571428571428573
TEC-MA-10003674,Hewlett-Packard Deskjet 5550 Printer,597.0,49.761,3,0.4
TEC-NOK-10001058,"Nokia Office Telephone, Full Size",198.0,49.769999999999996,3,0.0
OFF-GRE-10002561,"Green Bar Message Books, Premium",500.0,49.77,21,0.0
OFF-AR-10003727,Berol Giant Pencil Sharpener,255.0,49.7807,17,0.1
OFF-AR-10001468,"Sanford Prismacolor Professional Thick Lead Art Pencils, 36-Color Set",210.0,49.7952,7,0.20000000000000004
TEC-LOG-10001629,"Logitech Mouse, Programmable",185.0,49.86,6,0.0
OFF-SU-10004884,Acme Galleria Hot Forged Steel Scissors with Colored Handles,195.0,49.86409999999999,13,0.06666666666666667
OFF-AR-10000227,"BIC Sketch Pad, Fluorescent",153.0,49.888000000000005,5,0.2
OFF-WIL-10000979,"Wilson Jones Hole Reinforcements, Recycled",242.0,49.89,51,0.08124999999999999
OFF-LA-10003396,"Avery Color Coded Labels, Laser Printer Compatible",528.0,50.0001,46,0.14333333333333334
FUR-FU-10001473,"Eldon Executive Woodline II Desk Accessories, Mahogany",361.0,50.008700000000005,17,0.24
OFF-SU-10003115,"Acme Scissors, Serrated",840.0,50.160000000000004,38,0.0
OFF-BI-10004826,JM Magazine Binder,206.0,50.190400000000004,18,0.21666666666666665
OFF-BI-10000174,"Wilson Jones Clip & Carry Folder Binder Tool for Ring Binders, Clear",192.0,50.228,47,0.2888888888888889
FUR-CH-10001675,"Office Star Steel Folding Chair, Adjustable",1808.0,50.24,35,0.2
OFF-BI-10001598,"Avery Hole Reinforcements, Recycled",119.0,50.292,39,0.05
FUR-FU-10001940,Staples,220.0,50.3072,38,0.27999999999999997
OFF-ACC-10000808,"Acco 3-Hole Punch, Economy",342.0,50.328,12,0.06666666666666667
OFF-PA-10002464,HP Office Recycled Paper (20Lb. and 87 Bright),106.0,50.3438,19,0.05
OFF-ST-10000885,Fellowes Desktop Hanging File Manager,201.0,50.362500000000004,15,0.0
OFF-FA-10002803,"Accos Staples, Metal",254.0,50.370000000000005,23,0.0
FUR-NOV-10004563,"Novimex Bag Chairs, Black",270.0,50.376000000000005,9,0.2333333333333333
TEC-PH-10002350,Apple EarPods with Remote and Mic,252.0,50.382000000000005,10,0.1
TEC-AC-10002335,Logitech Media Keyboard K200,504.0,50.3856,16,0.1
TEC-PH-10004531,AT&T CL2909,755.0,50.395999999999994,8,0.26666666666666666
OFF-AP-10001366,Staples,187.0,50.3982,17,0.0
TEC-PH-10001459,Samsung Galaxy Mega 6.3,672.0,50.3988,2,0.2
TEC-PH-10002564,"Motorola Signal Booster, Full Size",1870.0,50.43899999999999,15,0.19999999999999998
OFF-PA-10004185,"SanDisk Message Books, Recycled",216.0,50.4549,10,0.1425
OFF-AP-10003884,"Fellowes Smart Surge Ten-Outlet Protector, Platinum",181.0,50.5848,3,0.0
FUR-RUB-10000958,"Rubbermaid Light Bulb, Black",196.0,50.616,14,0.15
OFF-AME-10002652,"Ames Peel and Seal, Set of 50",172.0,50.628,12,0.13999999999999999
OFF-BI-10004970,"ACCOHIDE 3-Ring Binder, Blue, 1""",145.0,50.7164,44,0.16153846153846155
OFF-PA-10003333,"Eaton Note Cards, 8.5 x 11",159.0,50.76,6,0.0
OFF-FA-10000038,"Stockwell Clamps, Assorted Sizes",170.0,50.796,13,0.11000000000000001
OFF-PA-10000289,Xerox 213,110.0,50.8032,18,0.06666666666666667
TEC-STA-10004181,"StarTech Inkjet, Durable",1920.0,50.891999999999996,7,0.12
OFF-AR-10000720,"Binney & Smith Markers, Fluorescent",437.0,50.953500000000005,19,0.11375
OFF-ST-10000649,Hanging Personal Folder File,251.0,51.025,17,0.08
OFF-ST-10004186,"Stur-D-Stor Shelving, Vertical 5-Shelf: 72""H x 36""W x 18 1/2""D",2553.0,51.050799999999995,23,0.0
OFF-FA-10001892,"Advantus Clamps, Metal",145.0,51.075,9,0.2
OFF-BI-10002446,"Wilson Jones Binder, Economy",315.0,51.083999999999996,25,0.10000000000000002
FUR-FU-10000305,"Tenex V2T-RE Standard Weight Series Chair Mat, 45"" x 53"", Lip 25"" x 12""",469.0,51.105599999999995,7,0.06666666666666667
OFF-STI-10001651,"Stiletto Shears, Steel",569.0,51.12,12,0.0
FUR-HON-10000029,"Hon Bag Chairs, Black",256.0,51.12,6,0.0
TEC-PH-10001530,Cisco Unified IP Phone 7945G VoIP phone,818.0,51.1485,3,0.2
OFF-BI-10003012,"Wilson Jones Hole Reinforcements, Economy",149.0,51.1986,37,0.1581818181818182
OFF-SU-10004658,"Stiletto Letter Opener, Easy Grip",264.0,51.2,14,0.06666666666666667
TEC-MA-10000366,"Epson Card Printer, Red",111.0,51.24,1,0.0
TEC-MA-10003856,"Okidata Calculator, Red",262.0,51.251999999999995,6,0.16666666666666666
OFF-OIC-10003879,"OIC Clamps, Bulk Pack",131.0,51.282,8,0.35
OFF-FA-10003112,Staples,148.0,51.285000000000004,22,0.14285714285714285
OFF-LA-10003591,"Smead Removable Labels, Laser Printer Compatible",202.0,51.3,21,0.08333333333333333
OFF-STO-10003329,"Stockwell Thumb Tacks, Metal",182.0,51.345,14,0.175
OFF-PA-10004835,"Enermax Computer Printout Paper, Multicolor",120.0,51.36,6,0.0
OFF-ST-10002205,File Shuttle I and Handi-File,262.0,51.42059999999999,13,0.13333333333333333
OFF-LA-10003338,"Novimex Legal Exhibit Labels, Alphabetical",134.0,51.45,14,0.07500000000000001
OFF-AR-10001659,"Boston Markers, Blue",299.0,51.48,19,0.08
OFF-LA-10001934,Avery 516,110.0,51.5355,15,0.0
OFF-BI-10003713,"Wilson Jones Index Tab, Economy",194.0,51.5385,35,0.12666666666666668
OFF-AR-10004153,"Binney & Smith Highlighters, Easy-Erase",123.0,51.558,8,0.12
OFF-PA-10000091,"Xerox Message Books, Premium",136.0,51.6,10,0.0
OFF-LA-10002475,Avery 519,122.0,51.6086,18,0.06666666666666667
FUR-FU-10001090,"Advantus Stacking Tray, Erganomic",245.0,51.66,12,0.125
OFF-PA-10002534,"Green Bar Memo Slips, Multicolor",193.0,51.66,12,0.25
OFF-LA-10000536,"Smead Color Coded Labels, Laser Printer Compatible",143.0,51.9,13,0.16666666666666666
OFF-EN-10000215,"Jiffy Interoffice Envelope, Security-Tint",326.0,52.0,12,0.2
OFF-PA-10003883,"Message Book, Phone, Wirebound Standard Line Memo, 2 3/4"" X 5""",120.0,52.007,19,0.04
OFF-ST-10003996,"Letter/Legal File Tote with Clear Snap-On Lid, Black Granite",218.0,52.0344,14,0.05
OFF-LA-10000658,"Avery Shipping Labels, 5000 Label Set",264.0,52.0416,27,0.13166666666666668
OFF-SU-10001586,"Kleencut Trimmer, Steel",327.0,52.08,8,0.0
OFF-EN-10002312,#10 Self-Seal White Envelopes,109.0,52.123,10,0.05
OFF-FA-10002247,"Stockwell Rubber Bands, Metal",304.0,52.195499999999996,21,0.11750000000000001
TEC-AC-10003487,"Enermax Mouse, Erganomic",1009.0,52.230000000000004,27,0.016666666666666666
OFF-PA-10002479,Xerox 4200 Series MultiUse Premium Copy Paper (20Lb. and 84 Bright),138.0,52.272,30,0.07500000000000001
OFF-BI-10002684,"Avery Hole Reinforcements, Clear",138.0,52.2855,42,0.11100000000000002
OFF-SAN-10003644,"Sanford Markers, Blue",692.0,52.29,34,0.14999999999999997
OFF-KRA-10002406,"Kraft Interoffice Envelope, with clear poly window",236.0,52.30199999999999,6,0.25999999999999995
OFF-AP-10004248,"Hoover Toaster, White",164.0,52.32,2,0.0
TEC-PH-10004700,PowerGen Dual USB Car Charger,128.0,52.3476,14,0.1
OFF-EN-10001141,"Manila Recycled Extra-Heavyweight Clasp Envelopes, 6"" x 9""",126.0,52.3746,13,0.15000000000000002
TEC-AC-10000303,Logitech M510 Wireless Mouse,240.0,52.3869,7,0.13333333333333333
OFF-PA-10000357,"Eaton Memo Slips, Recycled",128.0,52.387499999999996,11,0.1375
OFF-AP-10003912,"Hoover Blender, Silver",175.0,52.446,2,0.1
OFF-BI-10004233,"GBC Pre-Punched Binding Paper, Plastic, White, 8-1/2"" x 11""",311.0,52.447199999999995,31,0.2875
OFF-AP-10000891,Kensington 7 Outlet MasterPiece HOMEOFFICE Power Control Center,786.0,52.44799999999999,8,0.25
FUR-FU-10000719,"DAX Cubicle Frames, 8-1/2 x 11",146.0,52.4484,17,0.0
OFF-LA-10003435,"Harbour Creations File Folder Labels, Laser Printer Compatible",246.0,52.473299999999995,34,0.127
OFF-SU-10004446,"Acme Ruler, Steel",294.0,52.476,30,0.06666666666666667
FUR-FU-10000010,"DAX Value U-Channel Document Frames, Easel Back",177.0,52.4832,36,0.06
OFF-PA-10000349,Staples,119.0,52.539,25,0.044444444444444446
OFF-KIT-10001791,"KitchenAid Refrigerator, White",842.0,52.60800000000003,3,0.35
OFF-ST-10001228,"Fellowes Personal Hanging Folder Files, Navy",285.0,52.6456,24,0.1
OFF-SAN-10003660,"SanDisk Computer Printout Paper, Multicolor",405.0,52.65,13,0.0
OFF-SME-10001149,"Smead Folders, Single Width",310.0,52.709999999999994,21,0.11666666666666665
TEC-AC-10004420,Cherry 142-key Programmable Keyboard,480.0,52.7692,4,0.0
OFF-PA-10004998,"Green Bar Parchment Paper, Multicolor",175.0,52.775999999999996,15,0.05
TEC-AC-10004708,Sony 32GB Class 10 Micro SDHC R40 Memory Card,252.0,52.794,12,0.0
FUR-FU-10000794,"Eldon Stackable Tray, Side-Load, Legal, Smoke",154.0,52.8292,17,0.0
OFF-FA-10000974,"Stockwell Paper Clips, Bulk Pack",188.0,52.854,16,0.18333333333333335
OFF-PA-10003363,Xerox 204,109.0,52.8768,17,0.0
OFF-AR-10003685,"Stanley Canvas, Water Color",358.0,52.88,11,0.13333333333333333
OFF-LA-10003766,Self-Adhesive Removable Labels,110.0,52.92,35,0.0
TEC-ENE-10002744,"Enermax Numeric Keypad, Bluetooth",230.0,52.92,4,0.0
OFF-AR-10003816,"Binney & Smith Highlighters, Easy-Erase",258.0,53.019999999999996,25,0.1142857142857143
OFF-AP-10003217,Eureka Sanitaire  Commercial Upright,1524.0,53.02719999999999,12,0.3333333333333333
TEC-MOT-10000939,"Motorola Speaker Phone, Cordless",1062.0,53.04,8,0.0
OFF-EN-10002896,"Jiffy Business Envelopes, Set of 50",270.0,53.04,22,0.06666666666666667
OFF-SU-10002362,"Acme Ruler, Serrated",249.0,53.0919,20,0.1175
OFF-SU-10004452,"Elite Ruler, Steel",198.0,53.099999999999994,15,0.0
OFF-NOV-10000512,"Novimex Color Coded Labels, Adjustable",112.0,53.129999999999995,11,0.0
OFF-ADV-10000308,"Advantus Push Pins, 12 Pack",152.0,53.13,11,0.0
OFF-PA-10001166,Xerox 2,138.0,53.135999999999996,25,0.15555555555555556
OFF-ACM-10001112,"Acme Shears, Steel",148.0,53.19,3,0.0
OFF-ST-10004296,"Smead Folders, Industrial",372.0,53.199,23,0.125
TEC-KON-10002194,"Konica Printer, White",612.0,53.205,3,0.2333333333333333
TEC-AC-10003499,Memorex Mini Travel Drive 8 GB USB 2.0 Flash Drive,195.0,53.268,20,0.16
OFF-STI-10001171,"Stiletto Letter Opener, Easy Grip",114.0,53.28,4,0.0
OFF-SU-10001368,"Fiskars Ruler, Serrated",148.0,53.35999999999999,22,0.2
OFF-ST-10001031,Adjustable Personal File Tote,270.0,53.3984,18,0.08
OFF-PA-10004531,"SanDisk Note Cards, 8.5 x 11",198.0,53.4,10,0.0
OFF-SME-10000018,"Smead Round Labels, Laser Printer Compatible",183.0,53.4,29,0.2
OFF-CUI-10001060,"Cuisinart Toaster, Red",234.0,53.42400000000001,5,0.15
OFF-FIS-10004183,"Fiskars Scissors, Serrated",119.0,53.46,6,0.0
TEC-PH-10002119,"Samsung Headset, Full Size",446.0,53.46,6,0.0
OFF-AR-10001860,BIC Liqua Brite Liner,175.0,53.576800000000006,27,0.06666666666666667
OFF-ADV-10002299,"Advantus Rubber Bands, 12 Pack",229.0,53.586000000000006,15,0.13999999999999999
OFF-AP-10002697,"Breville Coffee Grinder, Red",206.0,53.6,5,0.0
OFF-EN-10000648,"Jiffy Peel and Seal, with clear poly window",283.0,53.64,12,0.0
OFF-AP-10001962,Black & Decker Filter for Double Action Dustbuster Cordless Vac BLDV7210,230.0,53.696,28,0.03333333333333333
OFF-SU-10004461,"Stiletto Box Cutter, High Speed",328.0,53.727000000000004,10,0.15
TEC-AC-10001383,Logitech Wireless Touch Keyboard K400,365.0,53.7285,15,0.06666666666666667
OFF-PA-10001471,Strathmore Photo Frame Cards,118.0,53.8016,16,0.0
OFF-AR-10003514,4009 Highlighters by Sanford,172.0,53.8096,44,0.05
OFF-SU-10002550,"Kleencut Scissors, Steel",255.0,53.856,22,0.14285714285714285
TEC-CO-10001839,"Hewlett Fax and Copier, Laser",1148.0,53.8965,7,0.15
OFF-BI-10003934,"Acco Binding Machine, Clear",996.0,53.92,35,0.19999999999999998
OFF-AR-10004373,"Boston Markers, Water Color",272.0,53.92,17,0.16666666666666666
OFF-LA-10004132,"Smead Color Coded Labels, Alphabetical",129.0,54.0,10,0.0
FUR-ELD-10003802,"Eldon Door Stop, Duo Pack",331.0,54.01199999999999,8,0.175
OFF-BI-10000171,"Wilson Jones Index Tab, Recycled",266.0,54.03,43,0.09090909090909091
OFF-PA-10000174,"Message Book, Wirebound, Four 5 1/2"" X 4"" Forms/Pg., 200 Dupl. Sets/Book",152.0,54.0728,18,0.16666666666666666
OFF-EN-10003463,"Jiffy Peel and Seal, Recycled",261.0,54.0747,18,0.30666666666666664
OFF-PA-10001593,Xerox 1947,136.0,54.119,25,0.08
OFF-AP-10000775,"Breville Blender, Silver",334.0,54.138000000000005,5,0.3
OFF-TEN-10001585,"Tenex Box, Single Width",184.0,54.150000000000006,14,0.15
OFF-ENE-10002922,"Enermax Note Cards, Premium",543.0,54.150000000000006,19,0.0
FUR-FU-10003826,"Eldon Door Stop, Duo Pack",151.0,54.18,3,0.0
TEC-STA-10004536,"StarTech Inkjet, Wireless",1812.0,54.18,6,0.0
TEC-PH-10004901,"Nokia Office Telephone, Cordless",1516.0,54.18800000000001,35,0.04
OFF-FA-10003779,"Stockwell Paper Clips, Assorted Sizes",170.0,54.2391,14,0.20800000000000002
FUR-DAN-10002741,"Dania Corner Shelving, Pine",494.0,54.24,4,0.0
FUR-BO-10000533,"Dania Corner Shelving, Pine",494.0,54.24,4,0.0
OFF-EN-10003352,"Kraft Manila Envelope, with clear poly window",200.0,54.32,14,0.30000000000000004
TEC-MA-10001966,"Epson Card Printer, Durable",340.0,54.42,2,0.0
TEC-MA-10002155,"Panasonic Receipt Printer, Durable",605.0,54.45,5,0.0
OFF-LA-10004148,"Smead File Folder Labels, 5000 Label Set",120.0,54.452999999999996,13,0.025
FUR-FU-10004483,"Deflect-O Light Bulb, Durable",142.0,54.468,11,0.22499999999999998
TEC-EPS-10002920,"Epson Printer, Red",260.0,54.54,1,0.0
OFF-FA-10000179,"Advantus Paper Clips, Metal",228.0,54.57,17,0.0
FUR-CH-10002961,"Leather Task Chair, Black",1438.0,54.588,19,0.20000000000000004
OFF-LA-10004484,Avery 476,138.0,54.5986,37,0.08
OFF-FA-10004824,"Stockwell Rubber Bands, Bulk Pack",324.0,54.6,20,0.0
OFF-HAR-10000187,"Harbour Creations Color Coded Labels, Alphabetical",119.0,54.696,10,0.175
OFF-EN-10004120,"Jiffy Peel and Seal, Set of 50",250.0,54.735,13,0.1
OFF-FA-10000294,"Advantus Clamps, Metal",399.0,54.7719,24,0.22714285714285712
OFF-FA-10004298,"Stockwell Staples, Bulk Pack",157.0,54.774,15,0.07833333333333332
TEC-PH-10000702,"Square Credit Card Reader, 4 1/2"" x 4 1/2"" x 1"", White",198.0,54.8451,27,0.2
FUR-BO-10004483,"Ikea Floating Shelf Set, Pine",1236.0,54.888,8,0.1
OFF-ST-10000095,"Fellowes File Cart, Industrial",6049.0,54.98099999999999,50,0.14615384615384616
OFF-ST-10001597,"Tenex Box, Single Width",156.0,55.062,11,0.2
OFF-LA-10002945,"Permanent Self-Adhesive File Folder Labels for Typewriters, 1 1/8 x 3 1/2, White",153.0,55.062,29,0.13333333333333333
OFF-HAM-10001107,"Hamilton Beach Refrigerator, Silver",501.0,55.08,1,0.0
FUR-FU-10003986,"Rubbermaid Door Stop, Black",237.0,55.080000000000005,6,0.09999999999999999
FUR-FU-10003976,"DAX Executive Solid Wood Document Frame, Desktop or Hang, Mahogany, 5 x 7",196.0,55.1004,17,0.04
OFF-SU-10003483,"Fiskars Letter Opener, Easy Grip",239.0,55.1394,10,0.12333333333333334
OFF-SU-10004361,"Kleencut Trimmer, High Speed",607.0,55.13999999999999,25,0.08571428571428572
FUR-FU-10002185,"Eldon Photo Frame, Durable",110.0,55.14,2,0.0
OFF-STI-10002262,"Stiletto Box Cutter, High Speed",252.0,55.230000000000004,7,0.0
OFF-BI-10002215,"Wilson Jones Hanging View Binder, White, 1""",143.0,55.238,23,0.1142857142857143
OFF-BI-10003982,Wilson Jones Century Plastic Molded Ring Binders,585.0,55.2482,48,0.37
OFF-ST-10004258,Portable Personal File Box,226.0,55.3113,19,0.03333333333333333
OFF-PA-10000246,Riverleaf Stik-Withit Designer Note Cubes,136.0,55.33,15,0.08
OFF-LA-10004894,"Hon Shipping Labels, Alphabetical",172.0,55.3536,19,0.20666666666666667
OFF-AR-10001683,Lumber Crayons,172.0,55.357,19,0.13333333333333333
OFF-AP-10003099,"Eureka Hand Vacuum, Bagless",198.0,55.3616,4,0.0
OFF-AP-10001563,Belkin Premiere Surge Master II 8-outlet surge protector,951.0,55.38119999999999,26,0.27142857142857146
OFF-CAM-10002159,"Cameo Manila Envelope, with clear poly window",180.0,55.385999999999996,8,0.27999999999999997
FUR-FU-10000251,"Deflect-O Door Stop, Duo Pack",206.0,55.44,7,0.0
OFF-HAR-10003580,"Harbour Creations Legal Exhibit Labels, Alphabetical",130.0,55.44,12,0.0
OFF-SAN-10000844,"SanDisk Parchment Paper, Recycled",349.0,55.440000000000005,21,0.0
OFF-BI-10003460,Acco 3-Hole Punch,140.0,55.5384,36,0.23333333333333334
OFF-BI-10002627,"Avery Binder Covers, Economy",140.0,55.568999999999996,13,0.03333333333333333
OFF-EN-10004958,"Cameo Manila Envelope, Security-Tint",295.0,55.644000000000005,12,0.194
OFF-ST-10000016,"Eldon Folders, Blue",231.0,55.6572,15,0.085
OFF-GLO-10000617,"GlobeWeis Peel and Seal, Recycled",129.0,55.716,7,0.3
TEC-CO-10001487,"Canon Ink, Digital",1101.0,55.725,8,0.08333333333333333
FUR-FU-10003691,"Eldon Image Series Desk Accessories, Ebony",180.0,55.821999999999996,18,0.16
TEC-AC-10003334,"Logitech Numeric Keypad, Programmable",431.0,55.89,9,0.0
OFF-PA-10004040,Universal Premium White Copier/Laser Paper (20Lb. and 87 Bright),129.0,55.9728,24,0.08
TEC-MA-10002790,NeatDesk Desktop Scanner & Digital Filing System,480.0,55.9986,2,0.4
FUR-FU-10002088,Nu-Dell Float Frame 11 x 14 1/2,170.0,56.0352,22,0.17142857142857143
OFF-EN-10003231,"Jiffy Business Envelopes, Set of 50",389.0,56.04,21,0.04
OFF-ACC-10002849,"Acco 3-Hole Punch, Clear",624.0,56.06999999999999,23,0.18181818181818182
FUR-CH-10003883,"Office Star Swivel Stool, Set of Two",2020.0,56.092,19,0.06666666666666667
OFF-AR-10000740,"Binney & Smith Pens, Easy-Erase",122.0,56.1,15,0.0
FUR-FU-10002597,"C-Line Magnetic Cubicle Keepers, Clear Polypropylene",138.0,56.1184,28,0.028571428571428574
TEC-PH-10000647,"Samsung Office Telephone, VoIP",242.0,56.126999999999995,4,0.075
OFF-NOV-10000141,"Novimex Round Labels, 5000 Label Set",120.0,56.16,18,0.0
OFF-PA-10002870,"Ampad Phone Message Book, Recycled, 400 Message Capacity, 5 ¾” x 11”",123.0,56.16,20,0.0
FUR-FU-10000246,Aluminum Document Frame,243.0,56.211999999999996,22,0.08
OFF-ST-10001172,"Tennsco Lockers, Sand",408.0,56.2264,22,0.12000000000000002
OFF-AR-10004900,"Boston Canvas, Easy-Erase",1324.0,56.2314,29,0.18222222222222223
OFF-PA-10001534,Xerox 230,127.0,56.2464,21,0.08
FUR-FU-10004689,"Advantus Light Bulb, Duo Pack",281.0,56.28,14,0.0
FUR-FU-10003975,Eldon Advantage Chair Mats for Low to Medium Pile Carpets,563.0,56.303000000000004,13,0.0
OFF-PA-10001878,"Enermax Cards & Envelopes, Premium",471.0,56.4,15,0.0
OFF-FA-10001337,"Stockwell Staples, Assorted Sizes",133.0,56.416,27,0.1142857142857143
TEC-CAN-10002337,"Canon Ink, Color",298.0,56.46,2,0.0
TEC-KON-10002482,"Konica Phone, Red",492.0,56.465999999999994,9,0.31666666666666665
OFF-PA-10001569,Xerox 232,119.0,56.505599999999994,19,0.05
OFF-AR-10001074,"Sanford Highlighters, Blue",189.0,56.519999999999996,12,0.0
FUR-CH-10003981,Global Commerce Series Low-Back Swivel/Tilt Chairs,3341.0,56.5356,18,0.26666666666666666
OFF-FA-10002350,"OIC Staples, Assorted Sizes",150.0,56.61,17,0.0
OFF-HOO-10001881,"Hoover Stove, White",1134.0,56.64,2,0.0
TEC-CIS-10003439,"Cisco Headset, VoIP",1417.0,56.64,16,0.0
OFF-AP-10004453,"Hoover Toaster, White",436.0,56.64,8,0.0
OFF-EN-10003748,"Ames Mailers, with clear poly window",177.0,56.654999999999994,6,0.25
OFF-AR-10003630,"Stanley Sketch Pad, Easy-Erase",1252.0,56.670000000000016,33,0.16666666666666666
OFF-AR-10000452,"Boston Pencil Sharpener, Fluorescent",406.0,56.7,14,0.0
OFF-LA-10002486,"Harbour Creations Legal Exhibit Labels, Adjustable",124.0,56.7,14,0.0
OFF-BI-10000928,"Ibico Binder, Clear",152.0,56.7504,12,0.16166666666666665
OFF-STI-10004202,"Stiletto Scissors, Steel",308.0,56.754,14,0.09999999999999999
OFF-HAR-10001262,"Harbour Creations Removable Labels, Adjustable",191.0,56.796,21,0.16249999999999998
FUR-FU-10000921,"Advantus Door Stop, Erganomic",1170.0,56.82,28,0.05
OFF-LA-10003610,"Avery Removable Labels, 5000 Label Set",264.0,56.832300000000004,29,0.15285714285714283
OFF-AR-10001952,"BIC Canvas, Easy-Erase",491.0,56.967299999999994,11,0.1925
OFF-AR-10001495,"BIC Sketch Pad, Blue",687.0,57.008,24,0.13333333333333333
OFF-BI-10000829,Avery Non-Stick Binders,142.0,57.022999999999996,35,0.1142857142857143
OFF-PA-10004621,Xerox 212,140.0,57.024,25,0.1142857142857143
OFF-AP-10004708,Fellowes Superior 10 Outlet Split Surge Protector,867.0,57.089999999999996,30,0.2666666666666667
OFF-BI-10003152,"Avery Hole Reinforcements, Recycled",134.0,57.12,28,0.0
FUR-FU-10000295,"Advantus Light Bulb, Durable",239.0,57.120000000000005,14,0.0
OFF-SU-10000150,"Stiletto Ruler, Steel",115.0,57.120000000000005,8,0.0
TEC-CO-10001234,"Canon Fax Machine, Digital",2919.0,57.215399999999995,15,0.06866666666666667
FUR-TA-10001289,"Lesro Conference Table, Fully Assembled",458.0,57.26,1,0.2
OFF-ST-10002505,"Tenex Box, Wire Frame",311.0,57.2772,25,0.1442857142857143
FUR-BUS-10000984,"Bush 3-Shelf Cabinet, Traditional",616.0,57.29100000000001,5,0.35
OFF-KIT-10001040,"KitchenAid Coffee Grinder, Black",140.0,57.3,2,0.0
TEC-AC-10000991,Sony Micro Vault Click 8 GB USB 2.0 Flash Drive,583.0,57.3278,13,0.05
OFF-STO-10003082,"Stockwell Staples, Assorted Sizes",148.0,57.36,19,0.12
OFF-FA-10004533,"Stockwell Staples, Metal",163.0,57.396,27,0.08571428571428572
TEC-CO-10001952,"Hewlett Personal Copier, Digital",648.0,57.495,5,0.1
OFF-BI-10004965,Ibico Covers for Plastic or Wire Binding Elements,186.0,57.5,20,0.2285714285714286
OFF-EN-10002630,"Ames Business Envelopes, Recycled",167.0,57.63,13,0.03333333333333333
TEC-CO-10003597,"Brother Copy Machine, High-Speed",525.0,57.66,2,0.0
TEC-AC-10001312,"Logitech Numeric Keypad, Erganomic",808.0,57.711600000000004,25,0.11399999999999999
OFF-PA-10004438,Xerox 1907,123.0,57.716,10,0.0
TEC-MA-10002722,"Epson Receipt Printer, Wireless",156.0,57.72,2,0.0
OFF-BI-10000070,"Wilson Jones 3-Hole Punch, Clear",187.0,57.739999999999995,11,0.1
FUR-BO-10002423,"Safco Floating Shelf Set, Mobile",1048.0,57.7476,7,0.22999999999999998
OFF-LA-10001265,"Hon File Folder Labels, Alphabetical",151.0,57.78,18,0.0
OFF-ST-10000886,"Smead Lockers, Wire Frame",2713.0,57.79599999999999,21,0.05
FUR-ADV-10003147,"Advantus Stacking Tray, Erganomic",186.0,57.84,8,0.0
TEC-MA-10000888,"Okidata Phone, White",336.0,57.916000000000004,8,0.2333333333333333
OFF-BI-10001900,"Wilson Jones Binder Covers, Clear",283.0,57.945,28,0.045454545454545456
TEC-AC-10001243,"Enermax Mouse, Bluetooth",484.0,57.96,12,0.0
FUR-CH-10003143,"Harbour Creations Bag Chairs, Black",118.0,57.96,2,0.0
TEC-MA-10003332,"Panasonic Receipt Printer, Durable",726.0,57.96,9,0.0
OFF-ST-10004702,"Eldon Box, Single Width",295.0,57.996,32,0.1111111111111111
TEC-AC-10002345,HP Standard 104 key PS/2 Keyboard,276.0,58.0,20,0.06666666666666667
OFF-LA-10001677,"Avery Color Coded Labels, Adjustable",125.0,58.008,17,0.06666666666666667
OFF-ST-10000344,"Neat Ideas Personal Hanging Folder Files, Black",276.0,58.0176,22,0.1142857142857143
FUR-DAN-10001557,"Dania Floating Shelf Set, Pine",171.0,58.02,1,0.0
FUR-CH-10000790,"Hon Chairmat, Adjustable",116.0,58.02,2,0.0
FUR-FU-10000771,"Eldon 200 Class Desk Accessories, Smoke",138.0,58.0272,22,0.0
OFF-SAN-10003318,"SanDisk Memo Slips, Premium",153.0,58.050000000000004,9,0.0
OFF-ST-10003172,"Eldon Box, Wire Frame",149.0,58.08,24,0.0
OFF-FIS-10000628,"Fiskars Ruler, Easy Grip",176.0,58.08,11,0.0
FUR-BO-10001507,"Ikea Library with Doors, Traditional",485.0,58.12,2,0.0
FUR-OFF-10002740,"Office Star Steel Folding Chair, Set of Two",479.0,58.146000000000015,7,0.32499999999999996
OFF-FA-10001551,"Stockwell Thumb Tacks, 12 Pack",197.0,58.149,16,0.02
FUR-SAF-10002121,"SAFCO Rocking Chair, Black",529.0,58.2,4,0.0
OFF-AR-10000780,"BIC Highlighters, Easy-Erase",219.0,58.212,13,0.15666666666666668
OFF-EN-10001997,"GlobeWeis Business Envelopes, with clear poly window",206.0,58.224,10,0.025
OFF-AP-10000358,Fellowes Basic Home/Office Series Surge Protectors,437.0,58.2802,41,0.13333333333333336
OFF-LA-10004538,"Harbour Creations Legal Exhibit Labels, Laser Printer Compatible",187.0,58.3,28,0.08571428571428573
TEC-AC-10002305,KeyTronic E03601U1 - Keyboard - Beige,324.0,58.32,18,0.0
OFF-TEN-10002817,"Tenex Folders, Blue",274.0,58.33800000000001,14,0.15555555555555556
TEC-MA-10003796,"Konica Calculator, Durable",332.0,58.3575,8,0.14
OFF-LA-10003283,"Hon File Folder Labels, 5000 Label Set",158.0,58.365,22,0.125
OFF-ST-10004996,"Tenex Trays, Blue",2158.0,58.398,49,0.17857142857142858
OFF-SU-10004283,"Elite Shears, Steel",255.0,58.455000000000005,8,0.25
TEC-PH-10001433,Cisco Small Business SPA 502G VoIP phone,882.0,58.4649,11,0.25
OFF-SU-10000343,"Stiletto Trimmer, Serrated",986.0,58.5,25,0.0
OFF-ST-10004050,"Fellowes Folders, Blue",158.0,58.5,6,0.0
OFF-FA-10002358,"Accos Push Pins, 12 Pack",139.0,58.5,15,0.0
OFF-EN-10000315,"Jiffy Business Envelopes, Security-Tint",395.0,58.5108,26,0.09499999999999999
OFF-BI-10004728,Wilson Jones Turn Tabs Binder Tool for Ring Binders,213.0,58.5148,59,0.2692307692307692
TEC-APP-10001108,"Apple Headset, with Caller ID",682.0,58.518,10,0.175
TEC-AC-10002455,"Logitech Flash Drive, Programmable",646.0,58.542,27,0.20000000000000004
OFF-AP-10000528,"Breville Blender, Black",335.0,58.548,7,0.20000000000000004
OFF-FA-10003977,"Stockwell Rubber Bands, 12 Pack",132.0,58.616,13,0.06666666666666667
TEC-MA-10002464,"Panasonic Printer, Durable",480.0,58.638,2,0.1
OFF-EN-10000871,"Ames Interoffice Envelope, Set of 50",226.0,58.65,5,0.0
OFF-AR-10003179,Dixon Ticonderoga Core-Lock Colored Pencils,230.0,58.6684,28,0.1142857142857143
TEC-AC-10002122,"Belkin Keyboard, Erganomic",980.0,58.67999999999999,12,0.0
OFF-PA-10002514,"Xerox Memo Slips, Premium",318.0,58.722,28,0.21000000000000002
TEC-MA-10001991,"Konica Calculator, White",488.0,58.7304,11,0.12333333333333334
FUR-FU-10002069,"Advantus Door Stop, Durable",190.0,58.769999999999996,5,0.1
OFF-STA-10003027,"Stanley Highlighters, Easy-Erase",261.0,58.878,21,0.08571428571428572
TEC-AC-10004880,"Logitech Keyboard, Programmable",1258.0,58.89,18,0.1
FUR-DEF-10004355,"Deflect-O Clock, Duo Pack",655.0,58.89,13,0.0
OFF-BI-10004632,GBC Binding covers,138.0,58.9225,11,0.06666666666666667
OFF-ST-10002444,Recycled Eldon Regeneration Jumbo File,237.0,58.944,20,0.03333333333333333
TEC-CO-10000269,"HP Ink, Laser",2692.0,59.004,22,0.06714285714285714
TEC-AC-10004393,"Belkin Flash Drive, Programmable",348.0,59.04,8,0.0
OFF-BI-10001191,Canvas Sectional Post Binders,423.0,59.0672,28,0.3333333333333333
OFF-SME-10003530,"Smead Lockers, Wire Frame",1854.0,59.10600000000002,10,0.075
OFF-PA-10002250,Things To Do Today Pad,138.0,59.1696,26,0.1142857142857143
FUR-FU-10003464,"Seth Thomas 8 1/2"" Cubicle Clock",212.0,59.217600000000004,11,0.05
OFF-PA-10003920,"Xerox Parchment Paper, Premium",187.0,59.22,14,0.0
OFF-FA-10000621,"OIC Colored Binder Clips, Assorted Sizes",139.0,59.284800000000004,44,0.08571428571428573
OFF-AR-10002818,Panasonic KP-310 Heavy-Duty Electric Pencil Sharpener,198.0,59.346000000000004,9,0.0
FUR-FU-10001507,"Rubbermaid Light Bulb, Duo Pack",321.0,59.355,20,0.11166666666666668
OFF-PA-10002036,Xerox 1930,138.0,59.3568,24,0.12000000000000002
OFF-PA-10000312,Xerox 1955,182.0,59.384,10,0.2
OFF-ST-10004382,"Tenex Folders, Industrial",284.0,59.4,12,0.0
OFF-ROG-10003733,"Rogers Folders, Wire Frame",856.0,59.412,30,0.12999999999999998
OFF-FA-10004175,"Stockwell Push Pins, Assorted Sizes",177.0,59.445,18,0.1
TEC-PH-10004970,"Nokia Headset, Full Size",248.0,59.5,5,0.0
OFF-ST-10004946,Desktop 3-Pocket Hot File,259.0,59.510000000000005,5,0.1
OFF-ST-10004748,"Smead Lockers, Blue",397.0,59.52,2,0.0
OFF-ST-10000136,Letter Size File,341.0,59.55,10,0.1
OFF-CAR-10001428,"Cardinal Index Tab, Durable",182.0,59.556,29,0.18
OFF-FA-10004664,"Advantus Push Pins, Bulk Pack",186.0,59.5569,14,0.16749999999999998
TEC-PH-10000358,"Samsung Headset, with Caller ID",1353.0,59.568,19,0.0425
OFF-PA-10004041,"It's Hot Message Books with Stickers, 2 3/4"" x 5""",163.0,59.57,25,0.13333333333333333
OFF-AR-10004344,Bulldog Vacuum Base Pencil Sharpener,331.0,59.5903,31,0.10000000000000002
OFF-EN-10004909,"GlobeWeis Peel and Seal, Recycled",185.0,59.608000000000004,17,0.2
OFF-PA-10000867,"SanDisk Message Books, Multicolor",300.0,59.616,19,0.10000000000000002
OFF-SU-10003629,"Fiskars Letter Opener, Easy Grip",603.0,59.688,36,0.1142857142857143
OFF-BI-10000320,GBC Plastic Binding Combs,173.0,59.778000000000006,30,0.26
TEC-AC-10001688,"Enermax Keyboard, Programmable",781.0,59.792,14,0.04
OFF-PA-10001758,"Enermax Note Cards, Premium",677.0,59.85,24,0.016666666666666666
OFF-AP-10001905,"KitchenAid Toaster, White",615.0,59.8656,8,0.10666666666666667
OFF-EN-10002850,"Ames Manila Envelope, Recycled",234.0,59.94,12,0.125
OFF-EN-10001491,"Jiffy Interoffice Envelope, Set of 50",841.0,59.994,21,0.15
TEC-PH-10001299,Polycom CX300 Desktop Phone USB VoIP phone,1680.0,59.995999999999995,15,0.2
OFF-LA-10000471,"Smead Shipping Labels, 5000 Label Set",172.0,60.0,17,0.1425
TEC-PH-10004940,"Nokia Signal Booster, with Caller ID",546.0,60.0,4,0.0
OFF-LA-10002875,"Novimex Shipping Labels, Adjustable",196.0,60.06,22,0.0
OFF-KLE-10001644,"Kleencut Trimmer, Steel",507.0,60.132000000000005,13,0.08571428571428572
OFF-FA-10000624,OIC Binder Clips,128.0,60.144,38,0.028571428571428574
FUR-FU-10000975,"Eldon Clock, Black",285.0,60.168000000000006,10,0.24000000000000005
TEC-MA-10003173,Hewlett-Packard 300S Scientific Calculator,131.0,60.306,10,0.0
FUR-ADV-10000002,"Advantus Photo Frame, Duo Pack",159.0,60.39,3,0.0
OFF-PA-10002893,"Wirebound Service Call Books, 5 1/2"" x 4""",125.0,60.4032,13,0.0
OFF-AP-10004859,Acco 6 Outlet Guardian Premium Surge Suppressor,433.0,60.424,35,0.1625
FUR-FU-10004864,Eldon 500 Class Desk Accessories,197.0,60.4707,17,0.06666666666666667
OFF-SU-10004899,"Acme Scissors, Easy Grip",252.0,60.480000000000004,14,0.0
OFF-SAN-10004746,"Sanford Highlighters, Fluorescent",189.0,60.501,13,0.2111111111111111
OFF-PA-10000300,Xerox 1936,156.0,60.5394,9,0.13333333333333333
OFF-BI-10000769,"Ibico Binder Covers, Clear",262.0,60.599999999999994,32,0.05
OFF-AP-10001891,"Cuisinart Coffee Grinder, Black",380.0,60.599999999999994,10,0.0
OFF-ST-10000718,"Fellowes Folders, Single Width",263.0,60.6,15,0.0
OFF-PA-10004451,Xerox 222,132.0,60.6528,22,0.08571428571428573
OFF-PA-10004285,Xerox 1959,133.0,60.6544,21,0.06666666666666667
OFF-EN-10001443,"Jiffy Business Envelopes, Recycled",192.0,60.656,22,0.10000000000000002
OFF-PA-10003899,"SanDisk Memo Slips, Premium",420.0,60.705600000000004,32,0.17099999999999999
OFF-EN-10004892,"Ames Manila Envelope, with clear poly window",244.0,60.7095,11,0.235
OFF-EN-10004755,"Cameo Business Envelopes, Set of 50",225.0,60.72,11,0.0
OFF-WIL-10003299,"Wilson Jones Binding Machine, Recycled",1599.0,60.76800000000001,35,0.14615384615384613
OFF-BI-10000042,"Cardinal Index Tab, Clear",189.0,60.78,27,0.05555555555555555
OFF-GRE-10004054,"Green Bar Memo Slips, Multicolor",260.0,60.792,17,0.175
FUR-OFF-10003104,"Office Star Bag Chairs, Red",461.0,60.822,9,0.2333333333333333
OFF-BI-10002681,"Ibico Binder, Clear",170.0,60.86,17,0.0
FUR-TA-10000593,"Chromcraft Training Table, Fully Assembled",304.0,60.864,2,0.2
OFF-AR-10003466,"Binney & Smith Highlighters, Easy-Erase",245.0,60.87,17,0.14285714285714285
TEC-PH-10002138,"Apple Audio Dock, Cordless",1934.0,60.876000000000005,12,0.05000000000000001
OFF-BI-10004712,"Cardinal Hole Reinforcements, Clear",140.0,60.9,30,0.05
OFF-PA-10001800,Xerox 220,144.0,60.912,25,0.1
OFF-PA-10001838,"Adams Telephone Message Book W/Dividers/Space For Phone Numbers, 5 1/4""X8 1/2"", 300/Messages",135.0,60.916799999999995,24,0.04
OFF-GRE-10003316,"Green Bar Parchment Paper, Recycled",133.0,60.96,8,0.0
FUR-CH-10004219,"Office Star Bag Chairs, Red",644.0,60.984,21,0.20000000000000004
TEC-PH-10001428,"Motorola Headset, VoIP",1244.0,60.9948,17,0.07833333333333334
FUR-FU-10002335,"Rubbermaid Light Bulb, Durable",358.0,61.005900000000004,26,0.16999999999999998
OFF-AR-10004138,"Stanley Pens, Easy-Erase",271.0,61.032,31,0.20142857142857146
TEC-CO-10000082,"Canon Fax and Copier, Digital",1251.0,61.059,7,0.075
FUR-TA-10001664,"Chromcraft Conference Table, with Bottom Storage",873.0,61.08,1,0.0
FUR-FU-10002157,Artistic Insta-Plaque,157.0,61.152,10,0.0
TEC-MA-10004684,"StarTech Phone, White",340.0,61.18000000000001,7,0.0
FUR-FU-10000140,"Advantus Clock, Black",791.0,61.206,30,0.26
OFF-SU-10002521,"Kleencut Box Cutter, Steel",208.0,61.24,10,0.1
OFF-AP-10000335,"Cuisinart Microwave, Red",501.0,61.248,2,0.1
OFF-BI-10000777,"Ibico Binder Covers, Clear",356.0,61.281,28,0.025
OFF-ST-10003020,"Tenex Lockers, Industrial",2210.0,61.28399999999999,14,0.19833333333333333
OFF-BI-10004250,"Cardinal 3-Hole Punch, Recycled",248.0,61.29,9,0.05
OFF-LA-10003422,"Smead Color Coded Labels, Alphabetical",173.0,61.316,25,0.13333333333333333
OFF-SU-10001894,"Elite Scissors, Steel",307.0,61.379999999999995,23,0.06666666666666667
OFF-FA-10004839,"Accos Clamps, Metal",277.0,61.38,16,0.09
OFF-EN-10001990,Staples,129.0,61.400800000000004,23,0.0
FUR-FU-10001095,DAX Black Cherry Wood-Tone Poster Frame,455.0,61.433600000000006,24,0.22499999999999998
OFF-PA-10000743,Xerox 1977,130.0,61.455999999999996,20,0.03333333333333333
TEC-MA-10003471,"StarTech Phone, Wireless",328.0,61.48799999999999,8,0.2333333333333333
OFF-AP-10004336,"Conquest 14 Commercial Heavy-Duty Upright Vacuum, Collection System, Accessory Kit",547.0,61.5168,12,0.2
FUR-FU-10000188,"Tenex Frame, Duo Pack",770.0,61.53,7,0.0
OFF-BRE-10004436,"Breville Stove, Black",561.0,61.68,1,0.0
OFF-AR-10000347,"Sanford Pens, Blue",184.0,61.839999999999996,26,0.07500000000000001
TEC-MA-10001080,"Epson Phone, Red",364.0,61.879999999999995,7,0.0
OFF-FA-10002491,"Stockwell Rubber Bands, Bulk Pack",266.0,61.944,29,0.2
TEC-AC-10000815,"Enermax Flash Drive, Erganomic",216.0,61.96500000000001,7,0.25
TEC-AC-10003824,"Logitech Numeric Keypad, Bluetooth",316.0,61.995999999999995,13,0.16
TEC-PH-10002255,"Apple Audio Dock, Full Size",2052.0,62.015999999999984,13,0.1
OFF-CAR-10002931,"Cardinal Hole Reinforcements, Recycled",187.0,62.040000000000006,37,0.16666666666666666
TEC-HP -10001905,"HP Personal Copier, Laser",471.0,62.05199999999999,5,0.15
OFF-ST-10000442,"Rogers Box, Wire Frame",461.0,62.08,32,0.08
OFF-FA-10000631,"Accos Rubber Bands, Assorted Sizes",248.0,62.088,30,0.16666666666666666
OFF-PA-10001620,"SanDisk Memo Slips, Recycled",153.0,62.1,9,0.0
TEC-MA-10002952,"StarTech Calculator, White",230.0,62.1,9,0.0
TEC-MA-10002268,"StarTech Receipt Printer, White",278.0,62.1045,3,0.15
FUR-FU-10004283,"Tenex Door Stop, Duo Pack",985.0,62.109,25,0.094
OFF-ST-10000306,"Rogers Trays, Single Width",639.0,62.1456,11,0.09000000000000001
FUR-BO-10001476,"Safco Corner Shelving, Pine",805.0,62.17999999999999,9,0.08
OFF-PA-10003982,"SanDisk Message Books, Premium",235.0,62.224000000000004,16,0.12000000000000002
OFF-ST-10002714,"Tenex Shelving, Blue",896.0,62.344,26,0.08571428571428573
FUR-TA-10001833,"Bevis Round Table, Fully Assembled",624.0,62.352,2,0.4
OFF-PA-10004069,"SanDisk Parchment Paper, 8.5 x 11",418.0,62.4,20,0.0
OFF-LA-10001413,"Hon Shipping Labels, Laser Printer Compatible",267.0,62.445,25,0.07142857142857142
OFF-AP-10001191,"Hoover Blender, White",705.0,62.544000000000004,8,0.1
TEC-CO-10000663,"HP Fax Machine, High-Speed",894.0,62.55,3,0.0
OFF-SAN-10004706,"SanDisk Note Cards, Premium",209.0,62.57999999999999,7,0.0
OFF-TEN-10003211,"Tenex Box, Wire Frame",182.0,62.592,14,0.19999999999999998
OFF-PA-10001735,"Xerox Cards & Envelopes, 8.5 x 11",393.0,62.64,8,0.0
OFF-ST-10003455,"Tenex File Box, Personal Filing Tote with Lid, Black",340.0,62.6604,24,0.08571428571428573
FUR-SAF-10002529,"SAFCO Chairmat, Red",300.0,62.699999999999996,5,0.0
TEC-AC-10001998,Logitech LS21 Speaker System - PC Multimedia - 2.1-CH - Wired,208.0,62.7686,11,0.03333333333333333
OFF-SU-10003211,"Acme Ruler, Steel",210.0,62.79,13,0.0
OFF-STA-10004484,"Stanley Pens, Water Color",402.0,62.838,38,0.2642857142857143
OFF-PA-10001639,Xerox 203,143.0,62.985600000000005,24,0.06666666666666667
OFF-AR-10002952,Stanley Contemporary Battery Pencil Sharpeners,294.0,63.012,24,0.05
FUR-CH-10002923,"SAFCO Rocking Chair, Set of Two",274.0,63.06,2,0.0
TEC-AC-10003294,"Enermax Flash Drive, USB",529.0,63.08,19,0.0
OFF-SU-10000782,"Fiskars Shears, Serrated",600.0,63.09,17,0.2
FUR-FU-10000204,"Advantus Door Stop, Durable",126.0,63.09,3,0.0
FUR-FU-10004462,"Advantus Stacking Tray, Black",349.0,63.126,15,0.06666666666666667
FUR-TA-10001558,"Barricks Training Table, Rectangular",379.0,63.144,2,0.4
TEC-AC-10000397,"Enermax Mouse, USB",527.0,63.18000000000001,13,0.0
OFF-SU-10002670,"Stiletto Box Cutter, High Speed",192.0,63.2,8,0.0
OFF-ST-10000650,"Rogers Box, Industrial",238.0,63.22,17,0.12000000000000002
FUR-FU-10003150,"Eldon Door Stop, Erganomic",372.0,63.228,15,0.24000000000000005
OFF-PA-10004475,"Xerox Computer Printout Paper, 8.5 x 11",396.0,63.254400000000004,15,0.19499999999999998
OFF-BI-10001422,"Cardinal 3-Hole Punch, Clear",256.0,63.264,16,0.2
OFF-PA-10003868,"SanDisk Cards & Envelopes, Recycled",1595.0,63.36,33,0.0
OFF-CAR-10000319,"Cardinal Binder Covers, Recycled",219.0,63.37799999999999,23,0.20833333333333334
OFF-PA-10004115,"Green Bar Computer Printout Paper, 8.5 x 11",1144.0,63.378,43,0.18
FUR-FU-10004236,"Deflect-O Light Bulb, Black",198.0,63.516,11,0.06666666666666667
OFF-FA-10004339,"Stockwell Staples, Metal",295.0,63.54,30,0.1
TEC-CO-10000270,"Hewlett Fax Machine, High-Speed",2068.0,63.540000000000006,7,0.08333333333333333
TEC-AC-10001696,"Belkin Flash Drive, Erganomic",207.0,63.6,9,0.1
FUR-TA-10003576,"Hon Coffee Table, Adjustable Height",445.0,63.606,2,0.3
FUR-HON-10003080,"Hon Computer Table, Adjustable Height",490.0,63.66,1,0.0
OFF-AR-10004012,"Sanford Highlighters, Blue",224.0,63.72,24,0.08
OFF-EN-10002986,"#10-4 1/8"" x 9 1/2"" Premium Diagonal Seam Envelopes",176.0,63.747,13,0.1
OFF-ST-10000760,Eldon Fold 'N Roll Cart System,302.0,63.7488,24,0.12000000000000002
OFF-PA-10004983,Xerox 23,140.0,63.7632,23,0.03333333333333333
TEC-CO-10001221,"Brother Fax and Copier, Laser",2903.0,63.76499999999999,25,0.08771428571428573
OFF-BI-10001032,"Avery Binding Machine, Recycled",823.0,63.82200000000002,23,0.244
OFF-FA-10001026,"Stockwell Staples, Metal",180.0,63.827999999999996,17,0.025
TEC-AC-10002833,"Logitech Mouse, USB",546.0,63.8295,21,0.09166666666666667
FUR-CH-10003061,"Global Leather Task Chair, Black",1449.0,63.8929,19,0.1375
TEC-ENE-10001355,"Enermax Numeric Keypad, USB",220.0,63.96,4,0.0
OFF-LA-10004756,"Avery Removable Labels, Laser Printer Compatible",242.0,63.9996,28,0.24428571428571427
OFF-AR-10004422,"Boston Sketch Pad, Blue",422.0,64.0,19,0.2
OFF-LA-10002703,"Novimex Removable Labels, Adjustable",202.0,64.0794,22,0.094
OFF-FIS-10004787,"Fiskars Box Cutter, Steel",350.0,64.08,12,0.1857142857142857
OFF-PA-10003875,"Enermax Memo Slips, Multicolor",136.0,64.08,8,0.0
OFF-BI-10001628,"Acco Data Flex Cable Posts For Top & Bottom Load Binders, 6"" Capacity",287.0,64.1445,39,0.29
FUR-BO-10004926,"Safco 3-Shelf Cabinet, Traditional",304.0,64.152,2,0.1
FUR-FU-10004604,"Deflect-O Clock, Erganomic",867.0,64.161,18,0.04285714285714286
OFF-EN-10004012,"GlobeWeis Peel and Seal, Set of 50",204.0,64.172,19,0.17142857142857146
OFF-AP-10003079,"Cuisinart Coffee Grinder, Silver",131.0,64.2,5,0.0
OFF-SU-10003537,"Kleencut Scissors, Steel",549.0,64.227,31,0.18333333333333335
OFF-AP-10003702,"Cuisinart Refrigerator, White",445.0,64.248,1,0.1
OFF-STI-10000286,"Stiletto Ruler, Steel",129.0,64.25999999999999,9,0.0
OFF-FA-10003437,"Accos Clamps, Bulk Pack",334.0,64.296,19,0.09
FUR-CH-10002053,"Novimex Chairmat, Set of Two",557.0,64.30499999999999,10,0.05
OFF-ST-10004341,"Tenex File Cart, Single Width",537.0,64.32,4,0.0
OFF-AME-10002956,"Ames Business Envelopes, Security-Tint",192.0,64.35,13,0.0
OFF-LA-10000240,Self-Adhesive Address Labels for Typewriters by Universal,154.0,64.4011,23,0.08571428571428573
TEC-AC-10001486,"Belkin Flash Drive, Programmable",1237.0,64.44,30,0.08333333333333333
OFF-AR-10004614,"Boston Pencil Sharpener, Water Color",201.0,64.488,7,0.03333333333333333
FUR-CH-10003341,"Office Star Chairmat, Red",132.0,64.5,2,0.0
OFF-PA-10001667,Great White Multi-Use Recycled Paper (20Lb. and 84 Bright),170.0,64.584,32,0.07500000000000001
FUR-FU-10000514,"Deflect-O Photo Frame, Erganomic",237.0,64.644,6,0.16666666666666666
TEC-MA-10000423,Texas Instruments TI-34 Scientific Calculator,205.0,64.6506,12,0.2333333333333333
OFF-BI-10001645,"Ibico Binding Machine, Recycled",1509.0,64.6848,31,0.08375
TEC-AC-10003038,Kingston Digital DataTraveler 16GB USB 2.0,479.0,64.7085,57,0.06153846153846154
TEC-PH-10002923,"Logitech B530 USB Headset - headset - Full size, Binaural",741.0,64.7325,25,0.16
OFF-EN-10003431,"Cameo Interoffice Envelope, Security-Tint",648.0,64.74000000000001,13,0.0
OFF-EN-10002700,"Kraft Interoffice Envelope, with clear poly window",523.0,64.79939999999999,14,0.25333333333333335
OFF-EN-10001219,"#10- 4 1/8"" x 9 1/2"" Security-Tint Envelopes",146.0,64.86359999999999,21,0.07500000000000001
TEC-PH-10003752,"Nokia Office Telephone, VoIP",489.0,64.95,10,0.25
OFF-LA-10000244,"Hon Legal Exhibit Labels, Alphabetical",266.0,64.9584,28,0.09499999999999999
OFF-WIL-10003308,"Wilson Jones Binder Covers, Recycled",365.0,64.96499999999999,34,0.17272727272727273
FUR-CHR-10001018,"Chromcraft Round Table, Rectangular",929.0,65.04,2,0.0
OFF-PA-10000143,Astroparche Fine Business Paper,144.0,65.0496,29,0.06666666666666667
OFF-PA-10001801,"Xerox Memo Slips, Premium",173.0,65.084,23,0.2
OFF-FA-10004258,"OIC Thumb Tacks, Bulk Pack",167.0,65.124,19,0.08
OFF-PA-10000726,"Black Print Carbonless Snap-Off Rapid Letter, 8 1/2"" x 7""",160.0,65.1365,19,0.05
OFF-AP-10003363,"Hoover Blender, White",549.0,65.15200000000002,10,0.13333333333333333
OFF-AR-10004360,"Boston Pens, Fluorescent",219.0,65.184,24,0.07500000000000001
OFF-AVE-10004251,"Avery Binding Machine, Economy",1013.0,65.208,22,0.14444444444444443
FUR-FU-10004876,"Eldon Frame, Erganomic",965.0,65.268,9,0.05
OFF-AR-10000340,"Boston Pens, Water Color",139.0,65.28,8,0.0
OFF-EN-10001099,Staples,159.0,65.3304,18,0.12000000000000002
OFF-ELI-10000443,"Elite Shears, Steel",138.0,65.42999999999999,3,0.0
OFF-PA-10003591,Southworth 100% Cotton The Best Paper,151.0,65.43599999999999,15,0.06666666666666667
FUR-FU-10001934,Magnifier Swing Arm Lamp,252.0,65.4576,12,0.0
FUR-FU-10000488,"Rubbermaid Light Bulb, Erganomic",318.0,65.496,32,0.18571428571428572
OFF-AP-10002735,"Cuisinart Toaster, Black",201.0,65.502,4,0.05
OFF-FA-10000256,"Advantus Clamps, Bulk Pack",170.0,65.532,9,0.03333333333333333
FUR-ELD-10004994,"Eldon Clock, Duo Pack",194.0,65.53200000000001,4,0.15
OFF-PA-10001184,Xerox 1903,139.0,65.54079999999999,24,0.03333333333333333
TEC-MA-10000982,"Konica Inkjet, Wireless",1645.0,65.7,6,0.125
FUR-OFF-10001661,"Office Star Chairmat, Red",303.0,65.71199999999999,6,0.175
OFF-PA-10002925,"Enermax Cards & Envelopes, Multicolor",388.0,65.76,12,0.0
FUR-CH-10004441,"SAFCO Bag Chairs, Black",188.0,65.76,4,0.0
TEC-CO-10004901,"HP Fax and Copier, Laser",989.0,65.76132,9,0.06866666666666667
OFF-AP-10000344,"Hoover Toaster, Silver",228.0,65.763,3,0.1
TEC-CO-10002326,"Canon Copy Machine, Color",1055.0,65.82,5,0.16666666666666666
TEC-AC-10003570,"Memorex Flash Drive, Erganomic",245.0,65.88,9,0.0
OFF-SU-10002032,"Stiletto Scissors, Easy Grip",248.0,65.896,16,0.05714285714285715
OFF-ST-10001213,"Smead Shelving, Industrial",1417.0,65.907,36,0.2
TEC-HEW-10003531,"Hewlett Copy Machine, High-Speed",264.0,65.91,1,0.0
OFF-LA-10004370,"Novimex File Folder Labels, 5000 Label Set",190.0,66.0,33,0.0
OFF-AR-10000584,"Sanford Pencil Sharpener, Water Color",1074.0,66.0,39,0.09090909090909091
FUR-FU-10004816,"Advantus Door Stop, Duo Pack",300.0,66.0,10,0.0
TEC-MA-10001305,"Okidata Card Printer, White",871.0,66.00000000000001,11,0.2333333333333333
OFF-AME-10002376,"Ames Manila Envelope, Recycled",197.0,66.096,9,0.3
TEC-PH-10003055,"Apple Audio Dock, Cordless",891.0,66.195,6,0.075
OFF-ST-10002714,"Eldon Box, Industrial",340.0,66.2262,43,0.17636363636363636
OFF-EN-10004507,"GlobeWeis Mailers, Set of 50",154.0,66.24,4,0.0
OFF-BI-10002796,"Wilson Jones Binder Covers, Durable",164.0,66.264,21,0.07500000000000001
TEC-AC-10003280,Belkin F8E887 USB Wired Ergonomic Keyboard,564.0,66.2779,21,0.1
OFF-SU-10001552,"Kleencut Trimmer, Easy Grip",448.0,66.28,16,0.1
TEC-PH-10003430,"Cisco Speaker Phone, VoIP",1258.0,66.31559999999999,10,0.10500000000000001
FUR-IKE-10003771,"Ikea Corner Shelving, Traditional",295.0,66.384,3,0.3
OFF-ACC-10003265,"Accos Rubber Bands, Bulk Pack",160.0,66.408,11,0.2333333333333333
FUR-BO-10000668,"Ikea Corner Shelving, Traditional",246.0,66.42,2,0.0
TEC-AC-10003763,"Logitech Mouse, Programmable",247.0,66.48,8,0.0
OFF-LA-10000648,"Harbour Creations Round Labels, Alphabetical",177.0,66.50999999999999,28,0.07142857142857142
OFF-OIC-10004536,"OIC Thumb Tacks, Assorted Sizes",178.0,66.52799999999999,16,0.15
FUR-CH-10001130,"Harbour Creations Swivel Stool, Set of Two",3770.0,66.67999999999999,35,0.14
OFF-BI-10003910,DXL Angle-View Binders with Locking Rings by Samsill,216.0,66.69149999999999,35,0.24
FUR-FU-10001583,"Deflect-O Light Bulb, Black",301.0,66.728,37,0.3666666666666667
OFF-SU-10003739,"Elite Box Cutter, Steel",172.0,66.75,5,0.0
OFF-LA-10003827,"Avery Color Coded Labels, 5000 Label Set",192.0,66.78,14,0.0
FUR-BO-10002032,"Ikea Stackable Bookrack, Pine",632.0,66.843,6,0.15
OFF-PA-10004573,"Enermax Memo Slips, Premium",235.0,66.89999999999999,16,0.1375
OFF-FA-10002790,"Stockwell Push Pins, 12 Pack",134.0,66.9,10,0.0
OFF-KLE-10000050,"Kleencut Trimmer, High Speed",247.0,66.96000000000001,6,0.0
OFF-LA-10000134,"Harbour Creations Removable Labels, 5000 Label Set",186.0,66.96000000000001,18,0.0
TEC-AC-10003447,Micropad Numeric Keypads,292.0,66.9665,15,0.05
TEC-MA-10000697,"StarTech Card Printer, Wireless",571.0,66.97500000000001,4,0.085
OFF-SU-10000496,"Fiskars Scissors, Steel",545.0,67.0272,32,0.22799999999999998
OFF-PA-10002666,Southworth 25% Cotton Linen-Finish Paper & Envelopes,167.0,67.044,20,0.1
OFF-HON-10002456,"Hon Color Coded Labels, Laser Printer Compatible",192.0,67.05,15,0.0
OFF-EAT-10004979,"Eaton Cards & Envelopes, Multicolor",140.0,67.05000000000001,3,0.0
TEC-AC-10004633,"Verbatim 25 GB 6x Blu-ray Single Layer Recordable Disc, 3/Pack",185.0,67.104,30,0.10000000000000002
OFF-BI-10002047,"Acco Index Tab, Durable",342.0,67.11,39,0.038461538461538464
TEC-MA-10001016,Canon PC170 Desktop Personal Copier,576.0,67.179,6,0.4
OFF-PA-10002396,"Eaton Memo Slips, 8.5 x 11",252.0,67.2,14,0.0
OFF-AR-10000242,"BIC Pencil Sharpener, Blue",876.0,67.242,34,0.06666666666666667
OFF-AP-10000692,Fellowes Mighty 8 Compact Surge Protector,345.0,67.2964,19,0.10000000000000002
OFF-AME-10000870,"Ames Peel and Seal, Recycled",235.0,67.314,15,0.0875
FUR-BAR-10004561,"Barricks Wood Table, Fully Assembled",518.0,67.38,1,0.0
TEC-CO-10002916,"Hewlett Ink, Color",1359.0,67.386,10,0.08333333333333333
OFF-PA-10004888,Xerox 217,150.0,67.392,25,0.07500000000000001
FUR-FU-10001436,"Advantus Clock, Duo Pack",1018.0,67.41,21,0.049999999999999996
FUR-SAU-10000209,"Sauder Corner Shelving, Metal",485.0,67.428,4,0.175
OFF-PA-10001712,Xerox 1948,150.0,67.4325,15,0.0
OFF-BI-10003112,"Ibico Binder Covers, Economy",178.0,67.48,21,0.06666666666666667
FUR-FU-10003619,"Tenex Clock, Black",634.0,67.5,15,0.15
OFF-BI-10004142,"Acco Index Tab, Clear",210.0,67.568,45,0.08
OFF-ST-10001694,"Smead Folders, Blue",234.0,67.626,14,0.04
OFF-FA-10000757,"Stockwell Paper Clips, Assorted Sizes",249.0,67.6725,28,0.19166666666666665
FUR-CH-10001536,"Harbour Creations Chairmat, Red",144.0,67.68,2,0.0
OFF-ST-10000107,Fellowes Super Stor/Drawer,478.0,67.71,18,0.05
OFF-ST-10002214,X-Rack File for Hanging Folders,319.0,67.74,30,0.044444444444444446
OFF-AP-10000696,Holmes Odor Grabber,358.0,67.774,30,0.225
OFF-SU-10000381,Acme Forged Steel Scissors with Black Enamel Handles,279.0,67.7768,32,0.05
OFF-AR-10002714,"Stanley Sketch Pad, Easy-Erase",322.0,67.92,8,0.1
FUR-RUB-10001484,"Rubbermaid Clock, Durable",188.0,67.92,4,0.0
OFF-AR-10004456,Panasonic KP-4ABK Battery-Operated Pencil Sharpener,234.0,67.92960000000001,16,0.0
OFF-FA-10003022,"Stockwell Clamps, Assorted Sizes",222.0,67.96,22,0.125
FUR-FU-10003540,"Deflect-O Light Bulb, Erganomic",283.0,67.9683,19,0.135
OFF-PA-10001170,"Xerox Cards & Envelopes, Multicolor",527.0,68.0,17,0.0
OFF-FA-10003818,"Stockwell Staples, 12 Pack",285.0,68.00999999999999,35,0.16666666666666666
OFF-BI-10000419,"Wilson Jones 3-Hole Punch, Recycled",341.0,68.03999999999999,18,0.0
OFF-SU-10004650,"Acme Scissors, High Speed",601.0,68.064,32,0.0625
OFF-ACC-10004281,"Acco Hole Reinforcements, Recycled",149.0,68.094,23,0.1636363636363636
OFF-IBI-10004916,"Ibico Binder Covers, Recycled",218.0,68.106,17,0.13999999999999999
FUR-FU-10001424,"Eldon Photo Frame, Durable",584.0,68.124,13,0.16666666666666666
TEC-LOG-10002218,"Logitech Numeric Keypad, USB",307.0,68.148,9,0.19999999999999998
FUR-CH-10002749,"SAFCO Chairmat, Black",1117.0,68.1555,22,0.16285714285714287
FUR-CH-10002335,"Hon Bag Chairs, Set of Two",284.0,68.22,6,0.0
TEC-MA-10000964,"Okidata Calculator, Red",148.0,68.22,3,0.0
OFF-AP-10003177,"Hamilton Beach Toaster, White",418.0,68.235,11,0.3333333333333333
TEC-PH-10002658,"Apple Signal Booster, with Caller ID",273.0,68.28,2,0.0
TEC-CO-10003298,"Hewlett Wireless Fax, Digital",1406.0,68.331,4,0.075
FUR-BO-10004681,"Ikea Stackable Bookrack, Metal",244.0,68.34,2,0.0
OFF-AR-10003478,"Avery Hi-Liter EverBold Pen Style Fluorescent Highlighters, 4/Pack",220.0,68.376,31,0.10000000000000002
OFF-EN-10001832,"Kraft Clasp Envelope, Set of 50",161.0,68.4,28,0.1
OFF-BI-10002432,"Ibico Binder, Recycled",185.0,68.4144,12,0.05666666666666667
OFF-AR-10001770,"Binney & Smith Markers, Water Color",275.0,68.4162,13,0.23399999999999999
OFF-PA-10001934,Xerox 1993,147.0,68.4288,24,0.07500000000000001
OFF-PA-10002262,Xerox 192,141.0,68.4288,22,0.0
OFF-KIT-10003683,"KitchenAid Stove, Silver",799.0,68.46000000000001,2,0.3
FUR-FU-10004093,Hand-Finished Solid Wood Document Frame,260.0,68.46000000000001,8,0.06666666666666667
FUR-BO-10004312,"Bush Floating Shelf Set, Traditional",319.0,68.4822,2,0.07
OFF-STI-10000388,"Stiletto Scissors, Serrated",382.0,68.56800000000001,23,0.11666666666666665
TEC-PH-10002085,Clarity 53712,753.0,68.6296,14,0.15000000000000002
OFF-ST-10002967,"Rogers Folders, Blue",240.0,68.6565,11,0.15
OFF-LA-10001569,Avery 499,177.0,68.724,40,0.10909090909090911
TEC-AC-10000241,"Enermax Numeric Keypad, Bluetooth",675.0,68.736,20,0.13333333333333333
FUR-FU-10002104,"Advantus Photo Frame, Black",402.0,68.74799999999999,15,0.2
OFF-BI-10004454,"Cardinal Binder Covers, Clear",222.0,68.817,24,0.2357142857142857
TEC-MA-10000858,"Panasonic Printer, White",530.0,68.82,2,0.0
TEC-AC-10002170,"Enermax Numeric Keypad, USB",552.0,68.84,16,0.05
OFF-LA-10004280,"Harbour Creations Legal Exhibit Labels, Alphabetical",173.0,68.84700000000001,17,0.05
OFF-PA-10004735,Xerox 1905,146.0,68.94720000000001,23,0.04
FUR-FU-10004245,"Career Cubicle Clock, 8 1/4"", Black",194.0,68.952,10,0.06666666666666667
TEC-HP -10004082,"HP Fax and Copier, Digital",242.0,68.982,2,0.3
FUR-BO-10003043,"Dania 3-Shelf Cabinet, Mobile",634.0,68.988,7,0.06666666666666667
OFF-PA-10004470,"Green Bar Cards & Envelopes, Recycled",628.0,69.03,13,0.0
TEC-ENE-10004052,"Enermax Flash Drive, Erganomic",157.0,69.12,4,0.0
TEC-PH-10000931,"Motorola Speaker Phone, VoIP",866.0,69.2,10,0.0
OFF-PA-10003832,"Xerox Message Books, 8.5 x 11",445.0,69.248,28,0.05714285714285715
OFF-ST-10003414,"Tenex Shelving, Industrial",1588.0,69.252,34,0.15454545454545457
OFF-ELD-10003181,"Eldon Box, Industrial",252.0,69.33,27,0.16153846153846152
OFF-EN-10003999,"Cameo Peel and Seal, with clear poly window",278.0,69.36,17,0.0
OFF-AR-10004009,"Boston Highlighters, Easy-Erase",453.0,69.411,25,0.0675
OFF-PA-10000061,Xerox 205,151.0,69.4656,24,0.05
FUR-IKE-10003053,"Ikea 3-Shelf Cabinet, Mobile",290.0,69.54,2,0.0
TEC-MA-10001624,"Panasonic Phone, Red",344.0,69.558,5,0.2
TEC-PH-10000841,"Nokia Signal Booster, VoIP",410.0,69.66,3,0.0
TEC-CO-10001937,"Brother Fax and Copier, High-Speed",504.0,69.78832,4,0.002
OFF-SU-10000954,"Acme Scissors, High Speed",350.0,69.792,16,0.15
OFF-SME-10001754,"Smead File Folder Labels, 5000 Label Set",165.0,69.816,19,0.15
OFF-PA-10001685,"Eaton Parchment Paper, Recycled",220.0,69.852,27,0.13333333333333333
OFF-ST-10003931,"Smead Trays, Wire Frame",1270.0,69.855,29,0.08
TEC-PH-10002683,"Apple Smart Phone, Cordless",1272.0,69.93,3,0.25
OFF-AVE-10004556,"Avery Hole Reinforcements, Recycled",235.0,69.93,60,0.14615384615384613
TEC-PH-10000439,GE DSL Phone Line Filter,496.0,69.9825,15,0.1
OFF-AR-10002956,Boston 16801 Nautilus Battery Pencil Sharpener,444.0,69.9918,23,0.10000000000000002
OFF-LA-10000624,"Hon File Folder Labels, 5000 Label Set",246.0,69.9996,31,0.10285714285714286
OFF-PA-10003517,"Enermax Note Cards, Premium",486.0,70.0,30,0.16
OFF-ST-10002105,"Smead Trays, Wire Frame",622.0,70.0,22,0.09999999999999999
TEC-AC-10004814,Logitech Illuminated Ultrathin Keyboard with Backlighting,171.0,70.0977,3,0.0
OFF-FIS-10003234,"Fiskars Trimmer, Serrated",585.0,70.19999999999999,15,0.0
OFF-AP-10002439,"Cuisinart Blender, Silver",540.0,70.32,12,0.0
OFF-PA-10003380,"Green Bar Memo Slips, Multicolor",263.0,70.344,22,0.05714285714285715
OFF-PA-10002968,Xerox 1973,169.0,70.3472,8,0.1
TEC-OKI-10000616,"Okidata Card Printer, Durable",880.0,70.35,5,0.0
OFF-PA-10002371,"Green Bar Message Books, 8.5 x 11",196.0,70.35,7,0.0
OFF-SME-10003033,"Smead Trays, Industrial",333.0,70.368,8,0.12
OFF-BI-10001867,"Acco Binder Covers, Recycled",275.0,70.392,22,0.07142857142857142
FUR-CH-10003168,"Office Star Swivel Stool, Set of Two",317.0,70.422,2,0.1
OFF-AR-10001725,Boston Home & Office Model 2000 Electric Pencil Sharpeners,298.0,70.477,13,0.03333333333333333
OFF-AP-10003524,"Breville Blender, Black",884.0,70.5,10,0.0
TEC-PH-10004287,"Cisco Headset, Cordless",1302.0,70.524,23,0.06666666666666667
OFF-PA-10001804,Xerox 195,164.0,70.54079999999999,27,0.125
OFF-PA-10004337,"Eaton Computer Printout Paper, Premium",226.0,70.575,11,0.21666666666666667
TEC-AC-10002543,"Enermax Mouse, Bluetooth",161.0,70.8,4,0.0
OFF-EN-10004173,"Ames Peel and Seal, Recycled",370.0,70.8378,22,0.054000000000000006
OFF-AR-10003077,"Boston Markers, Fluorescent",203.0,70.84,11,0.0
OFF-AP-10004031,"Hamilton Beach Microwave, White",1759.0,70.9,11,0.13333333333333333
TEC-AC-10000462,"Logitech Keyboard, Programmable",296.0,70.92,4,0.0
TEC-PH-10003361,"Samsung Signal Booster, with Caller ID",711.0,70.928,13,0.4
OFF-AVE-10000608,"Avery Index Tab, Economy",239.0,70.929,36,0.24615384615384614
OFF-PA-10001869,"Green Bar Computer Printout Paper, 8.5 x 11",475.0,70.98,14,0.0
OFF-EN-10004568,"Kraft Business Envelopes, Set of 50",211.0,70.996,19,0.2
FUR-HON-10003653,"Hon Steel Folding Chair, Black",237.0,71.01,3,0.0
OFF-BI-10003472,"Cardinal Index Tab, Clear",155.0,71.04,32,0.0
TEC-SHA-10004390,"Sharp Wireless Fax, Digital",1779.0,71.1,5,0.0
TEC-CO-10004468,"Canon Copy Machine, Digital",1045.0,71.10576,6,0.002
FUR-FU-10003799,"Seth Thomas 13 1/2"" Wall Clock",316.0,71.11999999999999,20,0.16
FUR-FU-10004139,"Tenex Photo Frame, Duo Pack",437.0,71.14,17,0.20000000000000004
OFF-AR-10002022,"Stanley Sketch Pad, Water Color",466.0,71.178,10,0.025
OFF-ST-10002642,"Eldon Lockers, Single Width",396.0,71.22,2,0.0
FUR-CH-10003379,Global Commerce Series High-Back Swivel/Tilt Chairs,4132.0,71.245,19,0.2333333333333333
OFF-FA-10000644,"Accos Push Pins, Metal",154.0,71.24799999999999,17,0.08
OFF-PA-10002689,Weyerhaeuser First Choice Laser/Copy Paper (20Lb. and 88 Bright),154.0,71.28,25,0.04
OFF-PA-10004910,"Eaton Message Books, Premium",223.0,71.295,14,0.194
FUR-BO-10000087,"Sauder Corner Shelving, Pine",2079.0,71.3,26,0.17142857142857146
OFF-PA-10000705,"Eaton Note Cards, Multicolor",319.0,71.328,22,0.2
FUR-BO-10000797,"Safco 3-Shelf Cabinet, Pine",1072.0,71.337,7,0.10000000000000002
FUR-FU-10004998,"Eldon Stacking Tray, Erganomic",257.0,71.384,14,0.13333333333333333
OFF-ENE-10004377,"Enermax Note Cards, 8.5 x 11",170.0,71.46,6,0.0
TEC-BEL-10003896,"Belkin Mouse, Erganomic",648.0,71.49600000000001,18,0.08571428571428572
OFF-LA-10002180,"Hon Color Coded Labels, 5000 Label Set",280.0,71.52,23,0.09999999999999999
OFF-LA-10001292,"Smead File Folder Labels, Adjustable",178.0,71.5866,31,0.08142857142857142
OFF-BI-10004007,"Avery 3-Hole Punch, Durable",397.0,71.625,17,0.2
OFF-ST-10001598,"Fellowes Box, Blue",446.0,71.64,46,0.24000000000000005
FUR-FU-10004351,Staples,202.0,71.68639999999999,24,0.16666666666666666
OFF-EN-10001979,"Cameo Clasp Envelope, Security-Tint",308.0,71.718,26,0.011111111111111112
OFF-LA-10001634,"Harbour Creations Color Coded Labels, Laser Printer Compatible",189.0,71.72,22,0.0
OFF-PA-10000562,"Enermax Cards & Envelopes, 8.5 x 11",389.0,71.72399999999999,15,0.2
OFF-BI-10001717,"Avery Hole Reinforcements, Durable",208.0,71.727,35,0.009090909090909092
OFF-AR-10001043,"BIC Pens, Blue",379.0,71.7384,29,0.09666666666666668
OFF-SU-10003863,"Kleencut Letter Opener, High Speed",270.0,71.892,11,0.05
OFF-BI-10001294,Fellowes Binding Cases,271.0,71.955,31,0.28
TEC-CO-10003924,"Brother Ink, Digital",147.0,72.0,1,0.0
OFF-SU-10004087,"Elite Scissors, Steel",329.0,72.0,15,0.0
OFF-AR-10002677,"BIC Pencil Sharpener, Easy-Erase",364.0,72.012,21,0.13333333333333333
OFF-AP-10001106,"Hamilton Beach Stove, White",721.0,72.04,2,0.0
OFF-AR-10000658,Newell 324,264.0,72.072,23,0.028571428571428574
FUR-FU-10004006,"Deflect-o DuraMat Lighweight, Studded, Beveled Mat for Low Pile Carpeting",673.0,72.07849999999999,17,0.06666666666666667
OFF-AR-10003536,"Stanley Pencil Sharpener, Water Color",625.0,72.15599999999999,25,0.09499999999999999
OFF-PA-10002725,"Eaton Cards & Envelopes, Premium",241.0,72.16,8,0.0
OFF-SU-10001535,"Elite Box Cutter, High Speed",745.0,72.1671,23,0.11399999999999999
TEC-AC-10004414,"Enermax Router, Bluetooth",1478.0,72.20760000000001,8,0.3466666666666667
OFF-SU-10002537,Acme Box Cutter Scissors,306.0,72.2238,31,0.03333333333333333
TEC-CO-10001968,"Sharp Ink, High-Speed",1060.0,72.23476,13,0.002
OFF-AR-10002485,"Boston Markers, Easy-Erase",1140.0,72.312,44,0.049999999999999996
FUR-FU-10004017,"Executive Impressions 13"" Chairman Wall Clock",254.0,72.333,11,0.06666666666666667
TEC-AC-10004557,"Logitech Mouse, USB",559.0,72.39,19,0.0
TEC-MA-10000172,"StarTech Inkjet, Wireless",724.0,72.408,4,0.4
FUR-BO-10004633,"Safco Stackable Bookrack, Traditional",1901.0,72.41640000000001,14,0.085
OFF-BI-10004369,"Ibico Hole Reinforcements, Recycled",228.0,72.42,33,0.08
OFF-AVE-10003465,"Avery Binder, Economy",200.0,72.42,16,0.05454545454545454
OFF-GRE-10004604,"Green Bar Cards & Envelopes, 8.5 x 11",547.0,72.43199999999999,11,0.09999999999999999
OFF-BOS-10000363,"Boston Pencil Sharpener, Water Color",835.0,72.49199999999999,30,0.07777777777777778
OFF-FA-10000154,"OIC Paper Clips, Bulk Pack",183.0,72.561,15,0.22000000000000003
TEC-AC-10002331,"Maxell 74 Minute CDR, 10/Pack",232.0,72.5676,26,0.08
TEC-AC-10003063,"Memorex Memory Card, Programmable",519.0,72.6,5,0.0
OFF-EN-10001861,"Kraft Peel and Seal, Set of 50",298.0,72.608,27,0.1142857142857143
OFF-PA-10002377,"Adams Telephone Message Book W/Dividers/Space For Phone Numbers, 5 1/4""X8 1/2"", 200/Messages",173.0,72.70400000000001,32,0.028571428571428574
OFF-AR-10000249,"Sanford Highlighters, Fluorescent",232.0,72.75659999999999,14,0.028333333333333335
OFF-CAR-10004229,"Cardinal Index Tab, Clear",277.0,72.786,43,0.13124999999999998
OFF-PA-10001457,White GlueTop Scratch Pads,186.0,72.7936,14,0.1
OFF-FA-10003985,"Accos Staples, Assorted Sizes",185.0,72.8,35,0.05
OFF-BI-10004722,"Avery Index Tab, Clear",297.0,72.837,53,0.03076923076923077
OFF-FA-10000577,"Stockwell Push Pins, 12 Pack",220.0,72.8886,22,0.2671428571428572
FUR-FU-10003374,Electrix Fluorescent Magnifier Lamps & Weighted Base,464.0,73.0232,11,0.1
OFF-EN-10003780,"Jiffy Peel and Seal, Recycled",432.0,73.14,23,0.0
OFF-EN-10004053,"GlobeWeis Manila Envelope, with clear poly window",390.0,73.14869999999999,14,0.1175
OFF-SU-10000085,"Kleencut Trimmer, Steel",587.0,73.152,30,0.20000000000000004
OFF-SU-10000255,"Elite Box Cutter, High Speed",367.0,73.185,14,0.16666666666666666
TEC-AC-10003725,"Memorex Flash Drive, Erganomic",439.0,73.18799999999999,31,0.17142857142857146
OFF-SME-10001745,"Smead Shelving, Blue",862.0,73.18799999999999,23,0.1636363636363636
FUR-CH-10002758,"Hon Deluxe Fabric Upholstered Stacking Chairs, Squared Back",1269.0,73.194,7,0.25
FUR-FU-10004450,"Eldon Light Bulb, Duo Pack",314.0,73.224,25,0.24000000000000005
OFF-LA-10002043,Avery 489,159.0,73.278,16,0.04
OFF-EN-10002522,"Ames Mailers, Security-Tint",153.0,73.44,4,0.0
FUR-FU-10002017,"Rubbermaid Door Stop, Duo Pack",1053.0,73.44,24,0.0
OFF-BI-10000880,"Wilson Jones Binder, Recycled",314.0,73.44,29,0.25
OFF-SU-10001750,"Stiletto Trimmer, High Speed",172.0,73.44,6,0.0
FUR-CH-10000213,"Hon Swivel Stool, Red",1326.0,73.57499999999999,9,0.1
OFF-EAT-10001025,"Eaton Note Cards, Multicolor",184.0,73.62,6,0.0
OFF-CAR-10004661,"Cardinal Binding Machine, Recycled",1619.0,73.629,39,0.1733333333333333
OFF-PA-10003718,"Xerox Memo Slips, Recycled",178.0,73.668,21,0.06666666666666667
FUR-CH-10000663,"Hon Steel Folding Chair, Adjustable",831.0,73.689,11,0.1
OFF-EN-10001315,"Jiffy Manila Envelope, Security-Tint",392.0,73.69800000000001,14,0.03333333333333333
FUR-CH-10001616,"Harbour Creations Bag Chairs, Red",672.0,73.712,20,0.2
FUR-BO-10003441,"Bush Westfield Collection Bookcases, Fully Assembled",1472.0,73.71539999999999,18,0.19499999999999998
OFF-SU-10000105,"Fiskars Shears, Easy Grip",738.0,73.80000000000001,15,0.0
OFF-BI-10001078,"Acco PRESSTEX Data Binder with Storage Hooks, Dark Blue, 14 7/8"" X 11""",176.0,73.8674,37,0.1142857142857143
OFF-EN-10004459,Security-Tint Envelopes,162.0,73.8788,23,0.06666666666666668
FUR-FU-10002445,"DAX Two-Tone Rosewood/Black Document Frame, Desktop, 5 x 7",214.0,73.944,25,0.09999999999999999
OFF-KRA-10002170,"Kraft Business Envelopes, Security-Tint",147.0,73.98,9,0.0
FUR-FU-10001169,"Rubbermaid Clock, Duo Pack",622.0,73.998,13,0.075
OFF-BI-10001400,"Cardinal 3-Hole Punch, Economy",858.0,74.016,32,0.062
TEC-CO-10000415,"Brother Ink, Color",1487.0,74.1,10,0.0
OFF-PA-10001164,"Green Bar Message Books, Recycled",158.0,74.2,10,0.0
OFF-SU-10003629,"Fiskars Letter Opener, High Speed",291.0,74.2245,13,0.15666666666666665
OFF-SU-10004446,"Acme Scissors, Steel",167.0,74.238,7,0.03333333333333333
TEC-PH-10000004,"Cisco Headset, with Caller ID",177.0,74.28,2,0.0
OFF-PA-10002160,Xerox 1978,173.0,74.33080000000001,34,0.1
OFF-BI-10003503,"Cardinal Index Tab, Economy",255.0,74.35600000000001,45,0.05000000000000001
OFF-PA-10001385,"Xerox Memo Slips, 8.5 x 11",353.0,74.36,32,0.06666666666666668
OFF-EN-10002013,"Cameo Business Envelopes, Security-Tint",238.0,74.4,15,0.125
TEC-NOK-10003034,"Nokia Speaker Phone, Full Size",1070.0,74.48400000000001,10,0.13999999999999999
OFF-LA-10000414,Avery 503,155.0,74.52,15,0.0
FUR-CH-10003733,"Hon Steel Folding Chair, Set of Two",2096.0,74.608,49,0.24444444444444446
OFF-AP-10002229,"KitchenAid Coffee Grinder, Red",542.0,74.619,8,0.03333333333333333
TEC-MA-10004693,"Panasonic Calculator, White",662.0,74.66399999999999,18,0.26666666666666666
OFF-BI-10002289,"Ibico Binder, Economy",485.0,74.7,37,0.1
FUR-FU-10001889,Ultra Door Pull Handle,266.0,74.7972,27,0.06666666666666667
FUR-CH-10000836,"SAFCO Swivel Stool, Adjustable",2499.0,74.8,22,0.0
FUR-CH-10000694,"Novimex Steel Folding Chair, Red",1101.0,74.8197,16,0.145
OFF-BI-10001430,"Cardinal Index Tab, Clear",216.0,74.98400000000001,57,0.13846153846153847
OFF-AP-10000026,Tripp Lite Isotel 6 Outlet Surge Protector with Fax/Modem Protection,1244.0,74.9931,27,0.20000000000000004
TEC-SAM-10004851,"Samsung Office Telephone, with Caller ID",325.0,75.0,5,0.0
OFF-STA-10002791,"Stanley Sketch Pad, Water Color",539.0,75.033,12,0.0875
OFF-ST-10004459,Tennsco Single-Tier Lockers,1501.0,75.068,4,0.0
OFF-LA-10004093,Avery 486,169.0,75.1468,24,0.044444444444444446
OFF-ST-10003800,"Rogers Folders, Wire Frame",413.0,75.172,25,0.17142857142857146
OFF-SU-10003966,"Kleencut Trimmer, Serrated",203.0,75.2,8,0.0
TEC-PH-10001700,Panasonic KX-TG6844B Expandable Digital Cordless Telephone,1136.0,75.2286,22,0.2
FUR-BO-10000362,Sauder Inglewood Library Bookcases,1129.0,75.2312,8,0.1625
OFF-EN-10002065,"Ames Clasp Envelope, Set of 50",190.0,75.24000000000001,29,0.08571428571428572
OFF-EAT-10003702,"Eaton Note Cards, Premium",252.0,75.33,9,0.0
FUR-FU-10001085,3M Polarizing Light Filter Sleeves,216.0,75.346,14,0.2
OFF-PA-10003651,Xerox 1968,166.0,75.35040000000001,26,0.08
OFF-CAM-10002625,"Cameo Peel and Seal, with clear poly window",172.0,75.39,7,0.0
FUR-FU-10000516,"Advantus Clock, Duo Pack",344.0,75.39999999999999,15,0.3333333333333333
FUR-FU-10002928,"Rubbermaid Clock, Durable",260.0,75.405,6,0.08333333333333333
OFF-FA-10004942,"OIC Clamps, Metal",162.0,75.452,13,0.13333333333333333
OFF-ELD-10002207,"Eldon Folders, Single Width",211.0,75.474,15,0.21666666666666665
FUR-DEF-10003551,"Deflect-O Photo Frame, Erganomic",506.0,75.6,10,0.0
FUR-BO-10004219,"Safco 3-Shelf Cabinet, Metal",622.0,75.66,5,0.3
FUR-FU-10002848,"Advantus Stacking Tray, Black",446.0,75.67410000000001,20,0.094
OFF-LA-10000271,"Harbour Creations Shipping Labels, Alphabetical",165.0,75.816,15,0.02
OFF-LA-10004848,"Avery Legal Exhibit Labels, 5000 Label Set",331.0,75.8622,38,0.25333333333333335
FUR-FU-10000905,"Eldon Door Stop, Erganomic",585.0,75.96,12,0.0
OFF-PA-10000919,Xerox 1918,155.0,75.9696,4,0.0
TEC-PH-10002310,Panasonic KX T7731-B Digital phone,660.0,75.9924,8,0.20000000000000004
OFF-PA-10004359,"Xerox Computer Printout Paper, Premium",320.0,76.012,19,0.06666666666666667
OFF-ST-10002042,"Fellowes Folders, Industrial",862.0,76.24799999999999,38,0.14545454545454548
OFF-STO-10001671,"Stockwell Staples, Assorted Sizes",222.0,76.27799999999999,29,0.07777777777777778
FUR-CH-10001919,"Harbour Creations Steel Folding Chair, Red",196.0,76.32,2,0.0
OFF-EN-10003623,"GlobeWeis Interoffice Envelope, Set of 50",383.0,76.32000000000001,12,0.0
OFF-BIC-10004826,"BIC Canvas, Easy-Erase",541.0,76.38,13,0.24
FUR-FU-10003970,"Rubbermaid Clock, Durable",287.0,76.38900000000001,7,0.09999999999999999
OFF-LA-10004753,"Novimex Round Labels, Laser Printer Compatible",162.0,76.44,26,0.0
TEC-AC-10001728,"SanDisk Flash Drive, Programmable",460.0,76.44800000000001,20,0.20000000000000004
OFF-AR-10003752,Deluxe Chalkboard Eraser Cleaner,182.0,76.461,17,0.08
OFF-LA-10004929,"Novimex Color Coded Labels, Laser Printer Compatible",332.0,76.464,27,0.014285714285714287
OFF-ST-10000505,"Fellowes File Cart, Blue",2124.0,76.488,26,0.16666666666666666
OFF-FA-10001680,"OIC Push Pins, Metal",194.0,76.497,13,0.016666666666666666
OFF-EN-10003103,"GlobeWeis Manila Envelope, with clear poly window",248.0,76.56,8,0.0
OFF-SU-10003544,"Kleencut Scissors, High Speed",178.0,76.56,8,0.0
OFF-GRE-10003334,"Green Bar Parchment Paper, 8.5 x 11",187.0,76.67999999999999,9,0.0
OFF-LA-10000861,"Avery Color Coded Labels, Alphabetical",180.0,76.70700000000001,14,0.03333333333333333
OFF-PA-10001870,Xerox 202,170.0,76.7232,28,0.05
TEC-PH-10000571,"Apple Audio Dock, with Caller ID",334.0,76.74,2,0.0
OFF-AR-10000027,"Binney & Smith Pencil Sharpener, Easy-Erase",400.0,76.75619999999999,19,0.23800000000000004
TEC-PH-10001644,"BlueLounge Milo Smartphone Stand, White/Metallic",336.0,76.7744,12,0.06666666666666667
OFF-PA-10004020,"SanDisk Message Books, 8.5 x 11",195.0,76.816,11,0.05
OFF-WIL-10004697,"Wilson Jones Binder, Economy",283.0,76.836,23,0.13333333333333333
OFF-BI-10004236,"XtraLife ClearVue Slant-D Ring Binder, White, 3""",386.0,76.9232,39,0.3
OFF-ST-10000344,"Fellowes Box, Industrial",605.0,76.9392,36,0.12333333333333335
FUR-CH-10002774,"Global Deluxe Stacking Chair, Gray",764.0,76.9798,19,0.21428571428571427
TEC-CO-10004078,"HP Personal Copier, Laser",249.0,77.04,2,0.0
OFF-SU-10000514,"Kleencut Shears, High Speed",210.0,77.11500000000001,5,0.25
OFF-ST-10000876,Eldon Simplefile Box Office,346.0,77.128,30,0.07500000000000001
OFF-EN-10002396,"Jiffy Mailers, Set of 50",417.0,77.184,18,0.06666666666666667
OFF-STI-10003234,"Stiletto Trimmer, Steel",522.0,77.22000000000001,16,0.09999999999999999
OFF-LA-10004648,"Avery Color Coded Labels, 5000 Label Set",210.0,77.28,23,0.0
OFF-BI-10002594,"Cardinal Binder Covers, Recycled",204.0,77.2872,18,0.09500000000000001
FUR-CH-10003558,"Hon Swivel Stool, Black",580.0,77.292,6,0.4
FUR-FU-10002168,"Eldon Photo Frame, Black",278.0,77.328,8,0.1
OFF-EN-10004537,"GlobeWeis Clasp Envelope, with clear poly window",162.0,77.4,18,0.0
OFF-AR-10003691,"Stanley Sketch Pad, Easy-Erase",495.0,77.48,20,0.19999999999999998
FUR-RUB-10002021,"Rubbermaid Light Bulb, Durable",212.0,77.511,14,0.09999999999999999
OFF-FA-10000801,"Advantus Paper Clips, Assorted Sizes",260.0,77.58,29,0.044444444444444446
OFF-EN-10002592,"Peel & Seel Recycled Catalog Envelopes, Brown",177.0,77.586,17,0.1
OFF-PA-10004996,"Speediset Carbonless Redi-Letter 7"" x 8 1/2""",182.0,77.6343,19,0.08
OFF-PA-10001761,"Eaton Message Books, Multicolor",237.0,77.692,17,0.05714285714285715
OFF-ST-10004800,"Eldon Folders, Industrial",477.0,77.72,44,0.08888888888888889
OFF-PA-10003848,Xerox 1997,178.0,77.76,30,0.05
OFF-AR-10002445,SANFORD Major Accent Highlighters,208.0,77.88,30,0.028571428571428574
OFF-FA-10000509,"Advantus Clamps, Bulk Pack",304.0,77.896,24,0.08
TEC-MA-10001187,"Okidata Calculator, Wireless",244.0,77.98,7,0.0
TEC-AC-10000474,"Logitech Flash Drive, USB",202.0,78.012,7,0.2
OFF-SAN-10003226,"SanDisk Message Books, Recycled",209.0,78.024,10,0.15
OFF-ST-10001325,Sterilite Officeware Hinged File Box,343.0,78.076,35,0.07272727272727274
FUR-FU-10003427,"Rubbermaid Frame, Erganomic",610.0,78.1062,7,0.185
OFF-PA-10004145,"Xerox Message Books, 8.5 x 11",399.0,78.213,17,0.03333333333333333
OFF-ST-10000025,Fellowes Stor/Drawer Steel Plus Storage Drawers,3398.0,78.2526,37,0.05
FUR-FU-10002671,Electrix 20W Halogen Replacement Bulb for Zoom-In Desk Lamp,168.0,78.256,13,0.04
OFF-LA-10000990,"Harbour Creations Legal Exhibit Labels, Alphabetical",168.0,78.256,24,0.05714285714285715
TEC-MA-10000776,"Okidata Calculator, Wireless",314.0,78.3,6,0.0
OFF-FA-10003626,"Advantus Rubber Bands, Assorted Sizes",233.0,78.3048,19,0.11399999999999999
TEC-AC-10003023,Logitech G105 Gaming Keyboard,759.0,78.36840000000001,14,0.12000000000000002
OFF-ACC-10004871,"Acco Binder Covers, Economy",228.0,78.432,19,0.1857142857142857
TEC-AC-10000431,"Belkin Flash Drive, Bluetooth",308.0,78.5,13,0.1
FUR-FU-10001933,"Tenex Stacking Tray, Black",486.0,78.5367,23,0.1685714285714286
FUR-BO-10001387,"Safco Floating Shelf Set, Traditional",1180.0,78.53999999999996,10,0.3666666666666667
OFF-ST-10004976,"Rogers Lockers, Blue",4457.0,78.608,32,0.028571428571428574
FUR-SAF-10004530,"Safco Floating Shelf Set, Traditional",630.0,78.618,5,0.3
OFF-LA-10004777,"Smead Shipping Labels, 5000 Label Set",261.0,78.64,33,0.02
OFF-EN-10002166,"Cameo Manila Envelope, with clear poly window",184.0,78.66,6,0.0
OFF-FA-10000455,"Stockwell Thumb Tacks, 12 Pack",233.0,78.672,28,0.044444444444444446
OFF-SU-10003157,"Elite Letter Opener, Steel",195.0,78.72,13,0.08
FUR-FU-10001915,"Rubbermaid Stacking Tray, Black",305.0,78.72,13,0.05
OFF-ENE-10001906,"Enermax Message Books, Recycled",177.0,78.72,8,0.0
OFF-PA-10004101,Xerox 1894,168.0,78.79679999999999,27,0.08
TEC-AC-10003577,"Memorex Router, USB",986.0,78.84,4,0.0
OFF-SU-10001233,"Stiletto Trimmer, Serrated",395.0,78.9,15,0.0
FUR-BO-10002182,"Safco Floating Shelf Set, Pine",4120.0,78.91199999999999,24,0.1285714285714286
OFF-LA-10002225,"Hon Shipping Labels, 5000 Label Set",165.0,78.96000000000001,14,0.0
TEC-AC-10004539,"Logitech Flash Drive, USB",200.0,79.044,11,0.06666666666666667
OFF-WIL-10000777,"Wilson Jones 3-Hole Punch, Recycled",495.0,79.065,21,0.13999999999999999
OFF-SU-10002306,"Elite Scissors, Steel",502.0,79.0698,25,0.13399999999999998
OFF-PA-10000108,"Green Bar Parchment Paper, 8.5 x 11",170.0,79.116,13,0.1
OFF-FA-10004186,"Advantus Thumb Tacks, Bulk Pack",249.0,79.116,33,0.15000000000000002
TEC-MOT-10002689,"Motorola Headset, Cordless",248.0,79.19999999999999,3,0.0
OFF-AME-10001587,"Ames Peel and Seal, with clear poly window",235.0,79.248,13,0.15
TEC-CO-10003420,"Sharp Wireless Fax, High-Speed",471.0,79.29568,2,0.002
TEC-PH-10000923,"Belkin SportFit Armband For iPhone 5s/5c, Fuchsia",240.0,79.2971,21,0.2
FUR-HON-10001960,"Hon Wood Table, Rectangular",529.0,79.32,1,0.0
OFF-BI-10000335,"Cardinal 3-Hole Punch, Durable",670.0,79.36,38,0.1272727272727273
OFF-BI-10002511,"Avery 3-Hole Punch, Clear",888.0,79.365,34,0.08571428571428572
OFF-LA-10003084,"Avery File Folder Labels, Alphabetical",242.0,79.38,27,0.0
OFF-PA-10001725,Xerox 1892,178.0,79.458,5,0.1
OFF-ST-10002499,"Fellowes Shelving, Single Width",885.0,79.491,16,0.04
OFF-EN-10000890,"Ames Peel and Seal, Recycled",226.0,79.56,13,0.0
TEC-PH-10001725,"Motorola Speaker Phone, Cordless",1591.0,79.56,12,0.0
FUR-HON-10002941,"Hon Swivel Stool, Set of Two",332.0,79.62,2,0.0
TEC-SAN-10004721,"SanDisk Numeric Keypad, Bluetooth",498.0,79.65,9,0.0
TEC-MEM-10001409,"Memorex Keyboard, Bluetooth",570.0,79.68,8,0.0
OFF-BRE-10000493,"Breville Coffee Grinder, Red",186.0,79.74,3,0.0
OFF-LA-10002334,"Smead Shipping Labels, Alphabetical",214.0,79.744,29,0.05
OFF-PA-10001968,"Eaton Computer Printout Paper, 8.5 x 11",619.0,79.7535,27,0.22249999999999998
OFF-STO-10000924,"Stockwell Rubber Bands, Metal",167.0,79.80000000000001,10,0.0
TEC-PH-10001198,Avaya 4621SW VoIP phone,708.0,79.866,12,0.2
OFF-PA-10003784,"Eaton Note Cards, Premium",220.0,79.9014,10,0.1925
OFF-AP-10000864,"Hamilton Beach Refrigerator, Black",899.0,79.908,2,0.1
FUR-BO-10002708,"Dania Library with Doors, Pine",728.0,79.98,2,0.0
FUR-DAN-10001622,"Dania Library with Doors, Pine",728.0,79.98,2,0.0
OFF-STO-10003342,"Stockwell Rubber Bands, Assorted Sizes",169.0,79.986,13,0.12
FUR-HAR-10002697,"Harbour Creations Executive Leather Armchair, Adjustable",800.0,80.01599999999999,3,0.4333333333333333
FUR-CH-10003771,"Harbour Creations Steel Folding Chair, Black",382.0,80.16,4,0.0
TEC-CO-10000135,"HP Wireless Fax, High-Speed",1669.0,80.23484,7,0.002
FUR-BO-10002682,"Safco Stackable Bookrack, Mobile",998.0,80.256,7,0.05
OFF-FA-10002728,"Advantus Paper Clips, Assorted Sizes",178.0,80.28,13,0.05
OFF-SU-10001409,"Stiletto Scissors, Serrated",244.0,80.28,12,0.0
OFF-FA-10002526,"Accos Staples, 12 Pack",182.0,80.324,27,0.03333333333333333
OFF-SU-10003697,"Elite Scissors, High Speed",327.0,80.355,21,0.3333333333333333
FUR-TA-10001950,Balt Solid Wood Round Tables,893.0,80.3682,2,0.0
FUR-BUS-10004644,"Bush Library with Doors, Pine",731.0,80.4,2,0.0
OFF-PA-10003022,Standard Line “While You Were Out” Hardbound Telephone Message Book,211.0,80.4468,11,0.1
OFF-PA-10004160,"SanDisk Note Cards, Premium",268.0,80.46,9,0.0
OFF-FA-10000227,"OIC Clamps, Metal",179.0,80.46000000000001,9,0.0
OFF-AP-10001242,APC 7 Outlet Network SurgeArrest Surge Protector,1205.0,80.47999999999999,20,0.225
OFF-STA-10001636,"Stanley Markers, Water Color",692.0,80.51399999999998,36,0.22941176470588234
OFF-EN-10002736,"Cameo Clasp Envelope, with clear poly window",247.0,80.55,20,0.08333333333333333
FUR-CH-10004920,"Office Star Chairmat, Red",1151.0,80.616,28,0.08888888888888889
OFF-ACC-10003713,"Accos Clamps, Assorted Sizes",270.0,80.63999999999999,16,0.0
OFF-OIC-10001056,"OIC Clamps, 12 Pack",234.0,80.64,16,0.38
TEC-AC-10000742,"SanDisk Flash Drive, Erganomic",682.0,80.7045,23,0.18999999999999997
OFF-BIN-10002061,"Binney & Smith Sketch Pad, Blue",2001.0,80.78400000000002,56,0.2260869565217391
FUR-FU-10000605,"Rubbermaid Light Bulb, Black",185.0,80.832,10,0.025
OFF-PA-10001950,Southworth 25% Cotton Antique Laid Paper & Envelopes,200.0,80.898,26,0.12000000000000002
TEC-MA-10002660,"Epson Phone, White",278.0,80.91,4,0.125
FUR-RUB-10001380,"Rubbermaid Photo Frame, Erganomic",462.0,80.934,11,0.19999999999999998
FUR-CH-10004698,"Padded Folding Chairs, Black, 4/Carton",1830.0,80.97999999999999,30,0.225
OFF-LA-10002364,"Smead Shipping Labels, Alphabetical",349.0,81.0108,33,0.16166666666666665
FUR-FU-10003362,"Rubbermaid Stacking Tray, Erganomic",419.0,81.056,28,0.08
OFF-FA-10003734,"OIC Rubber Bands, Metal",176.0,81.124,16,0.028571428571428574
TEC-AC-10004566,"Belkin Mouse, USB",919.0,81.1332,31,0.22714285714285715
FUR-FU-10000815,"Eldon Door Stop, Black",1259.0,81.16919999999999,29,0.13428571428571429
FUR-ADV-10000847,"Advantus Stacking Tray, Black",290.0,81.17999999999999,11,0.0
TEC-ENE-10004728,"Enermax Keyboard, Erganomic",325.0,81.17999999999999,6,0.4
OFF-BI-10001568,"Ibico Binder Covers, Economy",587.0,81.27,43,0.0
OFF-EN-10003567,"Inter-Office Recycled Envelopes, Brown Kraft, Button-String,10"" x 13"" , 100/Box",198.0,81.326,10,0.06666666666666667
OFF-AR-10003005,"Boston Markers, Fluorescent",904.0,81.351,35,0.049999999999999996
FUR-TEN-10000407,"Tenex Door Stop, Erganomic",511.0,81.36,12,0.0
FUR-BO-10002926,"Bush Stackable Bookrack, Mobile",742.0,81.36,6,0.0
TEC-PH-10003877,"Samsung Office Telephone, Cordless",1333.0,81.372,30,0.03333333333333333
OFF-OIC-10001155,"OIC Paper Clips, Bulk Pack",184.0,81.384,14,0.13333333333333333
OFF-LA-10002312,Avery 490,177.0,81.4,13,0.08
OFF-AR-10002535,"Stanley Markers, Water Color",384.0,81.43199999999999,24,0.07500000000000001
TEC-CO-10000666,"Hewlett Copy Machine, Laser",3635.0,81.43799999999999,19,0.25999999999999995
FUR-BO-10000624,"Safco Classic Bookcase, Metal",3266.0,81.44799999999998,13,0.12000000000000002
OFF-AP-10004183,"Breville Microwave, Red",905.0,81.45,3,0.0
FUR-FU-10003577,Nu-Dell Leatherette Frames,247.0,81.4512,18,0.06666666666666667
OFF-FA-10001520,"Stockwell Thumb Tacks, 12 Pack",182.0,81.48,14,0.0
OFF-AP-10001492,"Acco Six-Outlet Power Strip, 4' Cord Length",343.0,81.54520000000001,41,0.022222222222222223
TEC-PH-10000497,"Nokia Office Telephone, Cordless",347.0,81.558,6,0.175
FUR-FU-10001986,"Dana Fluorescent Magnifying Lamp, White, 36""",581.0,81.568,14,0.25
OFF-SU-10001709,"Kleencut Scissors, High Speed",260.0,81.5985,14,0.15666666666666665
OFF-AR-10002440,"Stanley Highlighters, Fluorescent",170.0,81.6,16,0.0
TEC-PH-10002491,"Samsung Office Telephone, Cordless",544.0,81.6,8,0.0
OFF-AR-10001773,"Sanford Markers, Water Color",742.0,81.6744,32,0.11571428571428573
OFF-PA-10000540,"Enermax Note Cards, Multicolor",479.0,81.75999999999999,24,0.06666666666666667
OFF-AP-10002433,"Cuisinart Microwave, Silver",372.0,81.88,2,0.0
OFF-SU-10001791,"Elite Box Cutter, Serrated",411.0,81.9,13,0.0
OFF-PA-10003172,Xerox 1996,176.0,81.9072,28,0.025
FUR-CH-10000373,"Hon Steel Folding Chair, Set of Two",167.0,81.96,2,0.0
OFF-IBI-10002805,"Ibico 3-Hole Punch, Economy",338.0,81.96000000000001,17,0.27499999999999997
OFF-ACM-10002816,"Acme Letter Opener, Steel",589.0,82.029,29,0.16249999999999998
OFF-PA-10000781,"Eaton Message Books, 8.5 x 11",260.0,82.184,18,0.12000000000000002
FUR-SAF-10003160,"SAFCO Rocking Chair, Adjustable",962.0,82.19999999999999,10,0.24
OFF-BI-10001028,"Ibico 3-Hole Punch, Clear",536.0,82.2063,22,0.18875
OFF-BI-10000827,"Acco Binder, Recycled",385.0,82.24799999999999,40,0.06000000000000001
OFF-EN-10002406,"Kraft Business Envelopes, Recycled",198.0,82.26,12,0.16666666666666666
OFF-BI-10000368,"Avery Binder Covers, Durable",706.0,82.284,57,0.020000000000000004
OFF-FA-10001246,"OIC Staples, Metal",171.0,82.35,15,0.0
TEC-MA-10004143,"Konica Calculator, Wireless",219.0,82.4775,5,0.15
FUR-TEN-10000525,"Tenex Clock, Black",725.0,82.52999999999999,17,0.2375
OFF-SU-10002900,"Kleencut Trimmer, Easy Grip",344.0,82.56,8,0.0
TEC-AC-10004897,"Logitech Keyboard, Programmable",814.0,82.59,13,0.18333333333333335
TEC-AC-10001907,"SanDisk Flash Drive, Bluetooth",366.0,82.5996,13,0.3133333333333333
OFF-SU-10001173,"Stiletto Trimmer, Easy Grip",414.0,82.6,14,0.0
OFF-ACM-10004587,"Acme Scissors, Steel",334.0,82.62599999999999,19,0.175
OFF-LA-10000707,"Avery Legal Exhibit Labels, Adjustable",268.0,82.65,29,0.0
OFF-AR-10003978,"Binney & Smith Sketch Pad, Easy-Erase",310.0,82.76939999999999,8,0.1675
OFF-PA-10002245,Xerox 1895,192.0,82.82300000000001,33,0.05714285714285715
OFF-FIS-10000063,"Fiskars Shears, High Speed",229.0,82.872,6,0.24
OFF-PA-10001979,"Enermax Message Books, Premium",339.0,83.01,16,0.235
OFF-EN-10004677,"Jiffy Manila Envelope, Set of 50",208.0,83.04,8,0.0
OFF-ST-10002873,"Fellowes Folders, Industrial",269.0,83.1,15,0.0
TEC-MA-10000261,"StarTech Calculator, Red",778.0,83.1345,22,0.06
OFF-ST-10002362,"Eldon Shelving, Single Width",304.0,83.18,11,0.2
OFF-CAM-10004269,"Cameo Business Envelopes, Security-Tint",269.0,83.19,17,0.09999999999999999
OFF-FA-10002248,"Stockwell Staples, Assorted Sizes",211.0,83.205,27,0.07142857142857142
OFF-EN-10003862,Laser & Ink Jet Business Envelopes,199.0,83.226,20,0.04
OFF-ST-10002670,"Smead Folders, Industrial",204.0,83.3,17,0.0
OFF-PA-10002618,"Eaton Memo Slips, Multicolor",376.0,83.3175,28,0.09499999999999999
OFF-PA-10002764,Staples,170.0,83.349,15,0.0
FUR-HAR-10002328,"Harbour Creations Swivel Stool, Black",1155.0,83.35499999999999,9,0.38
OFF-AP-10002670,Belkin 8-Outlet Premiere SurgeMaster II Surge Protectors,277.0,83.376,4,0.0
OFF-IBI-10004074,"Ibico 3-Hole Punch, Clear",336.0,83.41199999999999,14,0.17499999999999996
TEC-CO-10001560,"Hewlett Ink, Color",300.0,83.45952,3,0.002
TEC-PAN-10001674,"Panasonic Receipt Printer, White",239.0,83.46,2,0.0
TEC-PH-10003870,"Samsung Signal Booster, VoIP",1366.0,83.6,16,0.06666666666666667
OFF-EN-10000556,"Kraft Interoffice Envelope, Security-Tint",972.0,83.604,20,0.0125
OFF-BI-10002080,"Acco Binder, Clear",240.0,83.604,25,0.02
TEC-PH-10004667,Cisco 8x8 Inc. 6753i IP Business Phone System,2646.0,83.69379999999998,26,0.16666666666666666
OFF-AR-10001329,"BIC Pens, Fluorescent",382.0,83.7378,27,0.0675
OFF-WIL-10003933,"Wilson Jones Binder Covers, Durable",285.0,83.757,29,0.15625
TEC-PH-10004896,Nokia Lumia 521 (T-Mobile),516.0,83.972,20,0.16
FUR-FU-10002304,"Tenex Photo Frame, Duo Pack",249.0,84.06,6,0.2
OFF-ACM-10002301,"Acme Trimmer, Serrated",700.0,84.15,17,0.0
OFF-AP-10001776,"Hoover Refrigerator, Red",561.0,84.184,2,0.2
OFF-SAN-10001634,"Sanford Canvas, Easy-Erase",1499.0,84.225,32,0.17857142857142858
FUR-TA-10003485,"Bevis Training Table, Rectangular",355.0,84.24,2,0.2
OFF-EN-10000271,"Kraft Peel and Seal, with clear poly window",312.0,84.24000000000001,13,0.0
OFF-ST-10002466,"Smead Box, Blue",232.0,84.316,34,0.06666666666666667
OFF-AR-10003369,"Stanley Canvas, Blue",205.0,84.356,7,0.1
OFF-ST-10004550,"Fellowes Folders, Wire Frame",632.0,84.426,29,0.14444444444444446
TEC-AC-10003063,Micro Innovations USB RF Wireless Keyboard with Mouse,440.0,84.5,18,0.03333333333333333
OFF-EN-10004560,"Ames Mailers, Security-Tint",323.0,84.5325,12,0.255
OFF-FA-10004734,"Advantus Rubber Bands, Bulk Pack",352.0,84.588,24,0.08571428571428572
OFF-ENE-10004132,"Enermax Computer Printout Paper, 8.5 x 11",326.0,84.6,10,0.0
OFF-FA-10001051,"OIC Rubber Bands, Metal",223.0,84.63,13,0.0
OFF-AR-10002672,"Boston Highlighters, Blue",538.0,84.67500000000001,32,0.1
OFF-EN-10003636,"Jiffy Peel and Seal, Security-Tint",422.0,84.708,30,0.08571428571428573
TEC-AC-10001047,"SanDisk Router, Erganomic",169.0,84.72,1,0.0
TEC-CIS-10002986,"Cisco Speaker Phone, Cordless",847.0,84.78,6,0.0
FUR-FU-10004053,DAX Two-Tone Silver Metal Document Frame,234.0,84.80560000000001,13,0.13333333333333333
TEC-AC-10003668,"Belkin Memory Card, Bluetooth",747.0,84.82500000000002,8,0.175
OFF-AP-10000490,"Hamilton Beach Coffee Grinder, Silver",443.0,84.8361,11,0.08
OFF-AR-10004656,"Boston Sketch Pad, Easy-Erase",619.0,84.8742,14,0.0925
OFF-BI-10001460,Plastic Binding Combs,269.0,84.9915,23,0.26
TEC-SAN-10002871,"SanDisk Numeric Keypad, USB",265.0,85.05000000000001,5,0.0
OFF-LA-10002068,"Smead Removable Labels, Adjustable",334.0,85.08,51,0.12000000000000002
TEC-PH-10003994,"Apple Office Telephone, Full Size",533.0,85.2,8,0.0
OFF-FA-10003530,"OIC Clamps, Bulk Pack",605.0,85.212,35,0.13333333333333333
FUR-HON-10003412,"Hon Wood Table, Fully Assembled",533.0,85.23,1,0.0
OFF-BI-10002794,"Avery Trapezoid Ring Binder, 3"" Capacity, Black, 1040 sheets",545.0,85.2384,22,0.5
OFF-AR-10002144,"Stanley Pens, Blue",245.0,85.275,29,0.13999999999999999
TEC-MA-10004064,"Panasonic Calculator, Red",332.0,85.28999999999999,8,0.16666666666666666
FUR-FU-10004903,"Eldon Light Bulb, Black",442.0,85.32,30,0.13333333333333336
OFF-PA-10004286,"Enermax Cards & Envelopes, Recycled",329.0,85.47,7,0.0
OFF-AR-10001708,"Boston Sketch Pad, Blue",469.0,85.476,10,0.0425
TEC-MA-10003986,"Konica Receipt Printer, Wireless",575.0,85.57499999999999,5,0.075
OFF-AP-10004749,"Cuisinart Coffee Grinder, Red",259.0,85.64699999999999,8,0.16666666666666666
OFF-PA-10001523,"Enermax Cards & Envelopes, Premium",353.0,85.65,8,0.125
TEC-AC-10001197,"Logitech Memory Card, Erganomic",553.0,85.672,11,0.25
TEC-BEL-10000681,"Belkin Mouse, USB",574.0,85.68,14,0.0
OFF-FA-10003495,Staples,190.0,85.728,35,0.05714285714285715
OFF-AVE-10004708,"Avery Binder, Recycled",213.0,85.752,18,0.13846153846153844
OFF-BI-10004534,"Wilson Jones Binding Machine, Recycled",724.0,85.77120000000001,19,0.154
OFF-FA-10003638,"Stockwell Clamps, 12 Pack",332.0,85.776,31,0.125
OFF-PA-10002005,Xerox 225,196.0,85.7952,33,0.06666666666666668
OFF-ST-10000615,"SimpliFile Personal File, Black Granite, 15w x 6-15/16d x 11-1/4h",346.0,85.806,32,0.07500000000000001
FUR-HON-10002599,"Hon Chairmat, Adjustable",615.0,85.812,12,0.11666666666666665
OFF-PA-10001844,"Eaton Message Books, 8.5 x 11",253.0,85.824,12,0.15
OFF-PA-10000249,Staples,197.0,85.8372,17,0.06666666666666667
OFF-FA-10001228,"Accos Clamps, Bulk Pack",179.0,85.896,14,0.03333333333333333
FUR-FU-10000950,"Deflect-O Door Stop, Durable",615.0,85.95,15,0.0
FUR-FU-10003012,"Rubbermaid Stacking Tray, Durable",430.0,86.04119999999999,21,0.18
OFF-SU-10001218,Fiskars Softgrip Scissors,308.0,86.0832,28,0.0
OFF-STO-10000347,"Stockwell Clamps, Assorted Sizes",361.0,86.298,26,0.2375
OFF-PA-10002616,"Green Bar Parchment Paper, Multicolor",271.0,86.4,15,0.0
OFF-EN-10000461,"#10- 4 1/8"" x 9 1/2"" Recycled Envelopes",210.0,86.43860000000001,27,0.07500000000000001
FUR-CH-10001914,"Harbour Creations Bag Chairs, Black",940.0,86.488,27,0.1142857142857143
OFF-AR-10000724,"Boston Pens, Fluorescent",662.0,86.49,45,0.07142857142857142
TEC-BRO-10000348,"Brother Copy Machine, High-Speed",787.0,86.49,3,0.0
FUR-BO-10000279,"Dania Classic Bookcase, Pine",371.0,86.529,1,0.1
FUR-IKE-10002268,"Ikea Floating Shelf Set, Metal",510.0,86.58,3,0.0
OFF-SU-10004177,"Fiskars Box Cutter, Easy Grip",724.0,86.67,22,0.15
OFF-AR-10000733,"Binney & Smith Canvas, Fluorescent",263.0,86.7,5,0.0
FUR-OFF-10001224,"Office Star Swivel Stool, Red",1740.0,86.7,10,0.0
TEC-CO-10004343,"HP Wireless Fax, Color",868.0,86.76,4,0.4
OFF-AP-10002017,"Cuisinart Blender, Red",692.0,86.77680000000001,11,0.085
OFF-AR-10002650,"Sanford Markers, Easy-Erase",216.0,86.784,15,0.08
OFF-SU-10004627,"Stiletto Box Cutter, High Speed",396.0,86.79,11,0.0
OFF-AP-10002998,Holmes 99% HEPA Air Purifier,334.0,86.8566,17,0.1
OFF-PA-10002862,"Green Bar Message Books, Recycled",379.0,86.88,16,0.0
FUR-TEN-10003050,"Tenex Photo Frame, Black",311.0,86.94,6,0.0
TEC-AC-10002148,"Belkin Keyboard, Programmable",512.0,86.94,9,0.0
FUR-FU-10003886,"Tenex Photo Frame, Black",208.0,87.0,6,0.0
OFF-LA-10002295,"Novimex Shipping Labels, Alphabetical",200.0,87.06,29,0.05714285714285715
OFF-BI-10002026,Avery Arch Ring Binders,1318.0,87.15000000000003,40,0.39
OFF-AP-10003590,Hoover WindTunnel Plus Canister Vacuum,872.0,87.18,3,0.2
TEC-BEL-10001189,"Belkin Router, Erganomic",360.0,87.204,2,0.3
OFF-SU-10000877,"Acme Scissors, Easy Grip",621.0,87.30000000000001,26,0.08333333333333333
OFF-STI-10000856,"Stiletto Shears, Easy Grip",398.0,87.36,8,0.0
TEC-PH-10004912,Cisco SPA112 2 Port Phone Adapter,517.0,87.37049999999999,11,0.13333333333333333
TEC-AC-10001246,"Enermax Numeric Keypad, Erganomic",831.0,87.46400000000001,24,0.1142857142857143
OFF-EN-10003559,"Jiffy Clasp Envelope, with clear poly window",240.0,87.52000000000001,34,0.08888888888888889
TEC-MA-10002992,"Konica Card Printer, Wireless",175.0,87.57,1,0.0
TEC-CO-10002601,"Brother Fax and Copier, Digital",1567.0,87.666,9,0.08
OFF-AP-10004785,"Holmes Replacement Filter for HEPA Air Cleaner, Medium Room",205.0,87.69420000000001,18,0.0
OFF-PA-10003724,"Wirebound Message Book, 4 per Page",185.0,87.6945,35,0.028571428571428574
FUR-BO-10000402,"Sauder Stackable Bookrack, Traditional",834.0,87.696,6,0.05
OFF-SU-10003749,"Fiskars Box Cutter, Easy Grip",443.0,87.708,19,0.08
OFF-BI-10003582,"Cardinal Index Tab, Economy",274.0,87.744,33,0.07125000000000001
OFF-SU-10003509,"Stiletto Ruler, Easy Grip",216.0,87.75,13,0.0
OFF-EN-10003547,"Jiffy Interoffice Envelope, Set of 50",882.0,87.78,19,0.0
OFF-BI-10004903,"Ibico Hole Reinforcements, Durable",367.0,87.795,46,0.1
OFF-FA-10003161,"OIC Paper Clips, Assorted Sizes",235.0,87.804,21,0.06000000000000001
OFF-AR-10003738,"Boston Canvas, Fluorescent",418.0,87.84,10,0.13333333333333333
OFF-BI-10003763,"Ibico Index Tab, Economy",337.0,87.843,36,0.12
FUR-FU-10004617,"Eldon Stacking Tray, Duo Pack",454.0,87.864,26,0.16
OFF-ST-10004325,"Eldon Box, Single Width",249.0,87.9264,26,0.10444444444444445
OFF-SU-10001879,"Acme Trimmer, High Speed",468.0,87.93,12,0.125
FUR-FU-10000672,"Executive Impressions 10"" Spectator Wall Clock",259.0,87.9648,22,0.0
FUR-CH-10004387,"Hon Chairmat, Red",926.0,87.98,29,0.1142857142857143
OFF-AP-10002709,"Breville Coffee Grinder, White",760.0,88.0,21,0.08
TEC-AC-10001438,"SanDisk Flash Drive, Programmable",1280.0,88.05839999999999,35,0.08374999999999999
OFF-EN-10002806,"GlobeWeis Peel and Seal, Recycled",282.0,88.0629,18,0.22799999999999998
OFF-PA-10000677,"Green Bar Memo Slips, Premium",236.0,88.08,22,0.05714285714285715
OFF-EN-10003040,Quality Park Security Envelopes,241.0,88.19290000000001,11,0.15000000000000002
TEC-PH-10004105,"Motorola Speaker Phone, VoIP",2208.0,88.23,17,0.0
TEC-AC-10000097,"Belkin Mouse, Programmable",620.0,88.24,23,0.08
OFF-BI-10001510,Deluxe Heavy-Duty Vinyl Round Ring Binder,505.0,88.242,33,0.3285714285714286
TEC-PH-10000193,Jensen SMPS-640 - speaker phone,496.0,88.28160000000001,12,0.1
OFF-FIS-10000670,"Fiskars Scissors, Steel",180.0,88.32,8,0.0
TEC-AC-10000284,"Belkin Flash Drive, Bluetooth",446.0,88.3422,12,0.22999999999999998
TEC-AC-10004951,"Memorex Mouse, Erganomic",333.0,88.344,22,0.13333333333333333
FUR-FU-10000023,Eldon Wave Desk Accessories,238.0,88.35,45,0.2
OFF-EN-10003373,"GlobeWeis Interoffice Envelope, Recycled",420.0,88.38,10,0.16666666666666666
TEC-AC-10004761,Maxell 4.7GB DVD+RW 3/Pack,264.0,88.4115,17,0.05
FUR-FU-10004270,"Executive Impressions 13"" Clairmont Wall Clock",316.0,88.458,20,0.22499999999999998
OFF-BOS-10000477,"Boston Canvas, Blue",772.0,88.506,17,0.28888888888888886
OFF-ST-10004841,"Eldon Box, Blue",279.0,88.5138,28,0.06166666666666667
TEC-PH-10000158,"Apple Signal Booster, VoIP",1443.0,88.617,11,0.049999999999999996
OFF-PA-10000019,Xerox 1931,209.0,88.6464,36,0.07500000000000001
OFF-ST-10004330,"Smead Folders, Single Width",231.0,88.664,23,0.16
OFF-LA-10000590,"Smead Color Coded Labels, 5000 Label Set",197.0,88.66799999999999,15,0.03333333333333333
OFF-PA-10004815,"Xerox Note Cards, Premium",458.0,88.7106,20,0.20166666666666666
OFF-TEN-10003127,"Tenex Box, Industrial",261.0,88.79400000000001,19,0.25
TEC-AC-10004051,"Enermax Flash Drive, Programmable",287.0,88.8,10,0.0
OFF-PA-10002767,"Enermax Message Books, Premium",300.0,88.8,22,0.13333333333333333
OFF-CAR-10002375,"Cardinal Binder Covers, Durable",403.0,88.83000000000001,34,0.09999999999999999
OFF-EN-10001539,Staples,196.0,88.8476,26,0.028571428571428574
OFF-EN-10001202,"Kraft Clasp Envelope, with clear poly window",213.0,88.92,19,0.08333333333333333
OFF-BI-10003784,"Ibico Index Tab, Economy",257.0,88.96799999999999,30,0.15
FUR-TA-10001192,"Hon Training Table, Fully Assembled",891.0,89.02,5,0.2
OFF-PA-10004111,"Enermax Parchment Paper, Multicolor",337.0,89.04,21,0.08333333333333333
FUR-CH-10000233,"SAFCO Chairmat, Red",535.0,89.072,18,0.2285714285714286
FUR-CH-10004065,"SAFCO Bag Chairs, Adjustable",1093.0,89.1765,23,0.1125
OFF-ST-10001426,"Eldon Folders, Single Width",369.0,89.187,31,0.30000000000000004
OFF-SU-10004496,"Kleencut Scissors, Easy Grip",408.0,89.25,17,0.0
OFF-ST-10000880,"Rogers Box, Blue",253.0,89.28399999999999,17,0.13333333333333333
FUR-SAF-10002314,"SAFCO Swivel Stool, Black",2103.0,89.30699999999995,19,0.2333333333333333
FUR-BO-10002889,"Dania Stackable Bookrack, Pine",223.0,89.358,2,0.1
OFF-EN-10002556,"Ames Business Envelopes, Recycled",215.0,89.3664,13,0.0425
OFF-AP-10003849,Hoover Shoulder Vac Commercial Portable Vacuum,2505.0,89.45500000000001,9,0.22000000000000003
TEC-SAM-10004230,"Samsung Smart Phone, Cordless",1278.0,89.46,2,0.0
OFF-PA-10000740,Xerox 1982,238.0,89.5328,12,0.06666666666666667
OFF-AR-10003674,"BIC Pencil Sharpener, Water Color",236.0,89.54,11,0.0
FUR-ELD-10000963,"Eldon Stacking Tray, Durable",428.0,89.55,15,0.0
OFF-PA-10003301,"Green Bar Parchment Paper, Recycled",308.0,89.6,28,0.0
OFF-SU-10002169,"Fiskars Letter Opener, High Speed",274.0,89.62,16,0.08571428571428573
TEC-AC-10000097,"Memorex Keyboard, Bluetooth",642.0,89.64,9,0.0
OFF-EN-10000142,"Ames Business Envelopes, Security-Tint",274.0,89.658,19,0.02
OFF-SU-10001137,"Kleencut Scissors, High Speed",289.0,89.7,13,0.0
TEC-PH-10000586,AT&T SB67148 SynJ,476.0,89.74640000000001,8,0.13333333333333333
OFF-ST-10004871,"Rogers Trays, Blue",820.0,89.784,16,0.13333333333333333
TEC-CO-10004185,"Sharp Personal Copier, High-Speed",393.0,89.812,5,0.002
OFF-EN-10004899,"Jiffy Mailers, Recycled",465.0,89.852,23,0.19999999999999998
TEC-CO-10000915,"Hewlett Ink, High-Speed",1426.0,89.8944,15,0.042
FUR-TEN-10002448,"Tenex Stacking Tray, Erganomic",200.0,89.91,9,0.0
OFF-AP-10002191,Belkin 8 Outlet SurgeMaster II Gold Surge Protector,738.0,89.97,15,0.22000000000000003
TEC-AC-10001874,Logitech Wireless Anywhere Mouse MX for PC and Mac,552.0,89.985,11,0.13333333333333333
OFF-PA-10004421,"Enermax Memo Slips, Multicolor",260.0,90.024,24,0.08
OFF-BIN-10002407,"Binney & Smith Highlighters, Water Color",311.0,90.10199999999999,19,0.26999999999999996
FUR-HON-10001776,"Hon Bag Chairs, Red",393.0,90.105,10,0.25999999999999995
FUR-CH-10004983,Office Star - Mid Back Dual function Ergonomic High Back Chair with 2-Way Adjustable Arms,1578.0,90.1488,12,0.16666666666666666
OFF-SU-10000066,"Acme Box Cutter, Serrated",497.0,90.16,26,0.20000000000000004
OFF-LA-10001833,"Hon Shipping Labels, Alphabetical",201.0,90.18,18,0.0
OFF-PA-10003797,Xerox 209,187.0,90.2016,29,0.0
OFF-BI-10004308,Avery Legal 4-Ring Binder,258.0,90.214,16,0.32499999999999996
FUR-FU-10004117,"Eldon Door Stop, Black",321.0,90.22399999999999,10,0.1
OFF-FA-10001702,"Advantus Push Pins, 12 Pack",229.0,90.2286,20,0.20124999999999998
OFF-BI-10002498,Clear Mylar Reinforcing Strips,379.0,90.2727,29,0.41428571428571426
FUR-BEV-10000326,"Bevis Wood Table, Rectangular",531.0,90.3,1,0.0
FUR-RUB-10004633,"Rubbermaid Stacking Tray, Durable",251.0,90.3,10,0.0
TEC-ENE-10002686,"Enermax Numeric Keypad, Erganomic",824.0,90.30000000000001,14,0.0
OFF-AP-10004527,"Hamilton Beach Toaster, White",438.0,90.42,13,0.1
OFF-BI-10004700,"Cardinal Binder, Durable",406.0,90.435,29,0.08714285714285716
OFF-PA-10001972,Xerox 214,213.0,90.46079999999999,37,0.06666666666666668
TEC-MA-10001727,"Konica Receipt Printer, Wireless",1553.0,90.465,13,0.03333333333333333
OFF-ST-10003638,Mobile Personal File Cube,450.0,90.6354,21,0.04
OFF-BI-10000121,"Cardinal Index Tab, Clear",228.0,90.636,35,0.06666666666666667
OFF-PA-10001283,"Green Bar Parchment Paper, Premium",276.0,90.66,29,0.13333333333333336
OFF-AR-10003651,"Sanford Pens, Easy-Erase",529.0,90.705,50,0.05
TEC-APP-10002829,"Apple Audio Dock, Full Size",1008.0,90.72,6,0.0
OFF-ST-10004507,Advantus Rolling Storage Box,427.0,90.7235,27,0.08
OFF-BI-10003007,"Premium Transparent Presentation Covers, No Pattern/Clear, 8 1/2"" x 11""",698.0,90.74519999999998,29,0.2857142857142857
TEC-BEL-10004386,"Belkin Numeric Keypad, Bluetooth",371.0,90.804,7,0.19999999999999998
FUR-HON-10002570,"Hon Chairmat, Set of Two",947.0,90.88199999999998,19,0.4
TEC-PH-10002904,"Motorola Office Telephone, Cordless",1546.0,90.91920000000002,25,0.16285714285714287
OFF-AP-10002472,3M Office Air Cleaner,260.0,90.93,10,0.0
TEC-PH-10003174,RCA ViSYS 25825 Wireless digital phone,728.0,90.993,7,0.2
TEC-MA-10003607,"Okidata Receipt Printer, Red",2382.0,91.011,23,0.1625
TEC-MA-10003625,"Panasonic Inkjet, White",828.0,91.04,4,0.0
TEC-AC-10000171,"Verbatim 25 GB 6x Blu-ray Single Layer Recordable Disc, 25/Pack",248.0,91.0404,12,0.12000000000000002
OFF-ST-10000299,"Tenex Trays, Single Width",216.0,91.08,4,0.0
FUR-RUB-10004036,"Rubbermaid Stacking Tray, Erganomic",285.0,91.08,12,0.0
TEC-MA-10002193,"Panasonic Card Printer, Red",570.0,91.1,5,0.0
FUR-FU-10002759,12-1/2 Diameter Round Wall Clock,552.0,91.1088,36,0.275
TEC-AC-10001956,Microsoft Arc Touch Mouse,360.0,91.124,7,0.1
OFF-GRE-10003943,"Green Bar Message Books, Multicolor",274.0,91.14000000000001,14,0.25999999999999995
TEC-MA-10003404,"Konica Card Printer, Durable",596.0,91.146,4,0.15
OFF-BIN-10000772,"Binney & Smith Pencil Sharpener, Water Color",529.0,91.155,19,0.21666666666666665
OFF-AP-10004464,"Cuisinart Stove, White",536.0,91.17,1,0.0
OFF-ST-10000948,"Fellowes Box, Blue",253.0,91.30080000000001,16,0.16799999999999998
OFF-EN-10002372,"GlobeWeis Manila Envelope, Security-Tint",318.0,91.32000000000001,17,0.04
OFF-PA-10002755,"Xerox Computer Printout Paper, Multicolor",416.0,91.35,15,0.0
FUR-LES-10000904,"Lesro Training Table, with Bottom Storage",538.0,91.38,2,0.0
OFF-PA-10002043,"SanDisk Cards & Envelopes, 8.5 x 11",552.0,91.44,12,0.125
TEC-PH-10000780,"Cisco Smart Phone, with Caller ID",1635.0,91.56000000000003,4,0.25
FUR-BO-10000699,"Sauder 3-Shelf Cabinet, Traditional",2466.0,91.59719999999999,16,0.074
FUR-CH-10002890,"Office Star Chairmat, Adjustable",1399.0,91.6326,21,0.045000000000000005
OFF-SU-10001968,"Acme Scissors, Steel",291.0,91.656,18,0.05
OFF-AR-10003683,"Boston Sketch Pad, Fluorescent",399.0,91.68,8,0.0
TEC-MA-10004295,"Panasonic Phone, Red",328.0,91.8,4,0.0
OFF-SU-10002002,"Fiskars Scissors, Steel",270.0,91.80000000000001,12,0.0
OFF-AR-10001738,"Binney & Smith Canvas, Easy-Erase",365.0,91.852,13,0.19999999999999998
OFF-PA-10003449,"Green Bar Computer Printout Paper, Premium",298.0,91.8648,13,0.26
OFF-BI-10002919,"Acco Binder Covers, Durable",644.0,91.94999999999999,49,0.08375
OFF-PA-10001281,Computer Printout Paper with Letter-Trim Fine Perforations,192.0,91.968,4,0.0
OFF-AR-10001897,Model L Table or Wall-Mount Pencil Sharpener,403.0,92.10879999999999,24,0.08
FUR-TA-10003748,Bevis 36 x 72 Conference Tables,2713.0,92.1226,27,0.18571428571428572
TEC-LOG-10000546,"Logitech Mouse, Bluetooth",204.0,92.19,7,0.0
TEC-AC-10004620,"Belkin Flash Drive, USB",646.0,92.25999999999999,27,0.05714285714285715
OFF-ST-10003990,"Smead Folders, Single Width",540.0,92.286,37,0.16666666666666666
OFF-HOO-10004243,"Hoover Microwave, Black",924.0,92.34,3,0.0
OFF-EN-10004788,"Cameo Manila Envelope, Recycled",516.0,92.4,30,0.0
FUR-NOV-10003053,"Novimex Bag Chairs, Set of Two",385.0,92.4,8,0.0
TEC-MOT-10002560,"Motorola Signal Booster, Full Size",576.0,92.4,4,0.0
OFF-AR-10004648,Boston 19500 Mighty Mite Electric Pencil Sharpener,341.0,92.4885,17,0.0
OFF-ST-10004346,"Tenex Shelving, Single Width",1616.0,92.5695,32,0.074
OFF-PA-10003465,Xerox 1912,201.0,92.5736,11,0.05
OFF-ST-10002522,"Tenex Folders, Blue",316.0,92.592,24,0.2285714285714286
OFF-EN-10003425,"Cameo Mailers, Recycled",197.0,92.64,8,0.0
OFF-PA-10003906,"Eaton Memo Slips, Premium",303.0,92.661,28,0.19874999999999998
OFF-ADV-10003050,"Advantus Rubber Bands, Bulk Pack",282.0,92.82,17,0.0
TEC-ENE-10000154,"Enermax Router, Bluetooth",1033.0,92.88,4,0.0
TEC-AC-10003276,"Enermax Router, USB",2296.0,92.99520000000001,12,0.26
OFF-ST-10000220,"Rogers Shelving, Industrial",761.0,93.0315,13,0.068
FUR-SAU-10002043,"Sauder Floating Shelf Set, Metal",388.0,93.12,2,0.0
OFF-ST-10000464,"Multi-Use Personal File Cart and Caster Set, Three Stacking Bins",370.0,93.15679999999999,11,0.04
OFF-SU-10001698,"Stiletto Box Cutter, Steel",562.0,93.18299999999999,17,0.06666666666666667
OFF-EN-10004424,"GlobeWeis Interoffice Envelope, Set of 50",622.0,93.21000000000001,13,0.0
OFF-AR-10001615,Newell 34,462.0,93.248,25,0.05714285714285715
OFF-SU-10004662,"Elite Scissors, Serrated",344.0,93.25999999999999,29,0.05714285714285715
OFF-BIN-10000711,"Binney & Smith Markers, Fluorescent",777.0,93.37500000000001,37,0.2533333333333333
OFF-EN-10004981,"Ames Interoffice Envelope, with clear poly window",292.0,93.42,6,0.0
OFF-PA-10002292,"SanDisk Computer Printout Paper, Recycled",208.0,93.45,7,0.0
OFF-BIN-10003089,"Binney & Smith Highlighters, Easy-Erase",374.0,93.49199999999999,26,0.16666666666666666
OFF-ST-10004342,"Eldon Box, Industrial",236.0,93.53999999999999,39,0.14
FUR-FU-10004090,"Executive Impressions 14"" Contract Wall Clock",346.0,93.5883,17,0.05714285714285715
TEC-PH-10001492,"Nokia Headset, VoIP",586.0,93.6,8,0.0
TEC-PH-10004682,"Cisco Headset, VoIP",854.0,93.7692,11,0.11333333333333334
OFF-AR-10004139,"Stanley Sketch Pad, Easy-Erase",412.0,93.84,10,0.2
OFF-PA-10002558,Xerox 1938,268.0,93.884,7,0.2
OFF-BI-10003708,"Cardinal Binder, Recycled",609.0,94.05000000000001,46,0.07692307692307693
TEC-CO-10003682,"Sharp Ink, Digital",1174.0,94.113,10,0.05666666666666667
OFF-TEN-10000703,"Tenex Trays, Blue",691.0,94.128,14,0.06666666666666667
TEC-CO-10002379,"Canon Copy Machine, Digital",785.0,94.23,3,0.0
OFF-FA-10003186,"Accos Push Pins, Bulk Pack",359.0,94.23240000000001,27,0.16166666666666665
OFF-PA-10004665,Advantus Motivational Note Cards,228.0,94.32,20,0.12000000000000002
TEC-MA-10004933,"Konica Phone, Wireless",1957.0,94.323,27,0.13999999999999999
OFF-PA-10000501,Petty Cash Envelope,232.0,94.36,10,0.13333333333333333
OFF-STO-10004503,"Stockwell Paper Clips, Metal",243.0,94.416,19,0.11666666666666665
OFF-AR-10000588,Newell 345,479.0,94.4384,26,0.06666666666666668
OFF-TEN-10000894,"Tenex Folders, Single Width",628.0,94.44000000000001,29,0.14444444444444443
FUR-FU-10000087,"Executive Impressions 14"" Two-Color Numerals Wall Clock",310.0,94.51520000000001,16,0.13333333333333333
OFF-ST-10003159,"Smead Trays, Single Width",1566.0,94.5279,37,0.16125
OFF-PA-10004911,"Rediform S.O.S. 1-Up Phone Message Bk, 4-1/4x3-1/16 Bk, 1 Form/Pg, 40 Messages/Bk, 3/Pk",198.0,94.5504,21,0.0
OFF-FA-10004880,"Accos Rubber Bands, Bulk Pack",197.0,94.584,12,0.03333333333333333
OFF-ST-10002406,Pizazz Global Quick File,354.0,94.6104,24,0.03333333333333333
OFF-BOS-10001711,"Boston Sketch Pad, Easy-Erase",652.0,94.611,16,0.16666666666666666
OFF-ST-10001576,"Tenex Folders, Blue",453.0,94.68,23,0.15000000000000002
OFF-BI-10000894,"Avery Binder Covers, Clear",561.0,94.68,57,0.0625
TEC-PH-10003963,GE 2-Jack Phone Line Splitter,1771.0,94.75540000000001,11,0.20000000000000004
FUR-FU-10000521,"Seth Thomas 14"" Putty-Colored Wall Clock",358.0,94.7682,13,0.05
TEC-AC-10000957,"Logitech Memory Card, Bluetooth",1806.0,94.824,34,0.23333333333333336
OFF-ACM-10002045,"Acme Shears, High Speed",295.0,94.84800000000001,8,0.35
FUR-FU-10000397,Luxo Economy Swing Arm Lamp,340.0,94.9144,17,0.0
TEC-CO-10000865,"Brother Fax Machine, High-Speed",1222.0,94.9764,4,0.035
OFF-AR-10003620,"Boston Pencil Sharpener, Water Color",257.0,95.04,8,0.0
OFF-ST-10003243,"Fellowes Folders, Blue",313.0,95.07,13,0.1
OFF-AP-10002128,"Hoover Blender, Black",344.0,95.196,4,0.1
TEC-PH-10004093,Panasonic Kx-TS550,846.0,95.1993,23,0.2
TEC-PH-10001552,I Need's 3d Hello Kitty Hybrid Silicone Case Cover for HTC One X 4g with 3d Hello Kitty Stylus Pen Green/pink,543.0,95.2016,52,0.12000000000000002
OFF-PA-10000575,"Wirebound Message Books, Four 2 3/4 x 5 White Forms per Page",217.0,95.2656,34,0.028571428571428574
TEC-PH-10004655,"Motorola Office Telephone, Cordless",199.0,95.44,4,0.0
OFF-BI-10004028,"Ibico Index Tab, Durable",238.0,95.445,27,0.05555555555555555
OFF-SU-10002027,"Stiletto Letter Opener, High Speed",407.0,95.457,16,0.0925
TEC-CO-10002157,"Canon Fax Machine, Laser",1815.0,95.463,6,0.05
FUR-FU-10002094,"Rubbermaid Photo Frame, Erganomic",444.0,95.556,10,0.1
OFF-GLO-10000014,"GlobeWeis Manila Envelope, with clear poly window",309.0,95.7,10,0.0
OFF-ADV-10000177,"Advantus Staples, Metal",245.0,95.814,23,0.0875
OFF-PA-10002363,"Eaton Message Books, Recycled",322.0,95.816,24,0.03333333333333333
TEC-MA-10001139,"Okidata Receipt Printer, Wireless",902.0,95.8185,9,0.21666666666666667
OFF-EN-10002752,"Jiffy Peel and Seal, Set of 50",200.0,96.0,10,0.0
OFF-BIC-10004976,"BIC Markers, Water Color",388.0,96.03,15,0.2
TEC-CO-10001093,"HP Personal Copier, Digital",247.0,96.16428,3,0.002
FUR-RUB-10001796,"Rubbermaid Light Bulb, Erganomic",224.0,96.228,14,0.12
FUR-TA-10004147,Hon 4060 Series Tables,1232.0,96.2856,13,0.2
FUR-FU-10002485,"Rubbermaid Photo Frame, Duo Pack",332.0,96.584,10,0.1
OFF-LA-10001915,"Avery Legal Exhibit Labels, 5000 Label Set",211.0,96.66,18,0.0
OFF-LA-10000425,"Avery Shipping Labels, Alphabetical",391.0,96.6885,42,0.16555555555555557
FUR-NOV-10004962,"Novimex Bag Chairs, Adjustable",386.0,96.72,8,0.0
OFF-PA-10001661,"SanDisk Computer Printout Paper, 8.5 x 11",884.0,96.72,26,0.0
OFF-EN-10000657,"Jiffy Peel and Seal, with clear poly window",539.0,96.7485,28,0.16
OFF-ACC-10002772,"Acco Index Tab, Economy",226.0,96.768,24,0.05384615384615384
FUR-DEF-10004555,"Deflect-O Frame, Black",220.0,96.78,2,0.0
FUR-BO-10001452,"Dania Stackable Bookrack, Pine",248.0,96.78,2,0.0
OFF-BI-10000816,"Ibico 3-Hole Punch, Recycled",341.0,96.88400000000001,18,0.09999999999999999
OFF-PA-10004100,Xerox 216,238.0,96.9408,42,0.125
OFF-ACC-10003422,"Acco Binder, Durable",376.0,96.96000000000001,23,0.05454545454545454
TEC-AC-10004704,"Logitech Numeric Keypad, Bluetooth",649.0,97.02,14,0.0
TEC-PH-10004093,"Motorola Audio Dock, VoIP",347.0,97.08,2,0.0
TEC-MA-10003730,"StarTech Card Printer, White",216.0,97.12,2,0.0
FUR-FU-10002813,"DAX Contemporary Wood Frame with Silver Metal Mat, Desktop, 11 x 14 Size",291.0,97.152,15,0.04
OFF-LA-10001607,"Novimex Shipping Labels, Alphabetical",195.0,97.2,18,0.0
OFF-FA-10003463,"OIC Thumb Tacks, Assorted Sizes",340.0,97.28999999999999,35,0.14285714285714285
TEC-AC-10004044,"SanDisk Mouse, Programmable",595.0,97.376,26,0.17142857142857146
OFF-BI-10004685,"Acco Binder, Economy",421.0,97.509,31,0.09000000000000001
OFF-PA-10004156,Xerox 188,212.0,97.524,20,0.05
OFF-BI-10003642,"Wilson Jones Binder, Economy",404.0,97.62,34,0.09090909090909091
OFF-BI-10003320,"Cardinal Hole Reinforcements, Recycled",249.0,97.62,46,0.041666666666666664
TEC-CO-10003142,"Hewlett Fax and Copier, Laser",2207.0,97.63280000000002,20,0.1162857142857143
TEC-CO-10001933,"HP Fax Machine, High-Speed",3848.0,97.80103999999994,23,0.1162857142857143
OFF-ROG-10004393,"Rogers Folders, Industrial",1278.0,97.88999999999999,44,0.06875
OFF-AR-10002113,"Boston Highlighters, Easy-Erase",723.0,97.926,42,0.04
TEC-CO-10003342,"Canon Wireless Fax, High-Speed",377.0,97.98,1,0.0
TEC-AC-10002850,"Enermax Memory Card, Bluetooth",1265.0,98.0334,12,0.15666666666666665
OFF-FA-10002459,"Advantus Clamps, Bulk Pack",318.0,98.07209999999999,19,0.20400000000000001
OFF-ST-10001066,"Tenex Box, Single Width",227.0,98.092,22,0.06666666666666667
FUR-OFF-10002330,"Office Star Executive Leather Armchair, Black",1402.0,98.10000000000001,3,0.0
OFF-AP-10000534,"KitchenAid Toaster, Silver",465.0,98.118,6,0.1
FUR-BO-10003904,"Ikea Corner Shelving, Traditional",862.0,98.22,10,0.3
OFF-EAT-10002463,"Eaton Computer Printout Paper, Premium",273.0,98.23499999999999,11,0.2333333333333333
OFF-BI-10002225,"Square Ring Data Binders, Rigid 75 Pt. Covers, 11"" x 14-7/8""",335.0,98.2464,22,0.2571428571428572
FUR-FU-10004013,"Deflect-O Clock, Durable",367.0,98.256,16,0.2
OFF-PA-10002966,"SanDisk Cards & Envelopes, Recycled",547.0,98.26,17,0.0
FUR-RUB-10000501,"Rubbermaid Clock, Black",200.0,98.28,4,0.0
OFF-PA-10002818,"Enermax Parchment Paper, Premium",258.0,98.392,26,0.06666666666666667
OFF-AR-10002156,"Stanley Highlighters, Blue",699.0,98.49,51,0.08333333333333333
OFF-GLO-10000491,"GlobeWeis Interoffice Envelope, with clear poly window",431.0,98.514,9,0.15
FUR-CH-10004010,"SAFCO Bag Chairs, Red",864.0,98.532,29,0.09090909090909091
TEC-MEM-10002202,"Memorex Router, USB",1232.0,98.55000000000001,5,0.0
TEC-PH-10001548,"Nokia Speaker Phone, Full Size",1411.0,98.6,17,0.0
TEC-SAM-10002496,"Samsung Speaker Phone, VoIP",542.0,98.652,5,0.3
OFF-BI-10001639,"Acco Binder, Economy",711.0,98.7,47,0.0
TEC-SHA-10000052,"Sharp Copy Machine, Color",554.0,98.71199999999999,3,0.35
FUR-TEN-10000986,"Tenex Frame, Duo Pack",2123.0,98.77199999999999,20,0.0875
TEC-LOG-10004405,"Logitech Router, Bluetooth",1237.0,98.85,5,0.0
FUR-FU-10002501,Nu-Dell Executive Frame,409.0,98.97120000000001,39,0.16666666666666666
OFF-EN-10003962,"GlobeWeis Clasp Envelope, Set of 50",248.0,99.0,25,0.0
TEC-AC-10001355,"Memorex Router, Programmable",891.0,99.036,6,0.1
FUR-BO-10002318,"Dania Classic Bookcase, Mobile",1116.0,99.126,3,0.1
OFF-AP-10001931,"Hoover Blender, Black",528.0,99.14,9,0.13333333333333333
OFF-WIL-10002787,"Wilson Jones Binder, Recycled",288.0,99.21600000000001,23,0.10833333333333332
FUR-TA-10001930,"Bevis Computer Table, with Bottom Storage",795.0,99.336,3,0.2
OFF-AR-10000027,"Boston Pencil Sharpener, Easy-Erase",319.0,99.3597,13,0.135
OFF-AR-10002797,"Sanford Highlighters, Blue",463.0,99.36,33,0.12000000000000001
FUR-CH-10003123,"Hon Chairmat, Black",805.0,99.396,16,0.074
OFF-PA-10004468,"SanDisk Note Cards, Premium",266.0,99.405,9,0.03333333333333333
OFF-PA-10001323,"Eaton Note Cards, 8.5 x 11",555.0,99.54,21,0.0
TEC-AC-10003289,Anker Ultra-Slim Mini Bluetooth 3.0 Wireless Keyboard,500.0,99.5502,26,0.08
FUR-FU-10003623,"DataProducts Ampli Magnifier Task Lamp, Black,",508.0,99.5808,21,0.12000000000000002
TEC-AC-10003611,"Memorex Flash Drive, Programmable",342.0,99.62,21,0.13333333333333333
OFF-SAN-10003285,"Sanford Pens, Fluorescent",453.0,99.684,40,0.15625
TEC-AC-10003554,"Belkin Numeric Keypad, USB",667.0,99.72,12,0.0
OFF-BI-10000081,"Ibico Index Tab, Clear",285.0,99.78,35,0.0625
OFF-ST-10000142,Deluxe Rollaway Locking File with Drawer,998.0,99.81120000000001,3,0.2
TEC-PH-10003764,"Cisco Office Telephone, Cordless",366.0,99.844,8,0.15000000000000002
OFF-AP-10004425,"Hoover Coffee Grinder, White",303.0,99.896,8,0.1
TEC-PH-10001918,Nortel Business Series Terminal T7208 Digital phone,1001.0,100.0728,9,0.20000000000000004
OFF-STA-10003956,"Stanley Pens, Blue",217.0,100.095,23,0.10833333333333332
TEC-CIS-10001938,"Cisco Audio Dock, VoIP",656.0,100.17600000000002,5,0.35
FUR-CH-10001215,Global Troy Executive Leather Low-Back Tilter,3107.0,100.196,8,0.225
FUR-TA-10000688,"Chromcraft Bull-Nose Wood Round Conference Table Top, Wood Base",3355.0,100.211,18,0.18333333333333335
TEC-AC-10004054,"Memorex Keyboard, Bluetooth",537.0,100.3302,9,0.2425
OFF-BI-10000206,"Wilson Jones Binder Covers, Economy",276.0,100.4421,26,0.06714285714285714
OFF-GRE-10004359,"Green Bar Message Books, 8.5 x 11",279.0,100.5,10,0.0
TEC-MA-10000560,"StarTech Inkjet, Wireless",201.0,100.62,1,0.0
OFF-ENE-10002833,"Enermax Cards & Envelopes, Premium",636.0,100.65,16,0.2714285714285714
OFF-BI-10000620,"Wilson Jones Index Tab, Economy",393.0,100.65,61,0.0
OFF-AP-10002765,Fellowes Advanced Computer Series Surge Protectors,385.0,100.662,15,0.03333333333333333
FUR-CH-10001805,"Office Star Chairmat, Set of Two",272.0,100.68,4,0.0
OFF-BOS-10002705,"Boston Highlighters, Fluorescent",428.0,100.749,22,0.06999999999999999
TEC-AC-10004379,"SanDisk Flash Drive, Programmable",246.0,100.8,6,0.0
OFF-ST-10001858,"Tenex Shelving, Single Width",716.0,100.839,15,0.16666666666666666
OFF-BI-10004120,"Ibico 3-Hole Punch, Durable",661.0,100.8675,23,0.10875
OFF-BI-10004001,GBC Recycled VeloBinder Covers,488.0,100.8768,42,0.35
OFF-AP-10000159,Belkin F9M820V08 8 Outlet Surge,558.0,101.003,15,0.13333333333333333
OFF-BIC-10002942,"BIC Highlighters, Easy-Erase",484.0,101.22,26,0.06363636363636363
TEC-PH-10001587,"Apple Headset, Cordless",1786.0,101.24799999999999,40,0.13333333333333336
OFF-FA-10003730,"Stockwell Thumb Tacks, Bulk Pack",408.0,101.37,31,0.0
FUR-CH-10002033,"Harbour Creations Executive Leather Armchair, Adjustable",1016.0,101.52,4,0.2
TEC-AC-10001611,"Memorex Numeric Keypad, Bluetooth",364.0,101.52,8,0.0
OFF-EN-10004211,"GlobeWeis Business Envelopes, Security-Tint",237.0,101.52,18,0.0
OFF-SU-10001697,"Fiskars Scissors, Easy Grip",437.0,101.53800000000001,19,0.06000000000000001
TEC-MA-10002080,"Epson Printer, Durable",910.0,101.552,6,0.13333333333333333
OFF-AP-10002364,"KitchenAid Toaster, Black",283.0,101.7,5,0.0
OFF-EN-10000353,"Jiffy Mailers, with clear poly window",203.0,101.7,5,0.0
OFF-LA-10003295,"Harbour Creations Color Coded Labels, Alphabetical",247.0,101.75999999999999,23,0.16666666666666666
FUR-FU-10003039,"Howard Miller 11-1/2"" Diameter Grantwood Wall Clock",501.0,101.7868,14,0.16666666666666666
FUR-DAN-10003334,"Dania 3-Shelf Cabinet, Traditional",763.0,101.79,9,0.19999999999999998
OFF-EN-10000274,"Kraft Business Envelopes, Recycled",369.0,101.80799999999999,25,0.02
FUR-FU-10002223,"Deflect-O Stacking Tray, Durable",464.0,101.997,19,0.05
FUR-CH-10004685,"Harbour Creations Swivel Stool, Set of Two",620.0,102.01800000000001,4,0.3
FUR-BO-10000021,"Dania Corner Shelving, Metal",243.0,102.06,2,0.0
TEC-PH-10004552,"Motorola Office Telephone, Full Size",1345.0,102.11999999999999,25,0.21000000000000002
OFF-AP-10001076,"Hamilton Beach Coffee Grinder, Red",683.0,102.24,16,0.0
TEC-MA-10002148,"Epson Printer, Durable",788.0,102.42,3,0.0
OFF-ST-10000003,"Tenex Shelving, Industrial",331.0,102.42,6,0.0
OFF-AP-10000639,"Breville Microwave, Red",1569.0,102.432,9,0.15000000000000002
OFF-BI-10004828,GBC Poly Designer Binding Covers,256.0,102.4488,18,0.21666666666666667
OFF-PA-10004943,"Enermax Memo Slips, 8.5 x 11",250.0,102.45,13,0.05
FUR-BAR-10002449,"Barricks Training Table, Adjustable Height",320.0,102.54,1,0.0
TEC-CO-10003622,"Sharp Ink, Digital",743.0,102.5514,9,0.002
OFF-LA-10003210,"Harbour Creations File Folder Labels, Laser Printer Compatible",333.0,102.6,38,0.0
FUR-DEF-10000810,"Deflect-O Stacking Tray, Black",228.0,102.60000000000001,9,0.0
TEC-SHA-10004874,"Sharp Fax Machine, High-Speed",1264.0,102.70500000000001,5,0.175
TEC-AC-10002399,SanDisk Cruzer 32 GB USB Flash Drive,361.0,102.708,20,0.06666666666666667
OFF-LA-10004545,Avery 50,236.0,102.746,20,0.04
OFF-AP-10003860,"KitchenAid Blender, Black",423.0,102.7764,5,0.135
OFF-FA-10002280,Advantus Plastic Paper Clips,225.0,102.80000000000001,47,0.06000000000000001
OFF-EN-10001449,"Kraft Manila Envelope, with clear poly window",210.0,102.9,7,0.0
TEC-PH-10004531,OtterBox Commuter Series Case - iPhone 5 & 5s,286.0,102.91319999999999,16,0.15000000000000002
OFF-PA-10000373,"Xerox Cards & Envelopes, 8.5 x 11",295.0,102.96,6,0.0
FUR-TA-10001740,"Barricks Conference Table, Adjustable Height",606.0,103.04,1,0.0
OFF-BI-10000538,"Acco Binding Machine, Clear",2127.0,103.15499999999999,45,0.05384615384615384
OFF-AP-10004305,"Breville Blender, Silver",758.0,103.176,17,0.2
OFF-ST-10004431,"Fellowes Trays, Single Width",230.0,103.32,4,0.0
OFF-WIL-10001801,"Wilson Jones 3-Hole Punch, Economy",422.0,103.38900000000001,17,0.2375
TEC-PH-10000788,"Cisco Office Telephone, Full Size",436.0,103.39999999999999,10,0.26666666666666666
OFF-SU-10000898,"Acme Hot Forged Carbon Steel Scissors with Nickel-Plated Handles, 3 7/8"" Cut, 8""L",460.0,103.416,36,0.08571428571428573
TEC-CIS-10002565,"Cisco Speaker Phone, Full Size",658.0,103.41900000000001,6,0.25999999999999995
OFF-AP-10004201,"Breville Refrigerator, White",931.0,103.446,2,0.1
OFF-SU-10002161,"Elite Ruler, Steel",325.0,103.47,25,0.02
TEC-AC-10001402,"Memorex Numeric Keypad, Bluetooth",272.0,103.5,6,0.0
OFF-PA-10004480,"Eaton Cards & Envelopes, Recycled",351.0,103.542,11,0.22000000000000003
FUR-CH-10003232,"Harbour Creations Executive Leather Armchair, Adjustable",424.0,103.632,1,0.1
OFF-AR-10001073,"Sanford Markers, Easy-Erase",445.0,103.668,23,0.21000000000000002
OFF-SU-10001578,"Stiletto Shears, High Speed",1153.0,103.68,24,0.0
FUR-BUS-10003724,"Bush Corner Shelving, Metal",741.0,103.68,6,0.0
OFF-ACC-10004322,"Acco Binder, Clear",380.0,103.719,28,0.13999999999999999
OFF-AR-10003989,"Sanford Pencil Sharpener, Fluorescent",259.0,103.74,16,0.05
FUR-CH-10004576,"Hon Bag Chairs, Adjustable",756.0,103.7904,18,0.14250000000000002
OFF-SU-10004872,"Elite Letter Opener, Easy Grip",426.0,103.824,15,0.02
TEC-HP -10004012,"HP Personal Copier, Digital",1042.0,103.842,9,0.19999999999999998
OFF-AR-10001176,"Sanford Pens, Water Color",236.0,104.04,17,0.02
OFF-AR-10001529,"Binney & Smith Pencil Sharpener, Easy-Erase",1475.0,104.061,55,0.04285714285714286
OFF-ST-10004794,"Rogers Shelving, Blue",249.0,104.28,4,0.0
OFF-AR-10002802,"Binney & Smith Pencil Sharpener, Water Color",697.0,104.3,35,0.0
TEC-PH-10000800,"Cisco Smart Phone, Full Size",587.0,104.412,1,0.1
OFF-PA-10002713,"Adams Phone Message Book, 200 Message Capacity, 8 1/16” x 11”",227.0,104.4384,33,0.0
OFF-ROG-10001372,"Rogers Trays, Blue",839.0,104.44800000000001,17,0.16249999999999998
FUR-ADV-10000190,"Advantus Frame, Duo Pack",222.0,104.46,2,0.0
OFF-BI-10001249,"Acco Hole Reinforcements, Recycled",241.0,104.598,39,0.09166666666666667
OFF-SU-10003267,"Stiletto Scissors, Easy Grip",404.0,104.64,16,0.0
OFF-WIL-10002153,"Wilson Jones 3-Hole Punch, Clear",677.0,104.685,29,0.14615384615384613
FUR-CH-10003448,"Harbour Creations Bag Chairs, Set of Two",553.0,104.74000000000001,17,0.2
FUR-FU-10001774,"Eldon Door Stop, Durable",283.0,104.76,6,0.0
OFF-LA-10003437,"Hon Color Coded Labels, Laser Printer Compatible",221.0,104.77199999999999,27,0.05
OFF-BI-10002852,Ibico Standard Transparent Covers,390.0,104.81280000000001,34,0.32999999999999996
OFF-AP-10002536,"Hoover Refrigerator, White",699.0,104.88,2,0.0
OFF-AR-10000390,"Stanley Pencil Sharpener, Water Color",234.0,105.0,14,0.0
FUR-IKE-10004815,"Ikea Stackable Bookrack, Mobile",300.0,105.03,3,0.19999999999999998
OFF-AR-10001991,"Stanley Markers, Easy-Erase",309.0,105.268,23,0.10000000000000002
TEC-MA-10004424,"Panasonic Phone, Durable",962.0,105.30720000000001,12,0.0425
OFF-XER-10004820,"Xerox Computer Printout Paper, Premium",211.0,105.36,8,0.0
TEC-STA-10000546,"StarTech Calculator, Red",831.0,105.38399999999999,23,0.014285714285714287
FUR-SAF-10002846,"Safco Classic Bookcase, Pine",2638.0,105.47999999999999,6,0.0
OFF-AP-10002495,"Acco Smartsocket Table Surge Protector, 6 Color-Coded Adapter Outlets",453.0,105.485,8,0.10000000000000002
OFF-EN-10004503,"GlobeWeis Peel and Seal, Security-Tint",297.0,105.495,13,0.025
FUR-FU-10002246,"Tenex Frame, Duo Pack",643.0,105.5136,8,0.27
OFF-TEN-10000827,"Tenex File Cart, Industrial",1301.0,105.80099999999999,11,0.1857142857142857
TEC-AC-10000263,"Belkin Mouse, USB",334.0,105.83600000000001,13,0.08
OFF-EN-10004190,"Cameo Mailers, Security-Tint",539.0,105.92000000000002,24,0.2
OFF-BI-10002682,"Cardinal Binding Machine, Economy",567.0,105.98490000000001,14,0.164
OFF-SU-10001923,"Kleencut Letter Opener, Easy Grip",473.0,106.016,26,0.05714285714285715
OFF-AP-10001682,"Hamilton Beach Blender, Black",1072.0,106.024,26,0.13333333333333333
FUR-FU-10004071,Luxo Professional Magnifying Clamp-On Fluorescent Lamps,1269.0,106.0902,13,0.05
OFF-EN-10003080,"Kraft Peel and Seal, Security-Tint",666.0,106.14,29,0.0
FUR-HON-10004137,"Hon Rocking Chair, Set of Two",1051.0,106.17300000000003,10,0.19999999999999998
TEC-AC-10000682,Kensington K72356US Mouse-in-a-Box USB Desktop Mouse,322.0,106.17599999999999,20,0.03333333333333333
FUR-FU-10000482,"Eldon Photo Frame, Duo Pack",701.0,106.2285,14,0.06999999999999999
OFF-PA-10000034,"Xerox Cards & Envelopes, Multicolor",1067.0,106.26,23,0.0
OFF-PA-10003673,Strathmore Photo Mount Cards,246.0,106.3104,38,0.06666666666666668
OFF-BI-10000315,Poly Designer Cover & Back,452.0,106.34400000000001,35,0.37142857142857144
FUR-TA-10004440,"Chromcraft Wood Table, Fully Assembled",968.0,106.44,3,0.0
FUR-BO-10003894,"Safco Value Mate Steel Bookcase, Baked Enamel Finish on Steel, Black",803.0,106.47,14,0.19999999999999998
OFF-AR-10000845,"Binney & Smith Pens, Water Color",346.0,106.512,39,0.14
OFF-BI-10002854,"Performers Binder/Pad Holder, Black",610.0,106.514,36,0.3625
OFF-PA-10001086,"Enermax Cards & Envelopes, Multicolor",872.0,106.5645,21,0.13399999999999998
OFF-SU-10000192,"Elite Trimmer, High Speed",355.0,106.664,14,0.1
TEC-MA-10002918,"StarTech Card Printer, White",923.0,106.767,6,0.05
OFF-ST-10001214,"Smead Box, Industrial",240.0,106.8075,23,0.08714285714285716
OFF-ELD-10001694,"Eldon File Cart, Single Width",4096.0,106.86000000000007,38,0.09999999999999999
FUR-CH-10002631,"Office Star Bag Chairs, Black",1458.0,107.05499999999999,28,0.025
OFF-BI-10004230,GBC Recycled Grain Textured Covers,467.0,107.07400000000003,20,0.4
TEC-MA-10001752,"Konica Printer, Durable",482.0,107.148,2,0.1
OFF-BI-10003468,"Wilson Jones Binder Covers, Durable",325.0,107.1771,28,0.07111111111111111
FUR-FU-10004748,"Howard Miller 16"" Diameter Gallery Wall Clock",576.0,107.41919999999999,12,0.15
OFF-AP-10001504,"Cuisinart Blender, Black",650.0,107.4276,12,0.185
OFF-EN-10003134,Staples,247.0,107.45599999999999,24,0.1142857142857143
OFF-EN-10004186,"Cameo Mailers, Set of 50",229.0,107.46,6,0.0
TEC-AC-10003334,"SanDisk Keyboard, Bluetooth",489.0,107.46000000000001,9,0.0
TEC-MA-10004486,"StarTech Phone, Red",239.0,107.5,5,0.0
TEC-AC-10001616,"SanDisk Numeric Keypad, Erganomic",1746.0,107.535,32,0.02
OFF-JIF-10004822,"Jiffy Mailers, Security-Tint",328.0,107.571,9,0.2333333333333333
OFF-PA-10001685,Staples,258.0,107.58539999999999,29,0.12000000000000002
OFF-STA-10002654,"Stanley Pencil Sharpener, Fluorescent",834.0,107.628,43,0.2375
TEC-AC-10000057,Microsoft Natural Ergonomic Keyboard 4000,558.0,107.66409999999999,19,0.04
TEC-AC-10000110,"Belkin Numeric Keypad, Bluetooth",386.0,107.8,10,0.0
FUR-BO-10003159,"Dania Stackable Bookrack, Pine",1722.0,107.88000000000001,24,0.12000000000000002
OFF-FA-10000248,"Stockwell Rubber Bands, Assorted Sizes",254.0,107.9256,21,0.19857142857142857
FUR-FU-10000686,"Rubbermaid Door Stop, Durable",564.0,108.054,22,0.18
FUR-FU-10001591,Advantus Panel Wall Certificate Holder - 8.5x11,272.0,108.092,23,0.06666666666666667
OFF-EN-10000904,"Ames Mailers, with clear poly window",816.0,108.12299999999999,23,0.13
OFF-PA-10003774,"Enermax Computer Printout Paper, Recycled",246.0,108.16,13,0.0
OFF-BI-10003705,"Wilson Jones Binding Machine, Recycled",2392.0,108.17999999999998,52,0.07692307692307693
TEC-BEL-10002516,"Belkin Mouse, Bluetooth",257.0,108.21300000000001,7,0.175
OFF-ST-10004374,"Smead File Cart, Single Width",516.0,108.24,4,0.0
OFF-PA-10002421,Embossed Ink Jet Note Cards,284.0,108.336,15,0.15000000000000002
TEC-PH-10001699,"Samsung Smart Phone, Full Size",637.0,108.36,1,0.0
OFF-EN-10003529,"Ames Peel and Seal, Recycled",419.0,108.72,36,0.0
OFF-PA-10000522,"Green Bar Message Books, Multicolor",226.0,108.81,9,0.0
FUR-SAF-10000545,"Safco 3-Shelf Cabinet, Pine",680.0,108.84,4,0.0
OFF-BRE-10002738,"Breville Microwave, Silver",302.0,108.87,1,0.0
FUR-FU-10001495,"Eldon Door Stop, Durable",519.0,108.9,11,0.0
OFF-FIS-10002703,"Fiskars Letter Opener, Easy Grip",291.0,108.972,11,0.19999999999999998
OFF-PA-10001776,"Wirebound Message Books, Four 2 3/4"" x 5"" Forms per Page, 600 Sets per Book",248.0,109.01520000000001,28,0.044444444444444446
OFF-LA-10004747,"Hon Color Coded Labels, Alphabetical",228.0,109.08,27,0.0
FUR-TA-10001056,"Barricks Conference Table, Adjustable Height",636.0,109.089,1,0.3
OFF-AR-10004260,Boston 1799 Powerhouse Electric Pencil Sharpener,390.0,109.116,15,0.0
OFF-SU-10002344,"Stiletto Box Cutter, Serrated",303.0,109.1343,11,0.18999999999999997
TEC-AC-10004518,Memorex Mini Travel Drive 32 GB USB 2.0 Flash Drive,280.0,109.19999999999999,14,0.0
TEC-CO-10001425,"HP Personal Copier, Color",698.0,109.3815,6,0.075
FUR-TA-10002235,"Chromcraft Round Table, Adjustable Height",1753.0,109.396,7,0.20000000000000004
OFF-AR-10001915,Peel-Off China Markers,289.0,109.4286,31,0.08571428571428573
OFF-ST-10004432,"Fellowes Folders, Blue",422.0,109.44,24,0.0
TEC-PH-10002075,AT&T EL51110 DECT,378.0,109.6113,3,0.0
OFF-AR-10000538,"Boston Model 1800 Electric Pencil Sharpener, Gray",406.0,109.785,15,0.06666666666666667
OFF-AR-10001813,"Stanley Markers, Fluorescent",298.0,109.82,19,0.0
OFF-PA-10002927,"Enermax Computer Printout Paper, 8.5 x 11",499.0,109.94,23,0.0
TEC-ENE-10003125,"Enermax Flash Drive, Programmable",413.0,110.052,11,0.11666666666666665
TEC-CO-10001142,"Brother Ink, Digital",441.0,110.16,3,0.0
OFF-ST-10003446,"Smead Trays, Single Width",1069.0,110.22,29,0.2333333333333333
OFF-BI-10000006,"Ibico Binder, Durable",716.0,110.2278,45,0.064
OFF-AR-10002036,"Binney & Smith Pencil Sharpener, Fluorescent",369.0,110.2761,17,0.128
TEC-PH-10002815,"Samsung Smart Phone, VoIP",848.0,110.28,2,0.0
FUR-TA-10004801,"Hon Conference Table, Rectangular",980.0,110.28,2,0.2
OFF-AP-10002892,Belkin F5C206VTEL 6 Outlet Surge,465.0,110.304,22,0.05714285714285715
TEC-AC-10003969,"SanDisk Memory Card, USB",225.0,110.34,2,0.0
FUR-CHR-10000585,"Chromcraft Coffee Table, Adjustable Height",269.0,110.4,1,0.0
OFF-BI-10003579,"Avery 3-Hole Punch, Economy",316.0,110.5,17,0.0
OFF-AP-10002264,"KitchenAid Blender, White",269.0,110.52,3,0.1
OFF-AP-10004532,Kensington 6 Outlet Guardian Standard Surge Protector,408.0,110.592,20,0.0
TEC-MA-10002029,"StarTech Receipt Printer, Durable",520.0,110.64,5,0.06666666666666667
FUR-RUB-10002817,"Rubbermaid Door Stop, Durable",857.0,110.88000000000001,21,0.0
OFF-PA-10002539,"SanDisk Cards & Envelopes, Multicolor",511.0,110.908,18,0.15000000000000002
OFF-KIT-10003990,"KitchenAid Toaster, Silver",258.0,110.97,3,0.0
OFF-STO-10004779,"Stockwell Push Pins, Bulk Pack",529.0,111.0,37,0.0
FUR-FU-10001692,"Deflect-O Clock, Durable",851.0,111.06,23,0.26
OFF-AP-10001335,"Hoover Toaster, Black",470.0,111.2562,6,0.05666666666666667
OFF-BI-10000962,"Acco Flexible ACCOHIDE Square Ring Data Binder, Dark Blue, 11 1/2"" X 14"" 7/8""",411.0,111.2868,36,0.29
OFF-AR-10002236,"Stanley Pencil Sharpener, Water Color",343.0,111.345,14,0.02
OFF-JIF-10004616,"Jiffy Manila Envelope, Security-Tint",226.0,111.36,8,0.0
OFF-PA-10001004,"Eaton Parchment Paper, 8.5 x 11",426.0,111.496,42,0.14285714285714285
OFF-AR-10004022,Panasonic KP-380BK Classic Electric Pencil Sharpener,705.0,111.538,22,0.10000000000000002
TEC-MA-10001972,Okidata C331dn Printer,3211.0,111.68,12,0.24000000000000005
FUR-SAF-10002400,"Safco Corner Shelving, Metal",447.0,111.69,3,0.0
OFF-PA-10004082,"Adams Telephone Message Book w/Frequently-Called Numbers Space, 400 Messages per Book",224.0,111.72,28,0.0
TEC-AC-10001942,"Memorex Flash Drive, Programmable",341.0,111.87,11,0.0
TEC-MA-10004609,"Okidata Inkjet, White",2008.0,111.89249999999998,7,0.0625
OFF-ST-10001752,"Tenex Shelving, Wire Frame",1316.0,111.91499999999999,27,0.08714285714285716
OFF-PA-10003878,"Enermax Cards & Envelopes, Premium",740.0,111.99000000000001,18,0.15
OFF-AR-10002486,"Sanford Pencil Sharpener, Water Color",387.0,112.0,20,0.0
TEC-PH-10003560,"Cisco Audio Dock, Cordless",1603.0,112.06,13,0.0
TEC-AC-10000264,"Memorex Memory Card, Erganomic",400.0,112.08,4,0.0
OFF-BIN-10000901,"Binney & Smith Pens, Water Color",343.0,112.17599999999999,24,0.06666666666666667
OFF-BI-10002738,"Acco Index Tab, Clear",307.0,112.176,42,0.08461538461538462
TEC-PH-10002115,Plantronics 81402,845.0,112.18299999999999,15,0.15000000000000002
OFF-SU-10003229,"Stiletto Trimmer, Easy Grip",487.0,112.2,11,0.0
FUR-ELD-10003179,"Eldon Clock, Erganomic",330.0,112.32,6,0.0
TEC-AC-10001948,"Belkin Numeric Keypad, USB",1213.0,112.41199999999999,35,0.12222222222222223
OFF-BI-10000506,"Ibico Binder, Economy",380.0,112.456,41,0.13636363636363635
TEC-CO-10001166,"HP Personal Copier, Digital",2210.0,112.5426,19,0.05666666666666667
FUR-FU-10003219,"Eldon Frame, Erganomic",804.0,112.56,7,0.0
FUR-FU-10000762,"Advantus Light Bulb, Black",253.0,112.5834,14,0.1175
TEC-PH-10000347,"Cisco Speaker Phone, VoIP",1627.0,112.62799999999999,21,0.14285714285714285
OFF-EN-10002581,"GlobeWeis Peel and Seal, Set of 50",583.0,112.69409999999999,30,0.18666666666666668
FUR-CH-10004997,Hon Every-Day Series Multi-Task Chairs,5226.0,112.788,34,0.16666666666666666
FUR-BO-10000712,"Bush Corner Shelving, Pine",251.0,112.8,2,0.0
OFF-EN-10001771,"Kraft Mailers, Set of 50",452.0,112.84,19,0.05
OFF-BI-10001721,Trimflex Flexible Post Binders,346.0,112.8864,21,0.30000000000000004
OFF-ST-10001328,"Personal Filing Tote with Lid, Black/Gray",461.0,112.9128,31,0.05
OFF-BI-10001096,"Ibico Binder Covers, Durable",389.0,112.995,28,0.08714285714285716
OFF-AR-10000751,"Boston Highlighters, Fluorescent",694.0,112.995,39,0.045454545454545456
TEC-MA-10001290,"Panasonic Printer, White",812.0,113.0,6,0.35
OFF-AP-10003979,"KitchenAid Blender, Black",323.0,113.1,5,0.0
TEC-AC-10001266,Memorex Micro Travel Drive 8 GB,299.0,113.1,26,0.1
OFF-PA-10002137,"Southworth 100% Résumé Paper, 24lb.",263.0,113.199,35,0.05714285714285715
OFF-AR-10004042,"BOSTON Model 1800 Electric Pencil Sharpeners, Putty/Woodgrain",496.0,113.274,30,0.06666666666666667
OFF-AP-10002008,"Hamilton Beach Microwave, Silver",283.0,113.28,1,0.0
TEC-CO-10000372,"Brother Ink, High-Speed",1510.0,113.296,16,0.06866666666666667
FUR-CH-10003097,"Hon Rocking Chair, Black",2088.0,113.61509999999998,20,0.164
FUR-CH-10004467,"Harbour Creations Chairmat, Set of Two",912.0,113.62,23,0.2
OFF-BIC-10003800,"BIC Pencil Sharpener, Blue",509.0,113.68500000000002,23,0.33076923076923076
OFF-ST-10000210,"Tenex Lockers, Wire Frame",569.0,113.73600000000002,4,0.3
OFF-LA-10004519,"Avery Legal Exhibit Labels, 5000 Label Set",329.0,113.804,46,0.05
OFF-BI-10003903,"Cardinal Binder, Economy",251.0,113.904,29,0.08888888888888889
FUR-TA-10003785,"Hon Round Table, Adjustable Height",829.0,113.94,3,0.2
TEC-CAN-10001853,"Canon Fax Machine, High-Speed",950.0,113.94,3,0.0
TEC-STA-10004542,"StarTech Calculator, Durable",897.0,113.952,23,0.12
OFF-STO-10004910,"Stockwell Clamps, 12 Pack",252.0,113.96399999999998,14,0.075
TEC-CAN-10001378,"Canon Personal Copier, High-Speed",423.0,114.12,3,0.0
OFF-AP-10003598,"Breville Refrigerator, Red",862.0,114.2478,2,0.17
OFF-EN-10001976,"Jiffy Interoffice Envelope, Security-Tint",819.0,114.27000000000001,20,0.21800000000000003
OFF-ACC-10003636,"Acco Binding Machine, Durable",597.0,114.387,12,0.06999999999999999
TEC-BEL-10001689,"Belkin Router, Programmable",260.0,114.51,1,0.0
OFF-AR-10002340,"Stanley Markers, Water Color",773.0,114.51480000000001,32,0.06714285714285714
OFF-SU-10003162,"Acme Letter Opener, Steel",331.0,114.55199999999999,18,0.08
OFF-EN-10000826,"GlobeWeis Manila Envelope, Set of 50",383.0,114.66,14,0.0
OFF-PA-10004450,"Xerox Cards & Envelopes, Recycled",359.0,114.72,8,0.0
FUR-BO-10003326,"Safco Stackable Bookrack, Traditional",1030.0,114.78399999999999,12,0.16
OFF-LA-10004430,"Avery Shipping Labels, Laser Printer Compatible",286.0,114.8925,27,0.1388888888888889
OFF-GLO-10000485,"GlobeWeis Mailers, Security-Tint",340.0,114.97500000000001,9,0.2333333333333333
OFF-FA-10000263,"Stockwell Thumb Tacks, Bulk Pack",336.0,114.984,30,0.15714285714285717
TEC-AC-10004145,Logitech diNovo Edge Keyboard,500.0,114.9954,2,0.0
OFF-AR-10003521,"Stanley Highlighters, Easy-Erase",375.0,115.05,27,0.1111111111111111
OFF-ST-10001335,"Rogers File Cart, Single Width",925.0,115.05600000000001,11,0.13333333333333333
OFF-EN-10004386,"Recycled Interoffice Envelopes with String and Button Closure, 10 x 13",260.0,115.152,12,0.08
OFF-ACC-10004008,"Acco Binder Covers, Durable",313.0,115.38,24,0.13333333333333333
TEC-AC-10004591,"Logitech Memory Card, Bluetooth",1716.0,115.548,18,0.12
FUR-BO-10003383,"Safco Floating Shelf Set, Mobile",399.0,115.56,2,0.0
TEC-EPS-10004328,"Epson Printer, Durable",605.0,115.602,3,0.2333333333333333
TEC-PH-10001300,"iKross Bluetooth Portable Keyboard + Cell Phone Stand Holder + Brush for Apple iPhone 5S 5C 5, 4S 4",479.0,115.64399999999999,24,0.08
TEC-AC-10000530,"Logitech Memory Card, Bluetooth",827.0,115.68,8,0.0
FUR-CH-10000553,"Metal Folding Chairs, Beige, 4/Carton",687.0,115.7354,23,0.12
OFF-SU-10004691,"Fiskars Scissors, Serrated",258.0,115.83,13,0.0
TEC-MA-10003176,Okidata B400 Printer,1029.0,115.83,3,0.2
FUR-LES-10004420,"Lesro Coffee Table, with Bottom Storage",504.0,115.92,2,0.0
FUR-SAU-10000745,"Sauder 3-Shelf Cabinet, Pine",504.0,115.92,3,0.0
OFF-ACM-10003978,"Acme Trimmer, High Speed",402.0,116.1,9,0.0
OFF-AP-10000904,"Cuisinart Coffee Grinder, Silver",700.0,116.14080000000001,19,0.08666666666666667
OFF-BI-10002853,"Avery Binder Covers, Recycled",292.0,116.29650000000001,29,0.10727272727272728
FUR-FU-10003347,Coloredge Poster Frame,299.0,116.298,21,0.0
OFF-PA-10002295,"Xerox Cards & Envelopes, 8.5 x 11",346.0,116.48400000000001,11,0.08
OFF-BI-10004140,"Cardinal Index Tab, Clear",290.0,116.6064,47,0.07916666666666668
FUR-FU-10004509,"Advantus Door Stop, Duo Pack",821.0,116.6598,22,0.1542857142857143
FUR-CH-10002088,"Novimex Steel Folding Chair, Set of Two",1272.0,116.69200000000001,27,0.17142857142857146
OFF-KRA-10000916,"Kraft Interoffice Envelope, Recycled",486.0,116.712,12,0.175
TEC-PH-10004211,"Cisco Headset, Cordless",949.0,116.73599999999999,12,0.2
TEC-PH-10002070,"Apple Headset, with Caller ID",1063.0,116.82000000000001,15,0.06000000000000001
OFF-AP-10001723,"Hoover Blender, Black",458.0,116.848,8,0.1
TEC-AC-10004520,"Memorex Flash Drive, Bluetooth",558.0,116.85,19,0.0
OFF-EAT-10000820,"Eaton Message Books, Multicolor",378.0,116.868,22,0.12
TEC-AC-10002263,"SanDisk Memory Card, Bluetooth",900.0,116.88,8,0.0
OFF-AR-10004990,"Boston Highlighters, Blue",328.0,116.9745,21,0.23750000000000002
OFF-BI-10001833,"Ibico Hole Reinforcements, Recycled",381.0,117.0,52,0.0
FUR-BO-10003968,"Sauder Library with Doors, Mobile",780.0,117.0,2,0.0
FUR-CH-10004886,Bevis Steel Folding Chairs,1774.0,117.059,24,0.21666666666666667
TEC-CO-10001633,"Sharp Fax Machine, High-Speed",3601.0,117.11249999999993,15,0.16
OFF-EN-10001532,Brown Kraft Recycled Envelopes,245.0,117.16199999999999,15,0.04
TEC-PH-10002663,"Nokia Signal Booster, VoIP",1298.0,117.165,12,0.275
OFF-FA-10000027,"Stockwell Rubber Bands, Bulk Pack",336.0,117.312,26,0.16285714285714284
OFF-PA-10001722,"SanDisk Message Books, Premium",452.0,117.41999999999999,19,0.0
TEC-PH-10003954,"Cisco Signal Booster, Cordless",1512.0,117.5304,11,0.09000000000000001
OFF-EN-10002119,"Ames Manila Envelope, Security-Tint",402.0,117.91290000000001,19,0.22999999999999998
OFF-JIF-10003976,"Jiffy Mailers, with clear poly window",260.0,117.95400000000001,7,0.3
OFF-ST-10002354,"Eldon Lockers, Wire Frame",3900.0,118.04399999999998,24,0.15
FUR-BO-10002031,"Sauder Classic Bookcase, Pine",2165.0,118.05299999999998,6,0.11666666666666665
OFF-SU-10001080,"Acme Letter Opener, High Speed",282.0,118.16,14,0.0
FUR-NOV-10003195,"Novimex Chairmat, Red",551.0,118.182,11,0.12
TEC-MA-10001335,"Epson Printer, Durable",933.0,118.227,5,0.26666666666666666
OFF-AR-10003582,"Boston Electric Pencil Sharpener, Model 1818, Charcoal Black",523.0,118.22999999999999,20,0.07500000000000001
FUR-FU-10004619,"Tenex Stacking Tray, Erganomic",383.0,118.25999999999999,19,0.0625
FUR-CH-10001021,"Office Star Rocking Chair, Red",282.0,118.32,3,0.0
TEC-MA-10004255,Konica Minolta magicolor 1690MF Multifunction Printer,320.0,118.3704,8,0.0
TEC-OKI-10003050,"Okidata Card Printer, White",348.0,118.44,2,0.0
OFF-ST-10004638,"Eldon File Cart, Blue",338.0,118.48,4,0.0
OFF-EN-10001882,"Jiffy Manila Envelope, with clear poly window",480.0,118.61850000000001,24,0.288
OFF-ST-10001590,"Tenex Personal Project File with Scoop Front Design, Black",517.0,118.62400000000001,40,0.06000000000000001
TEC-AC-10000499,"Memorex Memory Card, USB",416.0,118.7688,5,0.235
OFF-SU-10003907,"Stiletto Letter Opener, Easy Grip",945.0,118.8,34,0.125
OFF-EN-10004560,"Cameo Business Envelopes, Security-Tint",385.0,118.9,35,0.04
FUR-RUB-10002507,"Rubbermaid Stacking Tray, Black",518.0,118.91999999999999,23,0.08571428571428572
OFF-ST-10002370,"Sortfiler Multipurpose Personal File Organizer, Black",482.0,118.9284,24,0.06666666666666667
TEC-MA-10001792,"Epson Inkjet, White",779.0,119.0835,3,0.15
OFF-LA-10001297,Avery 473,249.0,119.232,24,0.0
TEC-MA-10002435,"Epson Receipt Printer, Wireless",1720.0,119.24099999999999,18,0.16666666666666666
OFF-PA-10004267,"Enermax Parchment Paper, 8.5 x 11",527.0,119.28,29,0.1
OFF-ST-10003334,"Smead Trays, Wire Frame",1445.0,119.52000000000001,34,0.1285714285714286
OFF-SU-10001808,"Elite Shears, High Speed",691.0,119.547,15,0.025
OFF-AR-10004602,Boston KS Multi-Size Manual Pencil Sharpener,534.0,119.548,25,0.05714285714285715
OFF-FA-10004854,"Vinyl Coated Wire Paper Clips in Organizer Box, 800/Box",296.0,119.7364,29,0.1
FUR-FU-10000541,"Advantus Frame, Duo Pack",1518.0,119.78880000000001,17,0.1675
OFF-WIL-10002772,"Wilson Jones 3-Hole Punch, Durable",1005.0,119.829,38,0.1733333333333333
TEC-AC-10004595,First Data TMFD35 PIN Pad,571.0,119.952,4,0.0
OFF-PA-10003455,"Green Bar Memo Slips, Recycled",442.0,120.012,28,0.09285714285714286
TEC-SHA-10002753,"Sharp Fax and Copier, High-Speed",1002.0,120.06,6,0.0
FUR-FU-10003214,"Eldon Stacking Tray, Durable",892.0,120.1125,37,0.165
TEC-AC-10000512,"Enermax Keyboard, Bluetooth",250.0,120.15,3,0.0
OFF-FA-10001698,"Stockwell Clamps, Assorted Sizes",317.0,120.27,19,0.0
FUR-BUS-10004622,"Bush Corner Shelving, Pine",250.0,120.3,2,0.0
OFF-AR-10001044,"BOSTON Ranger #55 Pencil Sharpener, Black",619.0,120.3337,27,0.08888888888888889
TEC-AC-10000865,WD My Passport Ultra 500GB Portable External Hard Drive,708.0,120.36,12,0.0
TEC-MA-10000029,"Epson WorkForce WF-2530 All-in-One Printer, Copier Scanner",280.0,120.3828,4,0.0
OFF-FA-10003218,"Advantus Push Pins, Assorted Sizes",303.0,120.42000000000002,26,0.025
TEC-CO-10000427,"HP Fax Machine, Color",2408.0,120.46619999999999,11,0.20800000000000002
FUR-CH-10003597,"SAFCO Executive Leather Armchair, Set of Two",677.0,120.5328,2,0.27
TEC-CO-10003992,"HP Ink, Color",2542.0,120.63419999999999,20,0.07833333333333332
TEC-PH-10004048,"Apple Audio Dock, Full Size",2913.0,120.72000000000003,28,0.07500000000000001
OFF-PA-10002986,Xerox 1898,279.0,120.7744,46,0.07272727272727274
FUR-SAF-10002557,"SAFCO Steel Folding Chair, Red",257.0,120.78,3,0.0
TEC-AC-10003105,"Memorex Numeric Keypad, Bluetooth",345.0,120.812,13,0.16
OFF-ST-10002276,Safco Steel Mobile File Cart,684.0,120.872,9,0.08
FUR-FU-10003420,"Deflect-O Door Stop, Durable",363.0,120.87299999999999,10,0.1125
FUR-FU-10004973,Flat Face Poster Frame,680.0,120.9528,51,0.3
TEC-AC-10004901,Kensington SlimBlade Notebook Wireless Mouse with Nano Receiver ,550.0,120.9758,13,0.15000000000000002
OFF-EN-10004150,"GlobeWeis Business Envelopes, Recycled",284.0,120.984,18,0.02
OFF-PA-10003499,"Xerox Parchment Paper, 8.5 x 11",334.0,121.038,23,0.154
OFF-AME-10004759,"Ames Manila Envelope, with clear poly window",281.0,121.19999999999999,10,0.0
FUR-CH-10004365,"Novimex Rocking Chair, Black",1096.0,121.26,9,0.05
TEC-CO-10001445,"Brother Personal Copier, High-Speed",282.0,121.32,2,0.0
TEC-CO-10000263,"Hewlett Fax Machine, Digital",640.0,121.35,3,0.25
OFF-PA-10001818,"Green Bar Note Cards, Multicolor",801.0,121.368,26,0.09999999999999999
OFF-PA-10001971,"Eaton Cards & Envelopes, Premium",882.0,121.41000000000001,24,0.14285714285714285
TEC-ENE-10000817,"Enermax Mouse, USB",1014.0,121.5,25,0.0
FUR-BAR-10000831,"Barricks Training Table, Fully Assembled",320.0,121.5,1,0.0
TEC-AC-10002370,"SanDisk Flash Drive, Bluetooth",521.0,121.52799999999999,22,0.07500000000000001
OFF-ST-10004019,"Rogers Folders, Single Width",487.0,121.5492,17,0.074
OFF-EN-10000328,"Kraft Business Envelopes, Set of 50",531.0,121.599,33,0.16714285714285712
OFF-EN-10000897,"Kraft Mailers, Set of 50",452.0,121.68,12,0.0
TEC-CO-10001824,"Sharp Personal Copier, Color",648.0,121.74464,8,0.002
FUR-ADV-10004971,"Advantus Door Stop, Erganomic",393.0,121.77,9,0.0
FUR-FU-10004549,"Advantus Frame, Erganomic",734.0,121.8006,9,0.26
TEC-PH-10000824,"Cisco Office Telephone, Full Size",734.0,121.8075,11,0.21000000000000002
FUR-CH-10004387,"Office Star Bag Chairs, Red",1065.0,121.84800000000001,20,0.1
OFF-AP-10002252,"Cuisinart Stove, Black",717.0,121.88,2,0.0
OFF-AR-10000833,"Sanford Sketch Pad, Water Color",260.0,121.92,8,0.0
OFF-AP-10002223,"Cuisinart Coffee Grinder, Red",489.0,121.98,19,0.0
OFF-AR-10003179,"BIC Pencil Sharpener, Blue",286.0,122.072,16,0.06666666666666667
OFF-EN-10001109,"Jiffy Manila Envelope, Set of 50",390.0,122.17599999999999,26,0.08
OFF-BI-10001650,"Avery 3-Hole Punch, Economy",512.0,122.208,20,0.07500000000000001
OFF-PA-10002499,Xerox 1890,245.0,122.35,5,0.0
TEC-AC-10004859,"Maxell Pro 80 Minute CD-R, 10/Pack",374.0,122.36,24,0.1
TEC-PH-10000895,Polycom VVX 310 VoIP phone,2520.0,122.39320000000001,18,0.2
TEC-PH-10004006,Panasonic KX - TS880B Telephone,453.0,122.4234,11,0.0
FUR-CH-10000727,"Office Star Chairmat, Set of Two",313.0,122.472,5,0.05
TEC-PH-10002807,Motorla HX550 Universal Bluetooth Headset,420.0,122.60499999999999,15,0.25
FUR-CH-10003312,"SAFCO Swivel Stool, Adjustable",341.0,122.7,2,0.0
OFF-BI-10002128,"Acco Binder Covers, Durable",401.0,122.7,34,0.2222222222222222
OFF-AR-10000804,"Binney & Smith Markers, Water Color",444.0,122.712,28,0.15000000000000002
FUR-CH-10002090,"Hon Swivel Stool, Adjustable",1280.0,122.71799999999999,8,0.06666666666666667
OFF-FA-10002715,"Stockwell Clamps, 12 Pack",318.0,122.82000000000001,20,0.21428571428571427
OFF-AP-10002350,Belkin F9H710-06 7 Outlet SurgeMaster Surge Protector,517.0,122.8368,29,0.07500000000000001
OFF-PA-10000756,"Enermax Computer Printout Paper, Premium",256.0,122.85,9,0.0
OFF-AVE-10004909,"Avery 3-Hole Punch, Durable",544.0,122.925,22,0.17499999999999996
TEC-PH-10002564,OtterBox Defender Series Case - Samsung Galaxy S4,690.0,122.959,27,0.15000000000000002
FUR-CH-10001037,"SAFCO Chairmat, Adjustable",804.0,122.97899999999998,14,0.06666666666666667
OFF-AR-10001955,Newell 319,512.0,123.00800000000001,28,0.1
OFF-SME-10002417,"Smead Trays, Single Width",520.0,123.05700000000002,12,0.21666666666666665
TEC-CO-10003212,"HP Copy Machine, High-Speed",3243.0,123.1016,20,0.002
OFF-BI-10000871,"Wilson Jones Binder Covers, Recycled",468.0,123.3645,43,0.067
OFF-HAM-10003992,"Hamilton Beach Toaster, Silver",385.0,123.39600000000002,8,0.2333333333333333
TEC-AC-10003103,"SanDisk Keyboard, Erganomic",952.0,123.47999999999999,12,0.0
OFF-PA-10001509,"Recycled Desk Saver Line ""While You Were Out"" Book, 5 1/2"" X 4""",270.0,123.51,30,0.0
OFF-SAN-10002015,"Sanford Pens, Water Color",317.0,123.516,25,0.17499999999999996
OFF-FA-10002017,"Stockwell Paper Clips, Assorted Sizes",318.0,123.53999999999999,29,0.0
OFF-PA-10003350,"Eaton Message Books, 8.5 x 11",354.0,123.546,15,0.06000000000000001
TEC-AC-10001364,"Logitech Numeric Keypad, Programmable",434.0,123.608,18,0.16
TEC-MA-10000572,"Epson Card Printer, Red",766.0,123.618,6,0.21000000000000002
FUR-FU-10000729,"Eldon Clock, Durable",375.0,123.69,7,0.0
OFF-PA-10000317,"Xerox Computer Printout Paper, Premium",255.0,123.798,10,0.05
OFF-AR-10000019,"BIC Highlighters, Blue",303.0,123.84,24,0.0
TEC-CO-10001725,"Canon Ink, High-Speed",967.0,123.86200000000001,10,0.002
FUR-FU-10000758,DAX Natural Wood-Tone Poster Frame,513.0,123.9264,23,0.2
TEC-PH-10001730,"Motorola Signal Booster, Full Size",1381.0,123.95519999999999,10,0.054000000000000006
FUR-FU-10004845,"Deflect-o EconoMat Nonstudded, No Bevel Mat",703.0,123.96,14,0.06666666666666667
FUR-BO-10004670,"Dania Library with Doors, Mobile",730.0,124.02,2,0.0
OFF-PA-10004930,"Xerox Note Cards, Recycled",399.0,124.07039999999999,18,0.1175
FUR-HON-10003533,"Hon Executive Leather Armchair, Adjustable",460.0,124.08,1,0.0
OFF-ST-10001321,"Decoflex Hanging Personal Folder File, Blue",520.0,124.131,35,0.044444444444444446
OFF-FA-10002286,"OIC Push Pins, Bulk Pack",313.0,124.156,37,0.125
OFF-KRA-10001967,"Kraft Business Envelopes, Set of 50",260.0,124.41,13,0.0
FUR-FU-10000747,Tenex B1-RE Series Chair Mats for Low Pile Carpets,1003.0,124.6058,23,0.028571428571428574
TEC-MA-10004533,"Konica Receipt Printer, Durable",939.0,124.67160000000001,9,0.135
TEC-PH-10004094,Motorola L703CM,1997.0,124.792,16,0.2
TEC-CO-10002962,"Sharp Wireless Fax, Color",1323.0,124.93200000000002,5,0.2875
FUR-CH-10004754,"Global Stack Chair with Arms, Black",804.0,125.0166,31,0.14285714285714285
OFF-EN-10003939,"Kraft Interoffice Envelope, Set of 50",651.0,125.024,24,0.13333333333333333
OFF-ST-10002566,"Tenex Lockers, Wire Frame",4614.0,125.09400000000002,32,0.2222222222222222
TEC-CO-10001869,"Brother Fax and Copier, High-Speed",379.0,125.16,2,0.0
FUR-FU-10004614,"Rubbermaid Frame, Black",330.0,125.19,3,0.0
FUR-RUB-10001704,"Rubbermaid Frame, Black",330.0,125.19,3,0.0
TEC-PH-10000486,Plantronics HL10 Handset Lifter,1113.0,125.2692,12,0.2
OFF-CAM-10003488,"Cameo Mailers, Set of 50",266.0,125.37,7,0.0
OFF-EN-10004649,"Cameo Mailers, with clear poly window",461.0,125.682,12,0.1175
FUR-FU-10001078,"Advantus Clock, Durable",450.0,125.706,10,0.06666666666666667
OFF-LA-10004737,"Avery Shipping Labels, 5000 Label Set",437.0,125.778,41,0.1375
OFF-BI-10000069,"GBC Prepunched Paper, 19-Hole, for Binding Systems, 24-lb",434.0,125.7838,38,0.33749999999999997
OFF-BOS-10001375,"Boston Canvas, Easy-Erase",874.0,125.982,18,0.12
TEC-PH-10001051,HTC One,1120.0,125.9874,14,0.2
TEC-PH-10001535,"Nokia Speaker Phone, Cordless",2017.0,126.0,19,0.17200000000000001
TEC-STA-10000699,"StarTech Phone, Red",381.0,126.051,6,0.13999999999999999
TEC-AC-10002006,Memorex Micro Travel Drive 16 GB,557.0,126.1611,39,0.08571428571428573
TEC-LOG-10002589,"Logitech Memory Card, USB",1170.0,126.207,12,0.13999999999999999
FUR-BO-10001067,"Bush Stackable Bookrack, Pine",1033.0,126.256,16,0.24000000000000005
FUR-FU-10001473,DAX Wood Document Frame,476.0,126.316,40,0.1111111111111111
FUR-CH-10004913,"Office Star Rocking Chair, Red",3136.0,126.33659999999999,24,0.094
OFF-ST-10003409,"Tenex File Cart, Single Width",700.0,126.49199999999999,9,0.13333333333333333
OFF-BI-10004644,"Cardinal Index Tab, Durable",282.0,126.53999999999999,37,0.0
OFF-ST-10001227,"Eldon Folders, Wire Frame",372.0,126.68,37,0.12000000000000002
OFF-LA-10001158,"Avery Address/Shipping Labels for Typewriters, 4"" x 2""",278.0,126.684,28,0.05714285714285715
OFF-AR-10002240,Panasonic KP-150 Electric Pencil Sharpener,573.0,126.80640000000001,16,0.05
OFF-ST-10001753,"Eldon Shelving, Industrial",1042.0,126.81,22,0.025
OFF-ST-10004296,"Rogers Box, Single Width",473.0,127.03999999999999,38,0.17142857142857146
TEC-AC-10004114,KeyTronic 6101 Series - Keyboard - Black,361.0,127.06899999999999,10,0.1
OFF-EN-10000315,"Kraft Manila Envelope, Recycled",304.0,127.16,19,0.06666666666666668
FUR-FU-10004460,"Howard Miller 12"" Round Wall Clock",479.0,127.2996,14,0.1
OFF-KIT-10002357,"KitchenAid Blender, White",339.0,127.43999999999998,4,0.19999999999999998
OFF-ST-10000943,Eldon ProFile File 'N Store Portable File Tub Letter/Legal Size Black,614.0,127.44600000000001,35,0.1142857142857143
OFF-PA-10003838,"Eaton Note Cards, Premium",337.0,127.47999999999999,20,0.06666666666666667
TEC-PH-10003437,Blue Parrot B250XT Professional Grade Wireless Bluetooth Headset with,1230.0,127.483,21,0.25
TEC-AC-10000710,Maxell DVD-RAM Discs,296.0,127.5552,18,0.0
OFF-PA-10000380,"REDIFORM Incoming/Outgoing Call Register, 11"" X 8 1/2"", 100 Messages",282.0,127.602,37,0.07500000000000001
FUR-FU-10001252,"Eldon Clock, Erganomic",419.0,127.704,8,0.06666666666666667
OFF-SU-10003991,"Fiskars Shears, Steel",308.0,127.80799999999999,11,0.10000000000000002
OFF-STA-10001895,"Stanley Pens, Easy-Erase",395.0,127.884,46,0.11875
OFF-EN-10000061,"Cameo Business Envelopes, Set of 50",297.0,128.048,23,0.044444444444444446
OFF-ST-10003858,"Fellowes File Cart, Single Width",1337.0,128.076,15,0.06666666666666667
OFF-AR-10000387,"Sanford Highlighters, Water Color",348.0,128.12550000000002,21,0.14
FUR-DAN-10001875,"Dania Floating Shelf Set, Metal",338.0,128.28,2,0.0
TEC-PH-10004184,"Motorola Headset, with Caller ID",617.0,128.496,18,0.32
TEC-MA-10001569,"Okidata Phone, Red",718.0,128.51999999999998,9,0.075
TEC-AC-10000929,"Belkin Mouse, Bluetooth",276.0,128.568,7,0.025
OFF-SU-10003924,"Elite Trimmer, Steel",464.0,128.571,16,0.22000000000000003
FUR-ELD-10001163,"Eldon Frame, Erganomic",919.0,128.64,8,0.0
OFF-FA-10004257,"Accos Clamps, Metal",375.0,128.7,21,0.12
TEC-EPS-10000774,"Epson Phone, Red",859.0,128.7,11,0.0
FUR-CH-10003836,"Harbour Creations Rocking Chair, Red",3286.0,128.7606,29,0.21250000000000002
OFF-PA-10003407,"Enermax Memo Slips, Recycled",320.0,128.7693,21,0.028333333333333335
FUR-FU-10002210,"Tenex Clock, Black",1132.0,129.10500000000002,24,0.041666666666666664
OFF-CUI-10002413,"Cuisinart Coffee Grinder, Black",334.0,129.252,10,0.15
OFF-AP-10004825,"Cuisinart Toaster, Red",529.0,129.294,11,0.10000000000000002
OFF-AR-10002116,"BIC Pens, Fluorescent",548.0,129.40800000000002,40,0.13333333333333333
FUR-BO-10003046,"Safco Library with Doors, Mobile",1777.0,129.4443,6,0.19000000000000003
FUR-BEV-10000388,"Bevis Coffee Table, Rectangular",316.0,129.45,1,0.0
OFF-EN-10001327,"Cameo Interoffice Envelope, Security-Tint",432.0,129.46,14,0.05
OFF-SU-10000926,"Acme Trimmer, Easy Grip",382.0,129.46,13,0.06666666666666667
TEC-PH-10001254,Jabra BIZ 2300 Duo QD Duo Corded Headset,1727.0,129.5298,17,0.2
OFF-SU-10002573,"Acme 10"" Easy Grip Assistive Scissors",449.0,129.722,26,0.025
OFF-ST-10003164,"Fellowes Box, Wire Frame",426.0,129.76,41,0.14545454545454548
OFF-PA-10003969,"Green Bar Note Cards, 8.5 x 11",429.0,129.762,18,0.23399999999999999
TEC-MA-10003326,"Epson Printer, Red",866.0,129.8,5,0.0
OFF-ACM-10000476,"Acme Letter Opener, Easy Grip",612.0,129.816,21,0.13333333333333333
OFF-BRE-10001343,"Breville Blender, Silver",1028.0,129.816,12,0.15
FUR-CH-10001187,"Novimex Chairmat, Set of Two",352.0,129.96,6,0.0
TEC-AC-10004864,Memorex Micro Travel Drive 32 GB,380.0,129.9756,12,0.12000000000000002
TEC-PH-10000730,Samsung Galaxy S4 Active,500.0,129.9974,1,0.0
OFF-EAT-10002122,"Eaton Cards & Envelopes, 8.5 x 11",542.0,130.02,11,0.0
FUR-HAR-10001089,"Harbour Creations Rocking Chair, Black",839.0,130.068,7,0.15
OFF-LA-10000879,"Hon File Folder Labels, Alphabetical",331.0,130.095,44,0.13
FUR-CH-10002846,"Hon Steel Folding Chair, Black",1211.0,130.1,27,0.15000000000000002
OFF-AP-10003559,"Hamilton Beach Stove, Red",1085.0,130.14000000000001,3,0.0
OFF-BIC-10003680,"BIC Highlighters, Blue",540.0,130.185,36,0.22499999999999998
FUR-FU-10002979,"Eldon Frame, Black",465.0,130.2,4,0.0
TEC-MA-10001570,Cisco Desktop Collaboration Experience DX650 IP Video Phone,386.0,130.2075,5,0.2
OFF-AR-10004780,"Stanley Markers, Blue",339.0,130.428,18,0.164
OFF-SU-10000979,"Acme Letter Opener, Easy Grip",297.0,130.48000000000002,14,0.0
OFF-AP-10003287,Tripp Lite TLP810NET Broadband Surge for Modem/Fax,938.0,130.4832,22,0.23333333333333336
OFF-FA-10004997,"Accos Paper Clips, Bulk Pack",354.0,130.5,25,0.0
TEC-AC-10001987,"Memorex Numeric Keypad, Bluetooth",948.0,130.5738,25,0.17
FUR-BO-10004388,"Ikea Library with Doors, Metal",1524.0,130.59,6,0.3
FUR-SAU-10003928,"Sauder Classic Bookcase, Metal",870.0,130.62,2,0.0
TEC-PH-10004922,RCA Visys Integrated PBX 8-Line Router,1086.0,130.63049999999998,19,0.12000000000000002
OFF-WIL-10000146,"Wilson Jones Binding Machine, Clear",572.0,130.656,13,0.12
OFF-BI-10003883,"Acco Binder, Economy",570.0,130.68,62,0.03333333333333333
TEC-STA-10003925,"StarTech Card Printer, Durable",1112.0,130.776,8,0.24
OFF-BOS-10002340,"Boston Markers, Blue",722.0,130.878,38,0.19230769230769232
TEC-CO-10002578,"Canon Copy Machine, Laser",524.0,131.04,2,0.0
OFF-BI-10003367,"Wilson Jones Binder, Recycled",347.0,131.049,29,0.1
TEC-MEM-10003743,"Memorex Numeric Keypad, Bluetooth",510.0,131.073,12,0.0875
TEC-SAM-10003493,"Samsung Signal Booster, VoIP",944.0,131.20199999999997,9,0.27999999999999997
OFF-BI-10003806,"Avery Index Tab, Clear",283.0,131.2143,46,0.06333333333333334
OFF-EN-10003286,Staples,286.0,131.238,35,0.028571428571428574
OFF-PA-10004842,"SanDisk Message Books, Recycled",328.0,131.274,15,0.12
OFF-SU-10004236,"Stiletto Letter Opener, Steel",686.0,131.3004,33,0.19363636363636363
TEC-PH-10001615,AT&T CL82213,481.0,131.3247,17,0.04
OFF-ST-10003184,"Eldon Trays, Wire Frame",784.0,131.4,26,0.028571428571428574
TEC-PH-10000990,"Cisco Signal Booster, with Caller ID",1761.0,131.44799999999998,23,0.16
TEC-MOT-10000851,"Motorola Headset, with Caller ID",399.0,131.54999999999998,5,0.0
OFF-HOO-10002752,"Hoover Refrigerator, Red",526.0,131.55,1,0.0
OFF-EN-10003360,"Kraft Mailers, with clear poly window",601.0,131.57399999999998,15,0.03333333333333333
OFF-PA-10001212,"Xerox Message Books, Recycled",426.0,131.67,21,0.0
OFF-SU-10001124,"Acme Trimmer, High Speed",357.0,131.76,8,0.0
TEC-CO-10000070,"Hewlett Copy Machine, High-Speed",1318.0,131.79,6,0.16666666666666666
FUR-FU-10000628,"Rubbermaid Light Bulb, Black",374.0,131.8476,23,0.18
FUR-FU-10003609,"Rubbermaid Frame, Duo Pack",352.0,131.88,4,0.2
TEC-CO-10001275,"Brother Fax and Copier, Digital",890.0,131.91612,7,0.002
FUR-CH-10002991,"Novimex Steel Folding Chair, Adjustable",1517.0,131.958,19,0.08
OFF-ST-10002763,"Fellowes Lockers, Wire Frame",413.0,132.06,2,0.0
TEC-AC-10000158,Sony 64GB Class 10 Micro SDHC R40 Memory Card,900.0,132.0833,27,0.06666666666666668
TEC-CO-10004045,"Hewlett Ink, High-Speed",441.0,132.12,3,0.0
OFF-STA-10003803,"Stanley Highlighters, Fluorescent",426.0,132.21599999999998,29,0.12
OFF-LA-10000668,"Smead Removable Labels, Adjustable",352.0,132.258,40,0.189
TEC-PH-10002597,Xblue XB-1670-86 X16 Small Office Telephone - Titanium,605.0,132.2895,5,0.1
OFF-ST-10000287,"Rogers Box, Blue",594.0,132.45839999999998,27,0.09666666666666668
OFF-BI-10003022,"Cardinal 3-Hole Punch, Economy",522.0,132.48,29,0.06666666666666668
TEC-CO-10000279,"Hewlett Personal Copier, High-Speed",427.0,132.48,3,0.0
FUR-IKE-10000521,"Ikea Classic Bookcase, Mobile",414.0,132.54,1,0.0
OFF-EN-10004100,"Kraft Mailers, Security-Tint",287.0,132.6,11,0.04
FUR-FU-10004960,"Seth Thomas 12"" Clock w/ Goldtone Case",391.0,132.8244,17,0.0
OFF-AP-10004227,"Hamilton Beach Refrigerator, White",2125.0,132.83200000000002,8,0.13333333333333333
FUR-FU-10002937,"Rubbermaid Light Bulb, Durable",381.0,132.84,26,0.13333333333333333
OFF-EN-10004491,"Cameo Manila Envelope, Recycled",309.0,132.84,12,0.0
TEC-CO-10004078,"Sharp Fax Machine, Laser",1478.0,132.89999999999998,5,0.0
TEC-SHA-10000244,"Sharp Fax Machine, Laser",1479.0,132.89999999999998,5,0.0
TEC-CO-10001204,"Canon Fax Machine, High-Speed",633.0,132.96,2,0.0
OFF-SU-10003665,"Stiletto Letter Opener, Steel",381.0,133.176,26,0.1142857142857143
FUR-CH-10001553,"Hon Bag Chairs, Adjustable",876.0,133.17600000000002,20,0.10000000000000002
OFF-LA-10003498,Avery 475,265.0,133.2,18,0.0
FUR-CH-10003842,"Harbour Creations Chairmat, Red",986.0,133.2,15,0.07500000000000001
TEC-MA-10003704,"StarTech Printer, Wireless",461.0,133.206,2,0.1
TEC-AC-10004001,Logitech Wireless Headset H600 Over-The-Head Design,387.0,133.269,10,0.1
TEC-PH-10002262,LG Electronics Tone+ HBS-730 Bluetooth Headset,905.0,133.3024,18,0.15000000000000002
OFF-AP-10004994,"Hamilton Beach Refrigerator, Red",667.0,133.36,2,0.0
OFF-AP-10003491,"Hoover Coffee Grinder, Silver",278.0,133.44,4,0.0
TEC-PH-10002398,AT&T 1070 Corded Phone,1070.0,133.788,12,0.20000000000000004
FUR-CH-10002653,"Office Star Rocking Chair, Adjustable",4186.0,133.84,53,0.15384615384615385
OFF-SU-10004497,"Elite Scissors, Serrated",380.0,134.2725,22,0.1125
OFF-AR-10001132,"BIC Markers, Blue",490.0,134.3322,24,0.23
OFF-SU-10001831,"Stiletto Scissors, High Speed",315.0,134.4,22,0.08571428571428573
FUR-FU-10000366,"Deflect-O Door Stop, Durable",328.0,134.4,8,0.0
TEC-MOT-10001950,"Motorola Headset, Full Size",956.0,134.424,13,0.15
OFF-AR-10002991,"Binney & Smith Markers, Blue",895.0,134.478,39,0.06
OFF-AR-10002538,"Binney & Smith Sketch Pad, Fluorescent",540.0,134.64000000000001,17,0.0
OFF-BI-10002190,"Wilson Jones Binder, Durable",538.0,134.76,39,0.037500000000000006
OFF-AR-10001386,"Sanford Sketch Pad, Easy-Erase",329.0,134.7825,8,0.135
OFF-AP-10001956,"Breville Refrigerator, Black",431.0,134.8608,1,0.17
TEC-PH-10001809,Panasonic KX T7736-B Digital phone,1260.0,134.95499999999998,10,0.16
FUR-FU-10001619,"Advantus Clock, Erganomic",440.0,134.988,10,0.13333333333333333
TEC-CO-10002089,"Brother Personal Copier, Laser",1235.0,135.1222,15,0.082
OFF-AR-10003461,"Stanley Pencil Sharpener, Easy-Erase",310.0,135.1584,13,0.09571428571428572
TEC-LOG-10000368,"Logitech Flash Drive, Programmable",288.0,135.27,9,0.0
OFF-AR-10002067,Newell 334,531.0,135.30880000000002,27,0.03333333333333333
FUR-BO-10003386,"Sauder 3-Shelf Cabinet, Mobile",338.0,135.36,2,0.0
OFF-ST-10000439,"Rogers Lockers, Single Width",2258.0,135.36,16,0.0
OFF-BI-10003475,"Wilson Jones Index Tab, Recycled",316.0,135.3783,49,0.044000000000000004
FUR-BO-10004015,"Bush Andora Bookcase, Maple/Graphite Gray Finish",3318.0,135.58870000000002,34,0.16666666666666666
OFF-HOO-10001248,"Hoover Coffee Grinder, Silver",348.0,135.60000000000002,5,0.0
FUR-FU-10004503,"Tenex Photo Frame, Black",425.0,135.648,9,0.11666666666666665
OFF-FA-10001783,"Stockwell Rubber Bands, Metal",283.0,135.66,17,0.0
OFF-BIN-10000837,"Binney & Smith Markers, Easy-Erase",558.0,135.72,29,0.2357142857142857
OFF-BI-10004491,"Avery Binder Covers, Durable",415.0,135.808,53,0.06666666666666668
OFF-SU-10004008,"Kleencut Letter Opener, Steel",349.0,135.9072,18,0.20400000000000001
FUR-FU-10003268,Eldon Radial Chair Mat for Low to Medium Pile Carpets,776.0,135.932,20,0.06666666666666667
OFF-SAN-10002484,"Sanford Canvas, Blue",1214.0,136.08,30,0.2222222222222222
TEC-BRO-10001568,"Brother Wireless Fax, Digital",1513.0,136.2,4,0.0
TEC-CO-10003217,"Canon Wireless Fax, Laser",757.0,136.26,2,0.0
OFF-AP-10002794,"KitchenAid Microwave, Black",413.0,136.28,2,0.0
OFF-EN-10002955,"Jiffy Interoffice Envelope, with clear poly window",375.0,136.44,9,0.16666666666666666
TEC-PH-10000960,"Samsung Headset, with Caller ID",957.0,136.48,20,0.1
OFF-BI-10002799,"Cardinal Binder Covers, Clear",525.0,136.62,46,0.0
OFF-LA-10003381,"Novimex Removable Labels, Laser Printer Compatible",291.0,136.6335,32,0.09444444444444444
TEC-MA-10001098,"StarTech Printer, Durable",342.0,136.68,2,0.0
OFF-FA-10000467,"Stockwell Push Pins, 12 Pack",444.0,136.7,49,0.06000000000000001
OFF-PA-10000752,"Xerox Note Cards, Premium",333.0,136.8,19,0.0
OFF-ST-10003805,"24 Capacity Maxi Data Binder Racks, Pearl",926.0,136.85750000000002,5,0.1
OFF-ST-10004837,"Eldon File Cart, Single Width",5913.0,136.94400000000002,48,0.030000000000000006
TEC-AC-10000883,"Belkin Mouse, Bluetooth",386.0,136.988,15,0.1
FUR-LES-10000874,"Lesro Computer Table, Fully Assembled",428.0,137.04,1,0.0
OFF-PA-10000565,Staples,280.0,137.151,5,0.0
OFF-SU-10001074,"Fiskars Letter Opener, Easy Grip",336.0,137.16,12,0.0
OFF-AP-10004569,"Hoover Coffee Grinder, Red",1055.0,137.28,25,0.13333333333333333
OFF-AR-10000851,"Sanford Sketch Pad, Blue",1273.0,137.3052,32,0.09111111111111111
TEC-PH-10000810,"Nokia Headset, VoIP",519.0,137.39999999999998,9,0.2
FUR-CH-10003282,"SAFCO Bag Chairs, Black",535.0,137.56380000000001,13,0.09000000000000001
FUR-BO-10002390,"Ikea Library with Doors, Metal",2780.0,137.751,8,0.034
TEC-MA-10001622,"Okidata Card Printer, Red",1384.0,138.24,12,0.0
FUR-FU-10001588,"Deflect-o SuperTray Unbreakable Stackable Tray, Letter, Black",438.0,138.3132,18,0.15
OFF-BI-10004593,Ibico Laser Imprintable Binding System Covers,1103.0,138.336,34,0.3625
FUR-HON-10000224,"Hon Computer Table, with Bottom Storage",989.0,138.42,2,0.0
OFF-PA-10000302,"Eaton Computer Printout Paper, Multicolor",509.0,138.43200000000002,21,0.12777777777777777
OFF-PA-10001363,Xerox 1933,295.0,138.5184,24,0.0
FUR-TA-10001771,"Bush Cubix Conference Tables, Fully Assembled",832.0,138.58800000000002,4,0.2
OFF-BI-10002674,"Cardinal Binder Covers, Recycled",377.0,138.63,35,0.075
OFF-AR-10002055,"Binney & Smith Markers, Blue",342.0,138.684,25,0.17500000000000002
OFF-PA-10003664,"Enermax Computer Printout Paper, Premium",323.0,138.72,17,0.0
TEC-AC-10001719,"Enermax Flash Drive, Erganomic",388.0,138.776,19,0.22000000000000003
OFF-SAN-10004339,"Sanford Highlighters, Water Color",491.0,138.807,29,0.12999999999999998
OFF-EN-10000483,"White Envelopes, White Envelopes with Clear Poly Window",320.0,139.07999999999998,22,0.08
OFF-EN-10004995,"Ames Interoffice Envelope, with clear poly window",422.0,139.1,13,0.0
OFF-AVE-10002102,"Avery 3-Hole Punch, Economy",348.0,139.125,15,0.2111111111111111
TEC-MA-10003338,"Panasonic Phone, Red",1083.0,139.2678,16,0.14750000000000002
TEC-MA-10000374,"Konica Receipt Printer, Red",557.0,139.3,7,0.0
FUR-CH-10003846,Hon Valutask Swivel Chairs,1243.0,139.3524,13,0.07500000000000001
OFF-EN-10003413,"Jiffy Interoffice Envelope, with clear poly window",778.0,139.36860000000001,18,0.16
FUR-CH-10000423,"Hon Chairmat, Set of Two",861.0,139.482,16,0.07500000000000001
OFF-SU-10002775,"Fiskars Box Cutter, Steel",350.0,139.5,10,0.0
TEC-CAN-10004556,"Canon Fax and Copier, Laser",1052.0,139.5,9,0.4666666666666666
TEC-ENE-10001541,"Enermax Router, USB",776.0,139.59,3,0.0
TEC-KON-10000302,"Konica Phone, White",524.0,139.59,7,0.19999999999999998
TEC-PH-10001817,Wilson Electronics DB Pro Signal Booster,4582.0,139.62,17,0.2285714285714286
TEC-MA-10003626,Hewlett-Packard Deskjet 6540 Color Inkjet Printer,1396.0,139.621,6,0.4
OFF-AP-10001824,"Hamilton Beach Blender, Silver",981.0,139.6224,16,0.14750000000000002
OFF-EN-10004849,"Cameo Mailers, Security-Tint",1145.0,139.7544,37,0.194
OFF-BI-10004361,"Avery 3-Hole Punch, Recycled",316.0,139.776,12,0.2
FUR-FU-10004579,"Deflect-O Door Stop, Duo Pack",646.0,139.887,18,0.18
TEC-MA-10003246,Hewlett-Packard Deskjet D4360 Printer,448.0,139.99,4,0.2
OFF-IBI-10000959,"Ibico Binding Machine, Recycled",949.0,140.454,19,0.0875
TEC-CO-10004981,"Canon Copy Machine, High-Speed",1703.0,140.46359999999999,8,0.17333333333333334
TEC-MA-10003478,"StarTech Receipt Printer, Durable",1307.0,140.55,13,0.075
TEC-HEW-10004833,"Hewlett Ink, Color",1560.0,140.928,11,0.12
OFF-AR-10003903,Sanford 52201 APSCO Electric Pencil Sharpener,566.0,140.9368,14,0.05
OFF-JIF-10002228,"Jiffy Interoffice Envelope, with clear poly window",300.0,140.94,6,0.0
OFF-XER-10000846,"Xerox Cards & Envelopes, 8.5 x 11",884.0,140.94,18,0.0
OFF-PA-10003625,Xerox 1979,329.0,140.959,11,0.06666666666666667
OFF-AR-10000823,"Stanley Pens, Water Color",581.0,141.12,49,0.1
FUR-FU-10002665,"Advantus Light Bulb, Erganomic",450.0,141.2583,27,0.15285714285714286
OFF-ST-10001342,"Fellowes Trays, Blue",624.0,141.4293,15,0.2316666666666667
OFF-EN-10002490,"Kraft Peel and Seal, with clear poly window",416.0,141.44,26,0.0
OFF-SU-10004655,"Stiletto Trimmer, Steel",589.0,141.54,21,0.0
TEC-AC-10004508,"SanDisk Numeric Keypad, Bluetooth",885.0,141.6,16,0.0
FUR-FU-10001438,"Rubbermaid Frame, Duo Pack",4939.0,141.615,49,0.07777777777777778
OFF-ST-10000619,"Eldon Lockers, Wire Frame",2049.0,141.632,22,0.3
TEC-AC-10003947,"SanDisk Keyboard, Bluetooth",489.0,141.66,6,0.0
OFF-BI-10003653,"Avery 3-Hole Punch, Durable",677.0,141.668,38,0.06666666666666667
FUR-NOV-10000123,"Novimex Rocking Chair, Red",789.0,141.84,6,0.0
OFF-SU-10000650,"Acme Shears, Steel",395.0,141.84,8,0.0
OFF-SAN-10002873,"SanDisk Cards & Envelopes, 8.5 x 11",525.0,141.9,10,0.0
OFF-PA-10003127,Staples,327.0,141.9244,13,0.03333333333333333
FUR-FU-10001640,"Eldon Photo Frame, Black",764.0,142.0176,17,0.20400000000000001
FUR-TA-10002789,"Hon Coffee Table, with Bottom Storage",616.0,142.155,3,0.35
FUR-BO-10003287,"Dania Corner Shelving, Traditional",1156.0,142.19600000000003,15,0.13333333333333333
OFF-ST-10004097,"Tenex Box, Wire Frame",478.0,142.356,40,0.21666666666666667
TEC-PH-10001590,"Motorola Headset, with Caller ID",1139.0,142.3698,16,0.09000000000000001
OFF-BI-10001904,"Cardinal Binder Covers, Durable",309.0,142.74,24,0.052500000000000005
OFF-AR-10000404,"Stanley Pencil Sharpener, Easy-Erase",410.0,142.816,24,0.08
FUR-HAR-10003548,"Harbour Creations Bag Chairs, Set of Two",447.0,143.01,7,0.0
FUR-FU-10001477,"Rubbermaid Stacking Tray, Black",811.0,143.076,34,0.06714285714285714
OFF-BI-10002727,"Wilson Jones Binding Machine, Clear",698.0,143.288,22,0.03333333333333333
FUR-TA-10000789,"Lesro Training Table, with Bottom Storage",681.0,143.36,4,0.1
OFF-EN-10002122,"Jiffy Mailers, with clear poly window",625.0,143.52,23,0.0
TEC-MA-10003176,"Panasonic Inkjet, Wireless",312.0,143.55,1,0.0
OFF-AR-10001230,"Binney & Smith Markers, Water Color",981.0,143.67000000000002,37,0.08333333333333333
OFF-AP-10003842,Euro-Pro Shark Turbo Vacuum,694.0,143.7472,24,0.05000000000000001
TEC-AC-10001267,Imation 32GB Pocket Pro USB 3.0 Flash Drive - 32 GB - Black - 1 P ...,468.0,143.76,18,0.12000000000000002
FUR-FU-10001086,"Advantus Frame, Black",2455.0,143.832,26,0.175
OFF-SU-10004980,"Acme Trimmer, Steel",968.0,143.88,24,0.07142857142857142
TEC-AC-10003463,"Enermax Numeric Keypad, USB",496.0,143.91,9,0.0
OFF-FA-10004899,"OIC Clamps, 12 Pack",288.0,144.0,15,0.0
OFF-ST-10003716,Tennsco Double-Tier Lockers,5625.0,144.01280000000003,28,0.1111111111111111
OFF-AR-10003766,"BIC Sketch Pad, Easy-Erase",424.0,144.04,13,0.0
TEC-PH-10003772,"Cisco Headset, Cordless",1186.0,144.0942,15,0.124
OFF-PA-10004190,"Xerox Note Cards, Multicolor",350.0,144.176,20,0.05714285714285715
TEC-CIS-10002153,"Cisco Audio Dock, Cordless",1110.0,144.18,6,0.0
OFF-AP-10000977,"Breville Blender, White",792.0,144.423,9,0.05
OFF-SU-10001770,"Acme Scissors, Easy Grip",546.0,144.64139999999998,26,0.245
FUR-FU-10004018,Tensor Computer Mounted Lamp,536.0,144.7308,36,0.0
OFF-AP-10003866,"Breville Microwave, Red",751.0,144.7479,3,0.17
FUR-BO-10001369,"Sauder Stackable Bookrack, Mobile",666.0,144.784,7,0.05
OFF-FA-10004709,"Stockwell Clamps, Assorted Sizes",419.0,144.942,26,0.016666666666666666
OFF-AR-10003962,"Binney & Smith Highlighters, Water Color",416.0,145.04309999999998,24,0.135
OFF-SU-10001909,"Fiskars Scissors, Steel",329.0,145.05599999999998,16,0.05
OFF-SU-10002357,"Kleencut Trimmer, High Speed",538.0,145.07999999999998,13,0.0
TEC-MEM-10004524,"Memorex Memory Card, Programmable",1038.0,145.2,10,0.0
TEC-HP -10002307,"HP Fax and Copier, Laser",346.0,145.2,2,0.0
TEC-PH-10000576,AT&T 1080 Corded phone,1944.0,145.2094,18,0.2
OFF-LA-10003141,"Hon Shipping Labels, Laser Printer Compatible",413.0,145.2858,47,0.21083333333333332
OFF-AR-10003377,"Boston Pencil Sharpener, Easy-Erase",1592.0,145.407,57,0.05384615384615384
FUR-BO-10002300,"Safco 3-Shelf Cabinet, Mobile",1457.0,145.44,9,0.10000000000000002
OFF-AR-10001823,"BIC Highlighters, Blue",346.0,145.446,21,0.1
FUR-TA-10000478,"Bevis Round Table, Fully Assembled",831.0,145.476,3,0.2
TEC-MA-10001360,"Okidata Receipt Printer, White",403.0,145.5024,4,0.17
OFF-ACC-10001281,"Accos Clamps, Bulk Pack",342.0,145.578,19,0.11666666666666665
OFF-AP-10000043,"Cuisinart Toaster, Silver",438.0,145.6089,9,0.09000000000000001
OFF-PA-10001720,"Xerox Parchment Paper, Multicolor",429.0,145.644,31,0.06000000000000001
OFF-BI-10000289,"Wilson Jones Binder Covers, Recycled",649.0,145.77,57,0.038461538461538464
OFF-CAR-10002031,"Cardinal 3-Hole Punch, Durable",342.0,145.82999999999998,12,0.09999999999999999
TEC-PH-10003182,"Cisco Office Telephone, with Caller ID",397.0,145.836,9,0.13333333333333333
TEC-HP -10001426,"HP Personal Copier, Color",930.0,145.84199999999998,8,0.15
TEC-PAN-10002690,"Panasonic Card Printer, Wireless",1043.0,145.98,6,0.0
FUR-FU-10004313,"Eldon Light Bulb, Duo Pack",405.0,146.1,17,0.05714285714285714
TEC-MA-10002711,"Epson Card Printer, Durable",1003.0,146.25300000000001,6,0.05
OFF-ST-10004293,"Rogers Shelving, Industrial",542.0,146.38,13,0.0
TEC-CO-10001162,"HP Fax and Copier, Color",349.0,146.4,2,0.0
OFF-BIC-10000718,"BIC Pencil Sharpener, Fluorescent",467.0,146.47799999999998,16,0.08571428571428572
FUR-CH-10004040,"Office Star Steel Folding Chair, Set of Two",508.0,146.484,6,0.1
OFF-AP-10002457,"Eureka The Boss Plus 12-Amp Hard Box Upright Vacuum, Red",1674.0,146.51000000000002,20,0.21666666666666667
OFF-ACC-10004538,"Acco Binder Covers, Recycled",608.0,146.59199999999998,48,0.11249999999999999
OFF-PA-10004946,"SanDisk Note Cards, Multicolor",942.0,146.6712,30,0.13
TEC-PH-10004636,"Nokia Audio Dock, with Caller ID",333.0,146.7,3,0.0
OFF-AP-10001049,"Breville Coffee Grinder, Silver",459.0,146.74,11,0.0
OFF-AP-10002057,"Breville Coffee Grinder, Black",576.0,146.826,10,0.05
OFF-BI-10000308,"Cardinal Binder Covers, Durable",460.0,146.88,34,0.0
OFF-EN-10003770,"Kraft Manila Envelope, with clear poly window",420.0,147.0,14,0.0
OFF-BI-10001670,Vinyl Sectional Post Binders,900.0,147.03,40,0.41818181818181815
FUR-BO-10001519,O'Sullivan 3-Shelf Heavy-Duty Bookcases,1118.0,147.0942,22,0.16999999999999998
FUR-CH-10001490,"Novimex Executive Leather Armchair, Red",2944.0,147.2,16,0.3
TEC-PH-10002222,"Cisco Office Telephone, VoIP",527.0,147.2025,8,0.2333333333333333
OFF-AR-10003684,"BIC Sketch Pad, Fluorescent",467.0,147.252,10,0.10833333333333334
OFF-BI-10000329,"Acco Binder, Durable",699.0,147.3,46,0.04615384615384615
OFF-ST-10001534,"Smead Folders, Industrial",361.0,147.357,22,0.08800000000000001
OFF-AP-10003909,"KitchenAid Blender, Black",388.0,147.36,4,0.0
TEC-AC-10002013,"SanDisk Numeric Keypad, Bluetooth",704.0,147.44,19,0.0
TEC-HP -10003559,"HP Wireless Fax, Digital",360.0,147.51,1,0.0
FUR-SAF-10001873,"SAFCO Bag Chairs, Set of Two",606.0,147.693,13,0.25999999999999995
FUR-FU-10003930,Howard Miller 12-3/4 Diameter Accuwave DS  Wall Clock,786.0,147.9372,14,0.4
OFF-AR-10002727,"Stanley Pencil Sharpener, Fluorescent",611.0,147.966,26,0.07857142857142858
FUR-FU-10000256,"Rubbermaid Photo Frame, Duo Pack",337.0,147.975,7,0.125
TEC-PAN-10002756,"Panasonic Card Printer, White",896.0,147.99600000000004,7,0.39999999999999997
TEC-AC-10001278,"Enermax Flash Drive, USB",751.0,148.07999999999998,19,0.05000000000000001
TEC-AC-10003571,"Memorex Numeric Keypad, Bluetooth",506.0,148.15200000000002,18,0.13333333333333333
TEC-MA-10000232,"Konica Card Printer, Durable",958.0,148.21200000000002,11,0.35
FUR-FU-10001488,"Tenex 46"" x 60"" Computer Anti-Static Chairmat, Rectangular Shaped",2268.0,148.372,25,0.14285714285714285
TEC-MOT-10002272,"Motorola Smart Phone, with Caller ID",646.0,148.47,1,0.0
OFF-GLO-10000016,"GlobeWeis Interoffice Envelope, Recycled",513.0,148.5,11,0.0
OFF-BI-10000124,"Acco Binder Covers, Clear",446.0,148.644,63,0.1272727272727273
OFF-EN-10002472,"Cameo Interoffice Envelope, Security-Tint",752.0,148.69469999999998,22,0.3475
OFF-AR-10001678,"Binney & Smith Sketch Pad, Easy-Erase",522.0,148.848,24,0.2
TEC-PH-10003400,"Motorola Signal Booster, VoIP",372.0,148.90200000000002,3,0.2
TEC-MA-10003975,"Epson Phone, Wireless",324.0,148.92,4,0.0
TEC-AC-10002647,"Logitech Wireless Boombox Speaker - portable - wireless, wired",383.0,148.96,4,0.1
OFF-FA-10000520,"Stockwell Paper Clips, Bulk Pack",328.0,149.13,25,0.07142857142857142
TEC-PH-10004544,"Motorola Speaker Phone, with Caller ID",1191.0,149.24040000000002,11,0.17333333333333334
FUR-BO-10002289,"Ikea Corner Shelving, Pine",622.0,149.25,5,0.0
TEC-PH-10004358,"Cisco Audio Dock, VoIP",2065.0,149.28,19,0.12000000000000002
OFF-SU-10003252,"Fiskars Trimmer, Steel",1251.0,149.4,30,0.0
FUR-FU-10004289,"Deflect-O Stacking Tray, Black",345.0,149.46,14,0.04
OFF-ST-10000777,"Companion Letter/Legal File, Black",612.0,149.5296,17,0.08
TEC-MA-10003936,"Epson Printer, White",348.0,149.64,2,0.0
OFF-AP-10000800,"Breville Stove, Red",749.0,149.72,2,0.0
OFF-BI-10003162,"Avery Binding Machine, Economy",403.0,149.724,13,0.05
OFF-AR-10003110,"Sanford Sketch Pad, Water Color",1062.0,149.7546,24,0.13
OFF-AR-10002605,"Sanford Sketch Pad, Fluorescent",505.0,149.832,17,0.13333333333333333
OFF-EN-10004206,Multimedia Mailers,326.0,149.8956,2,0.0
TEC-AC-10002364,"Enermax Router, USB",517.0,149.94,2,0.0
OFF-AR-10003373,"Boston School Pro Electric Pencil Sharpener, 1670",873.0,149.9432,32,0.1142857142857143
OFF-AR-10000711,"BIC Pens, Easy-Erase",847.0,150.32999999999998,61,0.05555555555555555
TEC-AC-10001284,Enermax Briskie RF Wireless Keyboard and Mouse Combo,468.0,150.3748,24,0.04
FUR-BO-10002916,"Rush Hierlooms Collection 1"" Thick Stackable Bookcases",1120.0,150.4624,7,0.049999999999999996
TEC-CO-10001674,"Sharp Personal Copier, Color",829.0,150.5208,9,0.198
FUR-FU-10001045,"Eldon Photo Frame, Durable",370.0,150.5322,8,0.13
FUR-FU-10004017,"Tenex Contemporary Contur Chairmats for Low and Medium Pile Carpet, Computer, 39"" x 49""",1012.0,150.542,10,0.05
OFF-PA-10002237,"Enermax Memo Slips, 8.5 x 11",344.0,150.56,28,0.1142857142857143
OFF-BI-10003440,"Avery Binder Covers, Economy",584.0,150.66,57,0.06666666666666667
FUR-TA-10004306,"Barricks Round Table, Fully Assembled",805.0,150.888,3,0.2
OFF-EN-10001335,"White Business Envelopes with Contemporary Seam, Recycled White Business Envelopes",338.0,150.97199999999998,34,0.10000000000000002
TEC-STA-10003550,"StarTech Card Printer, Red",2153.0,150.99,14,0.09999999999999999
TEC-CO-10000917,"Hewlett Copy Machine, Color",3455.0,151.04743999999997,22,0.10200000000000001
OFF-AP-10003021,"Breville Stove, White",465.0,151.0944,1,0.17
TEC-PH-10003636,"Samsung Speaker Phone, Cordless",806.0,151.176,10,0.08
FUR-CH-10004007,"SAFCO Steel Folding Chair, Set of Two",458.0,151.212,6,0.2
FUR-CH-10003606,SAFCO Folding Chair Trolley,706.0,151.3232,6,0.16666666666666666
OFF-ST-10001440,"Eldon Shelving, Blue",664.0,151.368,30,0.31428571428571433
OFF-BI-10003025,"Cardinal Binding Machine, Durable",868.0,151.443,17,0.014285714285714287
OFF-EN-10003537,"GlobeWeis Manila Envelope, Set of 50",747.0,151.4514,31,0.1725
OFF-AR-10001965,"BIC Markers, Easy-Erase",776.0,151.47,30,0.014285714285714287
OFF-AR-10004219,"Sanford Pencil Sharpener, Easy-Erase",328.0,151.509,13,0.15
TEC-AC-10001840,"SanDisk Mouse, Erganomic",758.0,151.6488,23,0.11399999999999999
OFF-ST-10003692,Recycled Steel Personal File for Hanging File Folders,1052.0,151.65949999999998,21,0.10000000000000002
TEC-CO-10003561,"Sharp Copy Machine, Color",1710.0,151.92000000000002,8,0.13333333333333333
OFF-EN-10000788,"Jiffy Manila Envelope, Security-Tint",370.0,151.98,15,0.16666666666666666
FUR-OFF-10002486,"Office Star Bag Chairs, Black",371.0,152.04,7,0.0
OFF-KIT-10004515,"KitchenAid Microwave, Red",2172.0,152.04,7,0.0
TEC-MA-10002981,I.R.I.S IRISCard Anywhere 5 Card Scanner,351.0,152.0883,3,0.1
OFF-CUI-10001965,"Cuisinart Microwave, White",1384.0,152.10000000000002,5,0.0
OFF-AP-10001130,"Breville Toaster, Black",358.0,152.208,5,0.05
FUR-CH-10004676,"Office Star Rocking Chair, Black",2146.0,152.21999999999997,18,0.16666666666666666
TEC-AC-10002363,"Logitech Keyboard, USB",726.0,152.4,10,0.0
FUR-HAR-10004726,"Harbour Creations Steel Folding Chair, Adjustable",682.0,152.424,8,0.39999999999999997
OFF-KIT-10001899,"KitchenAid Toaster, Black",628.0,152.43,8,0.12
OFF-IBI-10003541,"Ibico Binding Machine, Economy",1697.0,152.46,33,0.0
FUR-TA-10003451,"Hon Coffee Table, Adjustable Height",1018.0,152.568,6,0.2
FUR-FU-10004019,"Rubbermaid Door Stop, Erganomic",340.0,152.64,12,0.0
OFF-AR-10003829,"Boston Highlighters, Water Color",614.0,152.64000000000001,43,0.04
FUR-BO-10003631,"Safco Stackable Bookrack, Mobile",1549.0,152.892,19,0.1142857142857143
TEC-CO-10001501,"Canon Fax and Copier, Laser",1129.0,152.946,6,0.03333333333333333
OFF-BI-10003397,"Avery 3-Hole Punch, Economy",391.0,153.03,17,0.25
FUR-FU-10004224,"Deflect-O Photo Frame, Erganomic",411.0,153.196,15,0.16
OFF-ST-10000060,Fellowes Bankers Box Staxonsteel Drawer File/Stacking System,2613.0,153.3528,43,0.07500000000000001
FUR-CH-10002816,"Harbour Creations Swivel Stool, Adjustable",548.0,153.36,3,0.0
OFF-ST-10003286,"Rogers Lockers, Wire Frame",2454.0,153.5385,13,0.0925
FUR-HON-10002424,"Hon Steel Folding Chair, Red",456.0,153.762,7,0.175
FUR-FU-10001480,"Advantus Door Stop, Black",576.0,153.864,21,0.18
OFF-AR-10001190,"Boston Canvas, Easy-Erase",1484.0,153.88500000000002,32,0.15384615384615385
OFF-AR-10004010,Hunt Boston Vacuum Mount KS Pencil Sharpener,672.0,153.95600000000002,20,0.08
TEC-PH-10002680,Samsung Galaxy Note 3,2156.0,153.993,13,0.20000000000000004
TEC-PH-10004450,"Cisco Office Telephone, Full Size",1545.0,154.035,21,0.075
OFF-AP-10003500,"KitchenAid Microwave, White",820.0,154.1436,3,0.085
OFF-SU-10001132,"Fiskars Trimmer, Serrated",566.0,154.18,23,0.05
OFF-AP-10002361,"Hoover Microwave, Red",1389.0,154.23,5,0.1
OFF-ACM-10001587,"Acme Box Cutter, Easy Grip",316.0,154.32,8,0.0
OFF-PA-10000595,Xerox 1929,352.0,154.39839999999998,16,0.05
OFF-BI-10003018,"Avery Binder, Clear",425.0,154.4076,42,0.166
FUR-BO-10004529,"Sauder 3-Shelf Cabinet, Pine",3998.0,154.494,26,0.07777777777777778
OFF-PA-10003907,"Eaton Message Books, Premium",330.0,154.56,16,0.0
TEC-AC-10002289,"SanDisk Numeric Keypad, Erganomic",910.0,154.56,16,0.0
FUR-BO-10000268,"Ikea 3-Shelf Cabinet, Traditional",627.0,154.656,7,0.1
TEC-AC-10001876,"Logitech Memory Card, USB",552.0,154.68,9,0.1
FUR-BO-10002981,"Bush Floating Shelf Set, Metal",1411.0,154.728,16,0.24000000000000005
OFF-ST-10002437,"Eldon Trays, Blue",1258.0,154.73399999999998,28,0.07
TEC-AC-10000152,"Logitech Flash Drive, Erganomic",378.0,154.8,20,0.0
TEC-AC-10000863,"Enermax Numeric Keypad, Erganomic",1411.0,154.8,24,0.0
TEC-PH-10001305,Panasonic KX TS208W Corded phone,1284.0,154.8084,32,0.16666666666666666
OFF-EN-10003508,"GlobeWeis Peel and Seal, with clear poly window",407.0,155.2383,19,0.16
FUR-BO-10004821,"Dania Corner Shelving, Traditional",4221.0,155.2506,37,0.06166666666666667
TEC-BEL-10001971,"Belkin Flash Drive, USB",522.0,155.28,13,0.12
FUR-CH-10003199,Office Star - Contemporary Task Swivel Chair,1842.0,155.372,20,0.18333333333333335
FUR-FU-10001746,"Advantus Stacking Tray, Durable",488.0,155.445,20,0.08333333333333333
OFF-AR-10002987,Prismacolor Color Pencil Set,437.0,155.54559999999998,24,0.08571428571428573
OFF-AP-10001876,"Hoover Coffee Grinder, Silver",325.0,155.68,7,0.0
OFF-AP-10001621,"Cuisinart Blender, Silver",677.0,155.7,10,0.0
OFF-PA-10003441,Xerox 226,334.0,155.7792,53,0.03636363636363637
OFF-BIN-10000327,"Binney & Smith Markers, Water Color",1107.0,155.862,42,0.0875
OFF-ROG-10002294,"Rogers File Cart, Single Width",1946.0,155.94600000000003,15,0.12999999999999998
OFF-AR-10003680,"BIC Markers, Water Color",349.0,156.05200000000002,19,0.044444444444444446
FUR-CH-10004462,"Hon Executive Leather Armchair, Adjustable",827.0,156.234,2,0.1
TEC-AC-10001463,"Logitech Numeric Keypad, Programmable",981.0,156.27,21,0.02
OFF-FA-10004398,"OIC Push Pins, 12 Pack",363.0,156.30599999999998,29,0.16
TEC-AC-10004568,Maxell LTO Ultrium - 800 GB,1087.0,156.4641,41,0.07500000000000001
OFF-PA-10004495,"SanDisk Note Cards, Premium",425.0,156.555,18,0.21375
TEC-PH-10001575,"Samsung Office Telephone, VoIP",436.0,156.6,10,0.0
FUR-FU-10000889,"Rubbermaid Clock, Black",488.0,156.8568,10,0.0675
OFF-BIN-10001715,"Binney & Smith Canvas, Easy-Erase",1230.0,157.04399999999998,25,0.06
OFF-SU-10004663,"Kleencut Letter Opener, Easy Grip",454.0,157.068,27,0.05714285714285715
OFF-PA-10004530,Personal Creations Ink Jet Cards and Labels,322.0,157.5056,28,0.0
TEC-PH-10002538,Grandstream GXP1160 VoIP phone,804.0,157.70559999999998,24,0.10000000000000002
OFF-AR-10001518,"Binney & Smith Pencil Sharpener, Water Color",579.0,157.7388,27,0.21750000000000003
FUR-BO-10001875,"Bush Library with Doors, Mobile",367.0,157.74,1,0.0
FUR-TA-10001433,"Barricks Coffee Table, Adjustable Height",851.0,157.812,4,0.3
OFF-BI-10001765,Wilson Jones Heavy-Duty Casebound Ring Binders with Metal Hinges,554.0,157.95839999999998,22,0.3
FUR-LES-10002613,"Lesro Wood Table, Rectangular",930.0,158.1,2,0.0
OFF-ST-10001991,"Eldon Shelving, Wire Frame",425.0,158.144,15,0.2
TEC-PH-10003793,"Nokia Office Telephone, VoIP",609.0,158.20000000000002,14,0.0
OFF-BI-10000621,"Ibico 3-Hole Punch, Economy",344.0,158.214,12,0.05666666666666667
FUR-FU-10003217,"Tenex Frame, Durable",1229.0,158.2149,13,0.12333333333333334
OFF-AME-10001009,"Ames Interoffice Envelope, Set of 50",406.0,158.21999999999997,9,0.0
FUR-BO-10000243,"Safco Floating Shelf Set, Pine",891.0,158.355,5,0.1
OFF-AR-10002824,"Sanford Markers, Water Color",740.0,158.36,44,0.06666666666666668
OFF-CAR-10004408,"Cardinal 3-Hole Punch, Economy",605.0,158.4,28,0.24615384615384614
FUR-CH-10004478,"Hon Steel Folding Chair, Adjustable",1794.0,158.56,36,0.15
FUR-BO-10003320,"Dania Classic Bookcase, Metal",547.0,158.6,2,0.0
OFF-SU-10002732,"Acme Box Cutter, High Speed",888.0,158.634,28,0.17285714285714285
OFF-ST-10004930,"Tenex Trays, Single Width",1082.0,158.72,32,0.04
OFF-BI-10001254,"Avery Binding Machine, Recycled",1004.0,158.88,33,0.07272727272727274
OFF-SME-10004247,"Smead Shelving, Single Width",510.0,158.964,13,0.2111111111111111
TEC-CO-10003354,"Brother Fax Machine, Laser",1051.0,159.22199999999998,4,0.175
OFF-SU-10001731,"Elite Letter Opener, High Speed",677.0,159.285,38,0.298
TEC-PH-10004263,"Cisco Signal Booster, with Caller ID",2210.0,159.28650000000002,18,0.19166666666666665
TEC-PH-10004328,"Motorola Audio Dock, Cordless",2889.0,159.44800000000004,28,0.08571428571428573
OFF-FA-10002241,"Stockwell Clamps, Bulk Pack",533.0,159.4836,30,0.09499999999999999
TEC-SHA-10004184,"Sharp Personal Copier, High-Speed",507.0,159.51000000000002,5,0.175
OFF-PA-10000483,Xerox 19,415.0,159.547,15,0.1
TEC-CO-10003608,"Canon Fax Machine, Color",640.0,159.9,2,0.0
OFF-ST-10000580,"Fellowes Trays, Industrial",1348.0,160.101,27,0.15555555555555556
OFF-STI-10002040,"Stiletto Ruler, Easy Grip",492.0,160.2,34,0.11666666666666665
TEC-AC-10001013,Logitech ClearChat Comfort/USB Headset H390,533.0,160.2163,19,0.06666666666666667
FUR-TEN-10003923,"Tenex Door Stop, Duo Pack",427.0,160.33499999999998,11,0.25999999999999995
FUR-CH-10004312,"Hon Bag Chairs, Set of Two",2179.0,160.35,56,0.16785714285714287
OFF-ST-10001890,"Eldon Trays, Industrial",511.0,160.36,19,0.17142857142857146
FUR-FU-10002362,"Advantus Door Stop, Black",772.0,160.4742,23,0.23500000000000001
OFF-ELI-10001351,"Elite Trimmer, Easy Grip",459.0,160.524,13,0.15
OFF-BI-10002517,"Ibico Binder, Recycled",490.0,160.524,51,0.13636363636363635
TEC-CO-10001192,"HP Personal Copier, Digital",2244.0,160.533,20,0.13
OFF-AP-10002608,"Breville Toaster, Black",647.0,160.64999999999998,9,0.03333333333333333
OFF-PA-10004694,"Green Bar Cards & Envelopes, 8.5 x 11",894.0,160.65,17,0.0
TEC-AC-10004188,"Belkin Keyboard, USB",488.0,160.802,11,0.275
OFF-SU-10002544,"Kleencut Box Cutter, Serrated",847.0,161.01,28,0.07142857142857142
TEC-CO-10004147,"Brother Fax and Copier, High-Speed",1375.0,161.0925,8,0.08333333333333333
TEC-CO-10001531,"Hewlett Fax and Copier, Color",573.0,161.2545,4,0.175
OFF-SU-10001703,"Fiskars Box Cutter, High Speed",463.0,161.45999999999998,13,0.0
FUR-FU-10001096,"Advantus Clock, Black",903.0,161.49450000000002,20,0.11400000000000002
FUR-FU-10002598,"Tenex Photo Frame, Durable",587.0,161.6787,15,0.18
OFF-AP-10004913,"KitchenAid Refrigerator, Black",703.0,161.72,2,0.0
OFF-LA-10001074,Round Specialty Laser Printer Labels,421.0,162.0129,39,0.13333333333333333
FUR-FU-10002878,"Seth Thomas 14"" Day/Date Wall Clock",467.0,162.0512,17,0.06666666666666667
OFF-AP-10003298,"KitchenAid Coffee Grinder, Black",657.0,162.06,12,0.19999999999999998
OFF-BI-10003708,"Avery Binder, Economy",455.0,162.14999999999998,37,0.05454545454545454
OFF-PA-10001650,"Xerox Message Books, Premium",361.0,162.369,18,0.025
TEC-PH-10002170,ClearSounds CSC500 Amplified Spirit Phone Corded phone,1120.0,162.3768,19,0.13333333333333333
TEC-AC-10004938,"Memorex Router, Bluetooth",665.0,162.477,3,0.1
OFF-AP-10000240,Belkin F9G930V10-GRY 9 Outlet Surge,770.0,162.57920000000001,16,0.16
TEC-CO-10004404,"Brother Copy Machine, High-Speed",472.0,162.582,2,0.1
OFF-BI-10003876,"Green Canvas Binder for 8-1/2"" x 14"" Sheets",568.0,162.64000000000001,19,0.26
OFF-EN-10000673,"Cameo Business Envelopes, Recycled",363.0,162.83999999999997,23,0.0
OFF-ST-10004015,"Smead Trays, Blue",558.0,162.9744,16,0.24833333333333332
FUR-BO-10003604,"Ikea Corner Shelving, Mobile",1256.0,163.2,10,0.0
OFF-PA-10003139,"SanDisk Parchment Paper, Recycled",469.0,163.5192,29,0.045000000000000005
FUR-CH-10004790,"Office Star Bag Chairs, Black",758.0,163.53300000000002,19,0.26
OFF-TEN-10001031,"Tenex Shelving, Single Width",1067.0,163.57500000000002,22,0.17272727272727273
TEC-PH-10003171,Plantronics Encore H101 Dual Earpieces Headset,747.0,163.618,18,0.08571428571428573
OFF-FA-10001574,"Accos Clamps, Bulk Pack",349.0,163.62,18,0.0
TEC-AC-10000336,"Enermax Mouse, Bluetooth",430.0,163.72,18,0.08
TEC-PH-10001468,Panasonic Business Telephones KX-T7736,546.0,163.818,3,0.0
OFF-SU-10001421,"Acme Shears, Easy Grip",749.0,163.928,23,0.05714285714285715
TEC-KON-10001017,"Konica Receipt Printer, White",483.0,164.04,4,0.0
OFF-AP-10004226,"Cuisinart Coffee Grinder, Black",411.0,164.232,12,0.1
TEC-AC-10001666,"Memorex Numeric Keypad, Erganomic",1027.0,164.34,22,0.0
OFF-PA-10003416,"Enermax Note Cards, Multicolor",811.0,164.472,25,0.016666666666666666
TEC-MA-10001475,"StarTech Receipt Printer, Wireless",1016.0,164.53019999999998,10,0.09000000000000001
FUR-CH-10000171,"SAFCO Steel Folding Chair, Adjustable",589.0,164.64,12,0.15000000000000002
OFF-BI-10000563,"Acco Hole Reinforcements, Durable",441.0,164.688,64,0.12307692307692308
OFF-AR-10003066,"Sanford Markers, Water Color",2184.0,164.721,84,0.03529411764705882
OFF-AR-10001208,"Binney & Smith Canvas, Water Color",761.0,164.853,21,0.25833333333333336
OFF-EN-10002500,Globe Weis Peel & Seel First Class Envelopes,376.0,164.862,30,0.028571428571428574
OFF-AR-10000409,"Sanford Canvas, Easy-Erase",1271.0,165.0,25,0.0
OFF-EN-10000338,"Kraft Mailers, Recycled",409.0,165.04000000000002,20,0.1142857142857143
OFF-AR-10000937,"Dixon Ticonderoga Core-Lock Colored Pencils, 48-Color Set",431.0,165.206,13,0.1
TEC-MA-10004617,"Konica Receipt Printer, Wireless",571.0,165.34,7,0.0
OFF-AP-10002932,"Breville Refrigerator, White",690.0,165.56,2,0.0
TEC-PH-10004614,AT&T 841000 Phone,1615.0,165.6,28,0.17142857142857146
OFF-LA-10004544,Avery 505,373.0,165.76,28,0.1142857142857143
TEC-AC-10002522,"Memorex Router, Erganomic",781.0,165.864,4,0.2
OFF-FA-10003745,"Accos Rubber Bands, Metal",669.0,165.888,44,0.06699999999999999
OFF-AR-10002499,"Binney & Smith Pencil Sharpener, Easy-Erase",388.0,165.976,22,0.1
FUR-BO-10000820,"Sauder 3-Shelf Cabinet, Metal",598.0,166.104,4,0.1
FUR-FU-10002045,"Executive Impressions 14""",377.0,166.2804,17,0.0
OFF-BI-10003159,"Avery Binding Machine, Durable",1201.0,166.32899999999998,26,0.054000000000000006
OFF-SU-10003719,"Stiletto Scissors, Steel",412.0,166.352,29,0.05
OFF-ST-10003141,"Fellowes Trays, Industrial",1948.0,166.66289999999998,38,0.10444444444444444
OFF-PA-10003115,"Enermax Note Cards, Premium",475.0,166.72500000000002,18,0.1125
OFF-AP-10001469,Fellowes 8 Outlet Superior Workstation Surge Protector,758.0,166.84,20,0.08
OFF-ST-10003810,"Tenex Box, Single Width",535.0,166.91250000000002,34,0.06875
FUR-TA-10000670,"Chromcraft Coffee Table, Adjustable Height",539.0,166.92,2,0.0
TEC-AC-10004334,"Belkin Memory Card, USB",429.0,167.088,6,0.06666666666666667
TEC-NOK-10001219,"Nokia Signal Booster, Cordless",753.0,167.13,6,0.15
OFF-STA-10004108,"Stanley Canvas, Easy-Erase",1378.0,167.238,32,0.20555555555555555
OFF-SU-10004435,"Stiletto Shears, Serrated",493.0,167.31,11,0.0
TEC-PH-10002890,AT&T 17929 Lendline Telephone,1339.0,167.388,35,0.14
OFF-KIT-10000964,"KitchenAid Coffee Grinder, White",480.0,168.0,7,0.0
TEC-CO-10004152,"HP Ink, Laser",1577.0,168.088,20,0.14485714285714285
OFF-BI-10004390,GBC DocuBind 200 Manual Binding Machine,1853.0,168.392,8,0.36666666666666664
FUR-FU-10000567,"Rubbermaid Light Bulb, Erganomic",368.0,168.426,22,0.06
OFF-AP-10001124,Belkin 8 Outlet SurgeMaster II Gold Surge Protector with Phone Protection,648.0,168.4384,8,0.0
TEC-AC-10002014,"Belkin Flash Drive, USB",405.0,168.54,10,0.03333333333333333
OFF-HOO-10001105,"Hoover Refrigerator, Silver",527.0,168.63,1,0.0
FUR-RUB-10002945,"Rubbermaid Photo Frame, Duo Pack",534.0,168.66299999999998,11,0.13999999999999999
FUR-CH-10002965,"Global Leather Highback Executive Chair with Pneumatic Height Adjustment, Black",4864.0,168.82319999999999,32,0.22999999999999998
OFF-ST-10004482,"Rogers Shelving, Industrial",2186.0,168.909,46,0.1416666666666667
TEC-MA-10004446,"StarTech Printer, Wireless",769.0,169.02,3,0.0
OFF-PA-10001295,Computer Printout Paper with Letter-Trim Perforations,407.0,169.2124,24,0.08571428571428573
TEC-ENE-10003801,"Enermax Flash Drive, USB",526.0,169.21800000000002,14,0.13999999999999999
OFF-EN-10002784,"Cameo Manila Envelope, Recycled",525.0,169.248,25,0.17833333333333332
OFF-AP-10002578,"Fellowes Premier Superior Surge Suppressor, 10-Outlet, With Phone and Remote",931.0,169.2632,21,0.14285714285714285
OFF-AR-10001232,"Sanford Canvas, Fluorescent",1064.0,169.2756,25,0.20666666666666667
TEC-CO-10002872,"Canon Ink, Color",891.0,169.38,6,0.0
FUR-FU-10000735,"Tenex Frame, Erganomic",1831.0,169.416,18,0.08142857142857143
TEC-AC-10000642,"Logitech Flash Drive, Bluetooth",581.0,169.5249,22,0.13399999999999998
FUR-BO-10002204,"Bush Classic Bookcase, Pine",414.0,169.74,1,0.0
OFF-ST-10000085,"Rogers File Cart, Single Width",3750.0,169.81199999999995,30,0.125
OFF-ST-10000496,"Tenex Folders, Wire Frame",509.0,170.112,35,0.05714285714285715
OFF-PA-10001470,"Green Bar Message Books, 8.5 x 11",465.0,170.14,26,0.08571428571428573
OFF-AR-10000481,"BIC Markers, Blue",514.0,170.184,32,0.1
FUR-FU-10001718,"Eldon Door Stop, Duo Pack",864.0,170.184,20,0.08
OFF-PA-10002219,"SanDisk Parchment Paper, Multicolor",435.0,170.28,42,0.14285714285714285
OFF-EAT-10000652,"Eaton Computer Printout Paper, 8.5 x 11",437.0,170.358,16,0.17142857142857143
OFF-PA-10000994,"Enermax Message Books, 8.5 x 11",501.0,170.372,31,0.1
TEC-MA-10001841,"Konica Printer, White",355.0,170.4,2,0.0
FUR-TA-10001726,"Bevis Coffee Table, Fully Assembled",682.0,170.48,4,0.2
OFF-BIC-10002270,"BIC Pencil Sharpener, Water Color",848.0,170.496,34,0.13333333333333333
FUR-CH-10000042,"Harbour Creations Swivel Stool, Black",355.0,170.58,2,0.0
OFF-PA-10002073,"Green Bar Parchment Paper, 8.5 x 11",475.0,170.6652,24,0.09499999999999999
OFF-EN-10001993,"GlobeWeis Manila Envelope, Set of 50",684.0,170.67,28,0.1111111111111111
FUR-BEV-10004919,"Bevis Wood Table, with Bottom Storage",534.0,170.73,1,0.0
OFF-AP-10004958,"KitchenAid Stove, Black",1442.0,170.836,5,0.2
FUR-CH-10001797,"Safco Chair Connectors, 6/Carton",881.0,170.8512,26,0.15
TEC-HEW-10003460,"Hewlett Fax and Copier, Color",778.0,170.88,4,0.0
TEC-PH-10001363,Apple iPhone 5S,2166.0,170.997,5,0.20000000000000004
OFF-ST-10002706,"Fellowes File Cart, Wire Frame",4049.0,171.12599999999998,36,0.16923076923076924
TEC-PH-10003589,invisibleSHIELD by ZAGG Smudge-Free Screen Protector,442.0,171.2648,29,0.17142857142857146
OFF-PA-10004092,Tops Green Bar Computer Printout Paper,343.0,171.29,7,0.0
TEC-AC-10004334,"Logitech Router, Erganomic",1765.0,171.33599999999998,10,0.15
FUR-FU-10000432,"Eldon Clock, Black",701.0,171.61800000000002,13,0.075
TEC-ENE-10004192,"Enermax Keyboard, Bluetooth",475.0,171.85199999999998,7,0.25999999999999995
OFF-AP-10001406,"Breville Stove, Black",374.0,172.02,1,0.0
OFF-FA-10000899,"Stockwell Clamps, 12 Pack",419.0,172.0638,27,0.194
FUR-CH-10002602,DMI Arturo Collection Mission-style Design Wood Chair,3413.0,172.1172,29,0.21000000000000002
FUR-FU-10003708,"Tenex Traditional Chairmats for Medium Pile Carpet, Standard Lip, 36"" x 48""",1322.0,172.246,24,0.13333333333333333
OFF-AR-10003123,"Boston Canvas, Easy-Erase",453.0,172.344,15,0.15000000000000002
TEC-AC-10004752,"Memorex Keyboard, Erganomic",397.0,172.36,9,0.06666666666666667
TEC-CO-10003534,"HP Fax and Copier, Digital",432.0,172.485,3,0.16666666666666666
TEC-CO-10000262,"Brother Ink, Laser",1802.0,172.55199999999996,20,0.162
FUR-TA-10003171,"Bevis Training Table, Fully Assembled",1256.0,172.62,7,0.2
TEC-AC-10000861,"SanDisk Router, Erganomic",2947.0,172.626,13,0.1357142857142857
FUR-BO-10001555,"Bush Corner Shelving, Metal",1235.0,172.8,10,0.0
FUR-TA-10001744,"Lesro Coffee Table, Adjustable Height",508.0,172.8,2,0.0
FUR-LES-10000488,"Lesro Coffee Table, Adjustable Height",508.0,172.8,2,0.0
TEC-AC-10001441,"SanDisk Mouse, Erganomic",866.0,172.8,24,0.0
TEC-PH-10004800,"Apple Headset, Full Size",536.0,172.92,8,0.2
OFF-PA-10004381,14-7/8 x 11 Blue Bar Computer Printout Paper,422.0,172.94400000000002,10,0.1
TEC-PH-10001530,Plantronics Voyager Pro Legend,1359.0,173.0316,8,0.20000000000000004
TEC-AC-10000221,"Belkin Memory Card, Programmable",1920.0,173.20499999999998,19,0.125
FUR-OFF-10002395,"Office Star Rocking Chair, Red",423.0,173.25,3,0.0
OFF-EN-10004571,"Ames Peel and Seal, with clear poly window",378.0,173.39999999999998,17,0.0
FUR-FU-10001161,"Deflect-O Photo Frame, Duo Pack",604.0,173.496,21,0.2285714285714286
FUR-CH-10000603,"Hon Bag Chairs, Red",627.0,173.535,15,0.12
FUR-FU-10000946,"Advantus Stacking Tray, Durable",944.0,173.64600000000002,40,0.06
TEC-PH-10004714,"Motorola Office Telephone, VoIP",535.0,173.661,9,0.19000000000000003
TEC-AC-10000394,"Belkin Numeric Keypad, Bluetooth",404.0,173.67000000000002,7,0.0
OFF-EAT-10003338,"Eaton Message Books, 8.5 x 11",396.0,173.76,16,0.0
OFF-SU-10001592,"Kleencut Letter Opener, Easy Grip",622.0,173.88,23,0.0
OFF-PA-10000382,"SanDisk Computer Printout Paper, Multicolor",468.0,173.904,16,0.0675
OFF-PA-10003381,"Eaton Cards & Envelopes, Multicolor",1049.0,174.0591,25,0.09625
OFF-AP-10000172,"Cuisinart Toaster, Silver",1176.0,174.117,24,0.13999999999999999
OFF-PA-10002196,"Green Bar Message Books, Recycled",570.0,174.12,26,0.09999999999999999
FUR-IKE-10002894,"Ikea Library with Doors, Traditional",1598.0,174.276,7,0.38
OFF-EN-10000352,"GlobeWeis Peel and Seal, Recycled",364.0,174.42000000000002,18,0.0
TEC-AC-10002253,Imation Bio 8GB USB Flash Drive Imation Corp,1163.0,174.55200000000002,7,0.0
FUR-BO-10004541,"Dania Library with Doors, Mobile",1993.0,175.0032,6,0.0675
TEC-AC-10003851,"Memorex Keyboard, Bluetooth",1019.0,175.06400000000002,23,0.05714285714285715
TEC-PH-10002447,AT&T CL83451 4-Handset Telephone,907.0,175.0915,5,0.13333333333333333
FUR-CH-10003440,"Harbour Creations Steel Folding Chair, Set of Two",630.0,175.18200000000002,7,0.10000000000000002
TEC-PH-10004554,"Samsung Audio Dock, VoIP",693.0,175.218,5,0.17
TEC-CO-10001482,"Sharp Ink, High-Speed",1349.0,175.23,11,0.0
FUR-NOV-10003257,"Novimex Chairmat, Adjustable",577.0,175.25400000000002,11,0.24
OFF-EN-10004667,"Kraft Interoffice Envelope, Set of 50",799.0,175.44,17,0.0
OFF-BI-10002986,"Avery Binder Covers, Recycled",598.0,175.51500000000001,58,0.08333333333333333
TEC-PH-10002780,"Motorola Smart Phone, Cordless",429.0,175.68,1,0.0
TEC-CO-10000786,"Canon Fax Machine, Color",2768.0,175.7295,10,0.11000000000000001
FUR-RUB-10002067,"Rubbermaid Frame, Erganomic",586.0,175.734,6,0.15
OFF-AR-10004920,"Boston Canvas, Water Color",698.0,175.992,25,0.23333333333333336
TEC-AC-10000420,"Belkin Router, USB",466.0,176.088,2,0.1
FUR-BO-10004191,"Safco Corner Shelving, Traditional",1525.0,176.112,11,0.07500000000000001
OFF-FEL-10004016,"Fellowes Shelving, Blue",723.0,176.25,15,0.13999999999999999
TEC-AC-10003172,"Memorex Numeric Keypad, Bluetooth",746.0,176.26500000000001,18,0.1
TEC-PH-10001937,"Nokia Audio Dock, Full Size",2965.0,176.32950000000002,20,0.17857142857142858
FUR-ADV-10001440,"Advantus Door Stop, Black",959.0,176.379,22,0.09999999999999999
TEC-LOG-10003896,"Logitech Router, Erganomic",980.0,176.4,4,0.0
OFF-AR-10004986,"Boston Pens, Easy-Erase",535.0,176.48999999999998,37,0.0
TEC-CO-10004234,"Canon Fax Machine, Laser",848.0,176.54192,4,0.002
FUR-ELD-10003131,"Eldon Frame, Durable",679.0,176.58,6,0.0
TEC-AC-10001636,"Belkin Mouse, Erganomic",1042.0,176.58,27,0.0
TEC-PH-10001614,"Motorola Audio Dock, VoIP",1676.0,176.5836,12,0.1675
OFF-AP-10000576,Belkin 7 Outlet SurgeMaster II,631.0,176.87040000000002,16,0.0
OFF-PA-10003744,"Green Bar Parchment Paper, Multicolor",656.0,176.88240000000002,39,0.08555555555555555
TEC-APP-10002310,"Apple Office Telephone, Cordless",450.0,177.018,8,0.25
TEC-NOK-10001070,"Nokia Speaker Phone, with Caller ID",2216.0,177.12,18,0.0
OFF-PA-10003510,"Enermax Message Books, Recycled",404.0,177.12,18,0.0
TEC-MA-10001031,Socket Bluetooth Cordless Hand Scanner (CHS),506.0,177.198,3,0.2
OFF-BI-10000440,"Acco Index Tab, Economy",427.0,177.24,46,0.1
OFF-PA-10001091,"Eaton Computer Printout Paper, Recycled",550.0,177.248,32,0.025
OFF-BIN-10004729,"Binney & Smith Sketch Pad, Water Color",610.0,177.51,13,0.11666666666666665
OFF-EN-10000927,Jet-Pak Recycled Peel 'N' Seal Padded Mailers,553.0,177.6555,19,0.15000000000000002
OFF-EN-10002873,"Ames Interoffice Envelope, Recycled",396.0,177.66,9,0.0
OFF-AR-10003633,"Binney & Smith Canvas, Easy-Erase",1808.0,177.99,38,0.125
FUR-CH-10002291,"Hon Bag Chairs, Set of Two",1435.0,178.0,56,0.16363636363636364
TEC-MA-10004613,"Okidata Phone, White",623.0,178.0206,9,0.21000000000000002
TEC-PH-10001117,"Apple Smart Phone, Full Size",636.0,178.11,1,0.0
TEC-PH-10002468,"Plantronics CS 50-USB - headset - Convertible, Monaural",1470.0,178.1469,13,0.12000000000000002
TEC-PH-10004992,"Apple Office Telephone, Full Size",627.0,178.278,12,0.13
TEC-PH-10004908,Panasonic KX TS3282W Corded phone,1666.0,178.47899999999998,25,0.2285714285714286
FUR-BEV-10003414,"Bevis Computer Table, Fully Assembled",694.0,178.50600000000003,2,0.3
OFF-BI-10003702,"Wilson Jones Binder Covers, Durable",398.0,178.626,32,0.0125
OFF-PA-10000659,"TOPS Carbonless Receipt Book, Four 2-3/4 x 7-1/4 Money Receipts per Page",407.0,178.704,25,0.1
OFF-AP-10002573,"Hamilton Beach Stove, Black",1463.0,178.749,3,0.1
TEC-CO-10004589,"Canon Wireless Fax, High-Speed",2054.0,178.78568,9,0.10200000000000001
OFF-FA-10002619,"Stockwell Rubber Bands, Metal",408.0,178.86,28,0.07142857142857142
OFF-BI-10002172,"Acco Binding Machine, Recycled",2032.0,178.99500000000003,48,0.1
TEC-PH-10000494,"Apple Speaker Phone, Cordless",1752.0,179.085,16,0.12
FUR-FU-10000468,"Advantus Frame, Durable",2682.0,179.10000000000002,26,0.08571428571428572
OFF-CAR-10001471,"Cardinal 3-Hole Punch, Clear",1006.0,179.106,37,0.15555555555555556
TEC-AC-10001172,"Logitech Numeric Keypad, Erganomic",517.0,179.232,23,0.2
FUR-FU-10001876,"Computer Room Manger, 14""",636.0,179.2896,22,0.14285714285714285
OFF-AR-10002433,"Stanley Pens, Easy-Erase",429.0,179.31,43,0.041666666666666664
TEC-PH-10002419,"Motorola Headset, Cordless",1528.0,179.35500000000002,24,0.15
OFF-BI-10004861,"Cardinal Binding Machine, Clear",912.0,179.556,31,0.125
TEC-MA-10004954,"StarTech Calculator, Red",456.0,179.6286,13,0.0675
TEC-PH-10002641,"Motorola Office Telephone, Full Size",438.0,179.64,6,0.0
TEC-MOT-10003348,"Motorola Smart Phone, Full Size",2572.0,179.82,6,0.3333333333333333
FUR-BO-10004917,"Dania Stackable Bookrack, Mobile",487.0,179.88,4,0.0
TEC-PH-10004586,Wilson SignalBoost 841262 DB PRO Amplifier Kit,2448.0,179.975,9,0.25
OFF-STI-10002716,"Stiletto Box Cutter, Serrated",393.0,180.0,12,0.0
FUR-FU-10000076,24-Hour Round Wall Clock,488.0,180.0198,27,0.06666666666666667
OFF-ST-10003760,"Eldon Trays, Blue",569.0,180.124,19,0.08571428571428573
OFF-EN-10002465,"Cameo Business Envelopes, Set of 50",450.0,180.18,22,0.0
OFF-ELI-10001057,"Elite Trimmer, Serrated",384.0,180.3,10,0.0
OFF-EN-10001751,"GlobeWeis Mailers, Set of 50",693.0,180.35999999999999,27,0.0
OFF-EN-10000075,"GlobeWeis Interoffice Envelope, Security-Tint",641.0,180.416,20,0.05
TEC-AC-10002996,"Enermax Mouse, Erganomic",660.0,180.519,19,0.1425
OFF-BI-10001754,"Ibico Binder Covers, Recycled",490.0,180.6,35,0.0
OFF-PA-10001686,"SanDisk Memo Slips, Premium",476.0,180.60000000000002,28,0.0
FUR-FU-10000606,"Deflect-O Photo Frame, Durable",575.0,180.73680000000002,13,0.12333333333333334
OFF-ST-10003929,"Tenex Lockers, Blue",2967.0,180.76,23,0.06666666666666667
TEC-MA-10000258,"Panasonic Inkjet, Wireless",518.0,180.9894,2,0.17
FUR-CH-10004899,"SAFCO Rocking Chair, Adjustable",1155.0,181.07999999999998,18,0.24000000000000005
TEC-MA-10000170,"Okidata Receipt Printer, White",647.0,181.12,8,0.0
TEC-AC-10000023,"Maxell 74 Minute CD-R Spindle, 50/Pack",504.0,181.1808,24,0.0
FUR-FU-10003447,"Eldon Light Bulb, Duo Pack",546.0,181.296,24,0.09166666666666667
FUR-FU-10001950,"Eldon Door Stop, Black",1280.0,181.53,27,0.06
FUR-CH-10004592,"Hon Rocking Chair, Set of Two",1409.0,181.872,13,0.26666666666666666
OFF-AP-10002568,"Hamilton Beach Toaster, Black",939.0,181.98000000000002,19,0.1
OFF-AP-10002998,"KitchenAid Microwave, Red",828.0,182.0,4,0.0
OFF-EN-10003850,"GlobeWeis Clasp Envelope, Security-Tint",384.0,182.16,48,0.04
OFF-AP-10002872,"Cuisinart Coffee Grinder, White",529.0,182.16,16,0.10000000000000002
TEC-AC-10003080,"Logitech Memory Card, USB",1139.0,182.16,11,0.0
FUR-CH-10002316,"Harbour Creations Bag Chairs, Red",641.0,182.208,12,0.13333333333333333
OFF-SU-10002566,"Stiletto Trimmer, Steel",623.0,182.4555,18,0.22999999999999998
TEC-AC-10004451,"SanDisk Mouse, Bluetooth",680.0,182.56400000000002,27,0.05714285714285715
OFF-BI-10003364,Binding Machine Supplies,668.0,182.6042,32,0.18888888888888888
TEC-CO-10000847,"Canon Personal Copier, Laser",1027.0,182.688,8,0.2
FUR-BO-10001580,"Dania Stackable Bookrack, Pine",2429.0,182.745,22,0.154
FUR-CH-10004705,"Hon Executive Leather Armchair, Black",1828.0,182.76,4,0.0
OFF-PA-10000167,Xerox 1925,489.0,182.782,18,0.10000000000000002
TEC-AC-10002257,"Logitech Numeric Keypad, Bluetooth",574.0,182.808,13,0.04
FUR-FU-10000629,9-3/4 Diameter Round Wall Clock,455.0,183.1312,34,0.05
TEC-AC-10003518,"Logitech Router, USB",1708.0,183.147,7,0.03333333333333333
OFF-AP-10000004,"Cuisinart Stove, Silver",539.0,183.27,1,0.0
TEC-APP-10001389,"Apple Audio Dock, with Caller ID",1887.0,183.417,12,0.0875
FUR-BO-10000734,"Bush Corner Shelving, Pine",1255.0,183.8,20,0.2285714285714286
TEC-CO-10002316,"Brother Personal Copier, Laser",2328.0,183.87810000000002,20,0.13
TEC-AC-10001114,Microsoft Wireless Mobile Mouse 4000,592.0,183.954,15,0.05
OFF-PA-10001977,Xerox 194,443.0,184.1936,9,0.1
FUR-BUS-10004854,"Bush Floating Shelf Set, Pine",2210.0,184.32600000000005,17,0.19999999999999998
FUR-CH-10000117,"Novimex Steel Folding Chair, Black",1626.0,184.608,22,0.07833333333333334
OFF-BI-10004240,"Cardinal Binding Machine, Recycled",509.0,184.7421,12,0.15250000000000002
TEC-MA-10003400,"Panasonic Printer, Durable",1421.0,184.8,8,0.0
OFF-AR-10000491,"Binney & Smith Pens, Water Color",531.0,184.896,36,0.04615384615384615
TEC-CAN-10004214,"Canon Fax and Copier, Color",772.0,185.04,4,0.0
FUR-FU-10000135,"Tenex Photo Frame, Black",970.0,185.058,21,0.16
OFF-AR-10003247,"Boston Highlighters, Water Color",1251.0,185.13,59,0.04285714285714286
FUR-BUS-10002138,"Bush Stackable Bookrack, Pine",882.0,185.22,7,0.0
OFF-PA-10000878,"SanDisk Note Cards, Multicolor",442.0,185.25,13,0.0
FUR-FU-10000242,"Deflect-O Frame, Durable",1155.0,185.55599999999998,20,0.21666666666666667
OFF-ST-10001476,Steel Personal Filing/Posting Tote,938.0,185.7173,29,0.08
OFF-STA-10000244,"Stanley Sketch Pad, Fluorescent",1456.0,185.74200000000002,33,0.04285714285714286
OFF-KLE-10004581,"Kleencut Trimmer, Easy Grip",774.0,185.76,18,0.0
OFF-PA-10000241,"IBM Multi-Purpose Copy Paper, 8 1/2 x 11"", Case",459.0,185.88,16,0.10000000000000002
TEC-CAN-10001981,"Canon Ink, High-Speed",581.0,186.0,4,0.0
OFF-BI-10000542,"Wilson Jones 3-Hole Punch, Durable",1465.0,186.552,55,0.1
OFF-BIN-10000712,"Binney & Smith Canvas, Blue",2101.0,186.564,46,0.1733333333333333
OFF-STA-10000247,"Stanley Canvas, Fluorescent",1013.0,186.60000000000002,24,0.14615384615384613
OFF-EN-10002728,"GlobeWeis Interoffice Envelope, Set of 50",813.0,186.66,17,0.0
OFF-PA-10004727,"Eaton Note Cards, 8.5 x 11",835.0,186.6795,36,0.155
OFF-AR-10000502,"BIC Highlighters, Easy-Erase",896.0,186.72,48,0.04
TEC-MA-10000606,"Okidata Printer, White",1551.0,186.7971,7,0.17
OFF-ST-10000560,"Fellowes Trays, Industrial",950.0,187.068,25,0.05714285714285715
OFF-SU-10004643,"Elite Trimmer, Easy Grip",923.0,187.07999999999998,34,0.10000000000000002
FUR-TA-10002497,"Chromcraft Computer Table, Adjustable Height",869.0,187.119,3,0.35
FUR-CH-10004853,"Global Manager's Adjustable Task Chair, Storm",1902.0,187.2152,16,0.13999999999999999
TEC-MA-10000687,"Konica Calculator, Red",664.0,187.248,16,0.15833333333333335
TEC-CO-10001741,"Brother Copy Machine, Color",521.0,187.5,2,0.0
OFF-AR-10003613,"Sanford Canvas, Easy-Erase",1291.0,187.5939,31,0.178
FUR-CH-10004572,"Office Star Executive Leather Armchair, Adjustable",4825.0,187.712,20,0.2
OFF-ST-10002930,"Eldon Lockers, Industrial",1428.0,187.72799999999998,14,0.13333333333333333
TEC-PH-10002584,Samsung Galaxy S4,626.0,187.797,1,0.0
OFF-PA-10003513,"Enermax Message Books, Recycled",419.0,188.16,28,0.0
OFF-AP-10001293,Belkin 8 Outlet Surge Protector,1074.0,188.508,30,0.14285714285714285
OFF-KRA-10003337,"Kraft Mailers, Recycled",599.0,188.76,17,0.15
FUR-FU-10004811,"Eldon Door Stop, Erganomic",820.0,189.144,17,0.025
OFF-BI-10001002,"Avery Binder Covers, Recycled",410.0,189.28,55,0.022222222222222223
OFF-ST-10000028,"Rogers Shelving, Blue",894.0,189.492,23,0.06000000000000001
TEC-AC-10003116,Memorex Froggy Flash Drive 8 GB,535.0,189.57,32,0.07500000000000001
FUR-DAN-10004625,"Dania Stackable Bookrack, Mobile",803.0,189.59400000000002,9,0.19999999999999998
TEC-CO-10003541,"HP Copy Machine, Color",2673.0,189.81804000000002,19,0.102
OFF-BI-10002424,"Avery Binder, Economy",518.0,190.017,43,0.119
TEC-MA-10004458,Lexmark X 9575 Professional All-in-One Color Printer,396.0,190.08,4,0.0
OFF-ST-10001186,"Rogers Trays, Industrial",1628.0,190.3272,35,0.1985714285714286
TEC-CO-10003307,"Hewlett Fax and Copier, Digital",578.0,190.53,3,0.0
FUR-FU-10002829,"Deflect-O Photo Frame, Black",830.0,190.56,24,0.0
FUR-HAR-10004086,"Harbour Creations Steel Folding Chair, Black",1795.0,190.84799999999998,20,0.15
OFF-SU-10003522,"Elite Box Cutter, Serrated",527.0,190.9371,19,0.16749999999999998
TEC-NOK-10003743,"Nokia Signal Booster, VoIP",683.0,191.1,5,0.0
FUR-FU-10000918,"Deflect-O Photo Frame, Duo Pack",741.0,191.31,16,0.0625
TEC-AC-10002568,"Enermax Numeric Keypad, Erganomic",839.0,191.51579999999998,20,0.304
FUR-FU-10003535,Howard Miller Distant Time Traveler Alarm Clock,531.0,192.2142,21,0.13333333333333333
TEC-PH-10003215,Jackery Bar Premium Fast-charging Portable Charger,468.0,192.279,18,0.15000000000000002
OFF-BI-10002354,"Acco Binder, Clear",594.0,192.417,41,0.007692307692307693
TEC-MA-10001711,"Konica Phone, White",1029.0,192.57600000000002,13,0.10500000000000001
FUR-CH-10000025,"Office Star Rocking Chair, Set of Two",3971.0,192.87,33,0.124
OFF-BIC-10002722,"BIC Pens, Water Color",595.0,192.906,39,0.14615384615384613
OFF-AP-10002283,"Hoover Toaster, Silver",912.0,192.9759,12,0.085
FUR-FU-10003094,"Eldon Clock, Erganomic",386.0,192.99,7,0.0
OFF-AR-10003336,"Sanford Pencil Sharpener, Easy-Erase",592.0,193.20800000000003,34,0.1
OFF-AP-10001402,"KitchenAid Coffee Grinder, White",411.0,193.32,9,0.0
OFF-PA-10000776,"Xerox Cards & Envelopes, Premium",503.0,193.614,13,0.12
OFF-LA-10002806,"Novimex Shipping Labels, 5000 Label Set",460.0,193.7883,46,0.11545454545454546
FUR-FU-10001691,"Deflect-O Photo Frame, Black",883.0,193.8,17,0.0
TEC-CIS-10001122,"Cisco Speaker Phone, VoIP",1124.0,193.917,10,0.1857142857142857
TEC-AC-10004221,"Logitech Memory Card, Programmable",504.0,193.974,5,0.05
OFF-KLE-10002869,"Kleencut Letter Opener, High Speed",555.0,194.04,21,0.0
FUR-SAU-10003188,"Sauder Stackable Bookrack, Pine",658.0,194.046,5,0.19999999999999998
FUR-BO-10000269,"Dania Stackable Bookrack, Pine",893.0,194.19199999999998,13,0.2
OFF-IBI-10001123,"Ibico 3-Hole Punch, Recycled",838.0,194.232,29,0.13333333333333333
TEC-AC-10002883,"Belkin Flash Drive, USB",589.0,194.46,14,0.0
OFF-AR-10000953,"Stanley Pencil Sharpener, Easy-Erase",572.0,194.7,22,0.0
OFF-BI-10001384,"Cardinal Binder, Economy",675.0,194.754,55,0.08461538461538462
OFF-BI-10003724,"Cardinal Index Tab, Economy",457.0,194.82,55,0.05833333333333333
TEC-AC-10000450,"Enermax Keyboard, USB",812.0,194.829,11,0.15
OFF-EN-10000056,"Ames Manila Envelope, Security-Tint",486.0,194.94,18,0.0
FUR-FU-10002250,"Advantus Photo Frame, Durable",543.0,194.9886,12,0.15666666666666668
OFF-PA-10003823,Xerox 197,502.0,195.174,18,0.06666666666666667
FUR-CH-10000333,"SAFCO Swivel Stool, Black",1043.0,195.27300000000002,8,0.19999999999999998
FUR-FU-10002818,"Advantus Stacking Tray, Black",460.0,195.28199999999998,30,0.21250000000000002
OFF-STA-10004163,"Stanley Markers, Fluorescent",924.0,195.354,47,0.18823529411764706
TEC-PH-10003095,Samsung HM1900 Bluetooth Headset,493.0,195.355,27,0.17142857142857146
OFF-AR-10004068,"Boston Markers, Fluorescent",459.0,195.498,17,0.04
TEC-AC-10000358,Imation Secure Drive + Hardware Encrypted USB flash drive - 16 GB,889.0,196.0284,24,0.03333333333333333
FUR-FU-10003112,"Tenex Frame, Durable",957.0,196.056,15,0.26666666666666666
TEC-PH-10000577,"Samsung Headset, Cordless",1328.0,196.22,31,0.13333333333333333
FUR-CH-10003844,"Office Star Rocking Chair, Black",1478.0,196.52,19,0.17142857142857146
TEC-PH-10004732,"Cisco Office Telephone, Cordless",1249.0,196.52999999999997,16,0.16666666666666666
FUR-FU-10003264,"Rubbermaid Clock, Black",402.0,196.56,8,0.0
FUR-FU-10002648,"Rubbermaid Stacking Tray, Erganomic",416.0,196.6896,18,0.045000000000000005
OFF-EN-10004773,Staples,434.0,196.72299999999998,15,0.1
FUR-CH-10000187,"Hon Chairmat, Red",1614.0,196.9218,34,0.129
FUR-BO-10001708,"Safco Stackable Bookrack, Pine",3591.0,196.95000000000005,28,0.09999999999999999
TEC-PH-10004251,"Nokia Audio Dock, Full Size",1165.0,197.088,12,0.13333333333333333
FUR-FU-10001861,"Floodlight Indoor Halogen Bulbs, 1 Bulb per Pack, 60 Watts",436.0,197.104,24,0.13333333333333333
OFF-BI-10002570,"Cardinal 3-Hole Punch, Clear",1362.0,197.106,52,0.07857142857142858
TEC-AC-10000575,"Logitech Keyboard, Programmable",523.0,197.14000000000001,12,0.12000000000000002
TEC-PH-10003645,Aastra 57i VoIP phone,2232.0,197.1642,17,0.16666666666666666
OFF-BRE-10000391,"Breville Toaster, Black",792.0,197.19599999999997,11,0.19999999999999998
FUR-CH-10003772,"Office Star Chairmat, Red",711.0,197.226,13,0.16666666666666666
FUR-CH-10001415,"Office Star Executive Leather Armchair, Red",845.0,197.244,2,0.1
OFF-EN-10000755,"Ames Mailers, Recycled",481.0,197.28,24,0.20000000000000004
OFF-BRE-10004073,"Breville Refrigerator, Red",1038.0,197.34,2,0.0
FUR-BO-10003333,"Sauder Stackable Bookrack, Traditional",1317.0,197.37,9,0.0
FUR-BO-10002000,"Ikea Classic Bookcase, Metal",1944.0,197.3733,5,0.05666666666666667
OFF-ST-10003442,Eldon Portable Mobile Manager,899.0,197.3944,34,0.06666666666666668
OFF-AR-10003217,"Sanford Highlighters, Fluorescent",553.0,197.505,36,0.09090909090909091
TEC-CAN-10003392,"Canon Copy Machine, Color",791.0,197.64,3,0.0
FUR-CH-10001146,"Global Value Mid-Back Manager's Chair, Gray",1979.0,197.89249999999998,39,0.16
OFF-ST-10000604,Home/Office Personal File Carts,981.0,198.132,30,0.028571428571428574
TEC-AC-10003335,"SanDisk Memory Card, Erganomic",1101.0,198.3,10,0.0
OFF-EN-10002410,"GlobeWeis Manila Envelope, Recycled",448.0,198.75900000000001,19,0.12
TEC-AC-10000254,"Enermax Flash Drive, Bluetooth",623.0,198.89999999999998,15,0.0
OFF-EN-10004518,"GlobeWeis Mailers, Recycled",623.0,199.0,25,0.0
TEC-AC-10004249,"Logitech Flash Drive, USB",680.0,199.0008,27,0.16749999999999998
TEC-MA-10004997,"Konica Receipt Printer, Red",2174.0,199.17,19,0.025
TEC-CO-10002493,"Hewlett Personal Copier, Color",1843.0,199.22868,19,0.002
FUR-FU-10003605,"Eldon Light Bulb, Durable",517.0,199.27439999999999,26,0.07125000000000001
TEC-CO-10001037,"Hewlett Personal Copier, High-Speed",2559.0,199.53108,27,0.002
OFF-AP-10000576,"Belkin 325VA UPS Surge Protector, 6'",1379.0,199.617,13,0.1
OFF-EN-10001375,"GlobeWeis Mailers, with clear poly window",616.0,199.72,24,0.1
FUR-BO-10003549,"Sauder Floating Shelf Set, Metal",1849.0,199.8012,10,0.05666666666666667
OFF-PA-10003134,Xerox 1937,500.0,199.84640000000002,12,0.15000000000000002
TEC-AC-10004704,"SanDisk Numeric Keypad, USB",1597.0,199.96800000000002,37,0.185
OFF-FEL-10002897,"Fellowes Shelving, Single Width",886.0,199.971,16,0.07777777777777778
FUR-ADV-10002601,"Advantus Photo Frame, Erganomic",497.0,200.01,11,0.13999999999999999
OFF-KIT-10000717,"KitchenAid Toaster, White",500.0,200.16,6,0.0
OFF-PA-10004243,Xerox 1939,418.0,200.32319999999999,22,0.0
OFF-HOO-10003820,"Hoover Toaster, White",680.0,200.334,9,0.13999999999999999
TEC-AC-10001295,"Memorex Memory Card, Bluetooth",532.0,200.424,6,0.2
TEC-MA-10000559,"Epson Card Printer, Red",568.0,200.46,4,0.15
FUR-CH-10003706,"Harbour Creations Chairmat, Black",2857.0,200.508,69,0.14545454545454548
FUR-FU-10001351,"Rubbermaid Photo Frame, Black",1418.0,200.79,28,0.05000000000000001
OFF-FEL-10001796,"Fellowes Trays, Single Width",401.0,200.97,7,0.0
OFF-ST-10003123,Fellowes Bases and Tops For Staxonsteel/High-Stak Systems,859.0,201.07160000000002,26,0.02
FUR-CH-10004580,"Office Star Bag Chairs, Adjustable",1282.0,201.1023,27,0.17750000000000002
OFF-PA-10001445,"Eaton Cards & Envelopes, Multicolor",419.0,201.15,9,0.0
OFF-AP-10001154,Bionaire Personal Warm Mist Humidifier/Vaporizer,516.0,201.1581,11,0.0
OFF-ST-10004464,"Eldon Trays, Blue",470.0,201.306,10,0.025
OFF-SU-10004077,"Acme Letter Opener, Easy Grip",614.0,201.4773,22,0.22
TEC-PH-10001425,Mophie Juice Pack Helium for iPhone,1584.0,201.57479999999998,24,0.16666666666666666
TEC-MA-10004168,"Panasonic Card Printer, Wireless",695.0,201.6,4,0.0
TEC-AC-10003403,"Enermax Router, USB",1474.0,201.618,6,0.05
OFF-ST-10001357,"Eldon Lockers, Single Width",2475.0,201.63,14,0.15
TEC-PH-10001824,"Samsung Speaker Phone, Cordless",504.0,201.72,4,0.0
FUR-FU-10004848,"Howard Miller 13-3/4"" Diameter Brushed Chrome Round Wall Clock",1326.0,201.82500000000002,31,0.13333333333333333
OFF-PA-10003731,"Enermax Note Cards, Premium",688.0,201.8427,27,0.26499999999999996
FUR-TA-10000245,"Chromcraft Computer Table, Adjustable Height",1366.0,201.90800000000002,7,0.3666666666666667
OFF-ST-10001941,"Rogers Lockers, Wire Frame",2275.0,202.212,18,0.10000000000000002
OFF-AP-10000825,"KitchenAid Coffee Grinder, White",693.0,202.251,11,0.05
OFF-BRE-10000157,"Breville Toaster, Red",613.0,202.32,8,0.0
OFF-ST-10002066,"Smead File Cart, Blue",1469.0,202.58910000000003,14,0.16333333333333333
FUR-BO-10001835,"Safco Library with Doors, Traditional",780.0,202.68,2,0.0
OFF-AR-10002115,"Boston Canvas, Fluorescent",608.0,202.96,17,0.03333333333333333
TEC-PH-10004655,"Apple Speaker Phone, Cordless",1338.0,203.0115,12,0.11000000000000001
TEC-MA-10004198,"Panasonic Card Printer, White",1378.0,203.04,11,0.3333333333333333
TEC-CO-10004690,"HP Wireless Fax, Digital",1053.0,203.3212,6,0.26866666666666666
TEC-NOK-10004339,"Nokia Smart Phone, Cordless",636.0,203.55,1,0.0
OFF-AP-10002104,"Hoover Microwave, Red",1852.0,203.58,6,0.0
TEC-PH-10000303,"Samsung Smart Phone, VoIP",573.0,203.586,1,0.1
FUR-BO-10001324,"Sauder Floating Shelf Set, Pine",1410.0,203.736,8,0.1
OFF-AME-10000851,"Ames Mailers, with clear poly window",444.0,203.90699999999998,12,0.11666666666666665
FUR-FU-10002387,"Rubbermaid Photo Frame, Durable",790.0,203.944,32,0.2625
OFF-SU-10003343,"Kleencut Shears, Steel",785.0,204.0,17,0.0
FUR-CH-10003761,Global Italian Leather Office Chair,969.0,204.3288,8,0.15
OFF-BI-10003114,"Ibico Hole Reinforcements, Economy",458.0,204.375,71,0.041176470588235294
TEC-MA-10001015,"StarTech Card Printer, Durable",1186.0,204.405,8,0.08333333333333333
TEC-AC-10004975,"SanDisk Numeric Keypad, Erganomic",1365.0,204.48,36,0.0
OFF-PA-10004034,"Green Bar Parchment Paper, 8.5 x 11",499.0,204.48000000000002,24,0.0
OFF-PA-10001019,Xerox 1884,544.0,204.5952,32,0.1
FUR-BO-10001888,"Dania Floating Shelf Set, Pine",768.0,204.75,5,0.10000000000000002
TEC-MA-10003461,"Epson Calculator, Red",651.0,204.822,16,0.09
FUR-TA-10004406,"Bevis Computer Table, Fully Assembled",661.0,205.0,2,0.0
FUR-SAF-10001428,"Safco Corner Shelving, Pine",603.0,205.08,4,0.0
OFF-ST-10004060,"Fellowes Lockers, Blue",1150.0,205.0815,8,0.3625
OFF-BOS-10001348,"Boston Pencil Sharpener, Water Color",769.0,205.107,35,0.16666666666666666
TEC-CO-10001596,"Brother Wireless Fax, Color",1407.0,205.245,4,0.075
OFF-AP-10002552,"Hamilton Beach Stove, White",973.0,205.344,2,0.1
TEC-AC-10004709,"Logitech Flash Drive, USB",829.0,205.65,29,0.07142857142857142
OFF-ST-10003058,Eldon Mobile Mega Data Cart  Mega Stackable  Add-On Trays,710.0,205.755,30,0.0
TEC-CO-10001177,"HP Fax and Copier, Color",1994.0,205.90764000000001,19,0.102
FUR-BUS-10003055,"Bush Stackable Bookrack, Pine",1349.0,205.938,15,0.13999999999999999
FUR-CH-10000994,"Harbour Creations Rocking Chair, Black",4289.0,206.10899999999998,34,0.09666666666666668
TEC-MA-10001358,"StarTech Phone, Wireless",582.0,206.1612,9,0.085
OFF-AR-10001953,Boston 1645 Deluxe Heavier-Duty Electric Pencil Sharpener,1073.0,206.2662,27,0.1142857142857143
OFF-SU-10003473,"Elite Trimmer, Steel",748.0,206.5968,22,0.15666666666666665
OFF-SU-10003892,"Acme Box Cutter, High Speed",482.0,206.64,22,0.13333333333333333
OFF-ST-10002423,"Smead Shelving, Single Width",1018.0,206.928,36,0.06666666666666668
OFF-AP-10001205,Belkin 5 Outlet SurgeMaster Power Centers,1774.0,207.02400000000003,40,0.14
OFF-PA-10001970,Xerox 1881,455.0,207.04080000000002,38,0.03333333333333333
FUR-TA-10004619,Hon Non-Folding Utility Tables,2661.0,207.103,22,0.25
FUR-FU-10004182,"Eldon Stacking Tray, Black",621.0,207.24,23,0.13
OFF-SU-10001382,"Elite Trimmer, Steel",752.0,207.692,33,0.17142857142857146
OFF-PA-10003938,"Eaton Cards & Envelopes, Premium",1758.0,207.85739999999998,44,0.19
TEC-PH-10003885,Cisco SPA508G,911.0,207.86849999999998,15,0.12000000000000002
FUR-SAF-10000949,"Safco Floating Shelf Set, Pine",1386.0,207.9,7,0.0
FUR-CH-10003973,GuestStacker Chair with Chrome Finish Legs,3419.0,208.1856,12,0.24
OFF-BI-10000517,"Acco Binder, Durable",476.0,208.20000000000002,48,0.10909090909090911
TEC-CO-10002586,"Brother Ink, Color",2097.0,208.31904,28,0.23533333333333337
OFF-SME-10000520,"Smead Shelving, Wire Frame",571.0,208.32,14,0.12727272727272726
FUR-FU-10003804,"Rubbermaid Frame, Durable",931.0,208.494,9,0.03333333333333333
OFF-EN-10004793,"Ames Interoffice Envelope, Security-Tint",602.0,208.72,20,0.05
FUR-FU-10000641,"Deflect-O Door Stop, Durable",465.0,208.76,17,0.0
TEC-CO-10004377,"Brother Fax Machine, High-Speed",950.0,208.98,3,0.0
FUR-BO-10001471,"Sauder Classic Bookcase, Metal",435.0,209.01,1,0.0
FUR-DEF-10002865,"Deflect-O Light Bulb, Erganomic",466.0,209.124,29,0.14444444444444443
OFF-EN-10001852,"Cameo Manila Envelope, with clear poly window",428.0,209.16,14,0.0
TEC-PH-10000412,"Cisco Office Telephone, Full Size",655.0,209.28,8,0.0
TEC-PH-10000490,"Motorola Audio Dock, Full Size",821.0,209.50199999999998,5,0.075
OFF-ST-10002386,"Fellowes Shelving, Industrial",466.0,209.76,12,0.0
TEC-CO-10002466,"Brother Personal Copier, High-Speed",2081.0,209.8875,17,0.13333333333333333
TEC-PH-10000822,"Apple Speaker Phone, Full Size",1251.0,210.3195,11,0.06999999999999999
OFF-BI-10001253,"Acco Binder Covers, Recycled",785.0,210.6,60,0.038461538461538464
OFF-BI-10000666,Surelock Post Binders,655.0,210.864,29,0.2625
OFF-FIS-10004915,"Fiskars Trimmer, Easy Grip",572.0,210.99,13,0.0
TEC-PH-10002275,Mitel 5320 IP Phone VoIP phone,2116.0,211.66879999999998,14,0.2
TEC-AC-10004586,"Belkin Flash Drive, Bluetooth",609.0,211.67999999999998,15,0.16666666666666666
OFF-AR-10001061,"Stanley Sketch Pad, Water Color",475.0,211.78,16,0.04
TEC-AC-10001714,Logitech MX Performance Wireless Mouse,791.0,211.8159,23,0.1142857142857143
TEC-MA-10004929,"Panasonic Printer, White",1245.0,211.82999999999998,5,0.075
OFF-AR-10000833,"Binney & Smith Pencil Sharpener, Water Color",928.0,212.04,31,0.0
TEC-AC-10003750,"Memorex Memory Card, Erganomic",2588.0,212.0904,33,0.20875
OFF-AR-10002939,"Stanley Highlighters, Water Color",626.0,212.1,35,0.0
TEC-AC-10002357,"SanDisk Numeric Keypad, USB",914.0,212.112,33,0.12
TEC-AC-10003590,"TRENDnet 56K USB 2.0 Phone, Internet and Fax Modem",625.0,212.298,25,0.08
FUR-TA-10004826,"Bevis Training Table, Rectangular",665.0,212.82,2,0.0
FUR-FU-10003855,"Rubbermaid Clock, Erganomic",732.0,212.9178,19,0.20666666666666667
FUR-LES-10002852,"Lesro Computer Table, Adjustable Height",852.0,212.94,2,0.0
TEC-ENE-10004509,"Enermax Router, Programmable",520.0,213.06,2,0.0
TEC-AC-10000712,"Enermax Router, Programmable",520.0,213.06,2,0.0
FUR-TA-10004336,"Hon Wood Table, Fully Assembled",852.0,213.12,3,0.2
OFF-BI-10001312,"Cardinal 3-Hole Punch, Clear",510.0,213.3,18,0.0
OFF-PA-10000032,"SanDisk Note Cards, Premium",721.0,213.452,38,0.1111111111111111
OFF-AR-10003113,"Binney & Smith Pens, Blue",673.0,213.648,66,0.12000000000000001
TEC-AC-10000317,"Logitech Memory Card, Programmable",944.0,213.84,12,0.20000000000000004
FUR-FU-10004474,"Rubbermaid Door Stop, Duo Pack",509.0,214.276,19,0.13333333333333333
FUR-TA-10002351,"Hon Training Table, Adjustable Height",670.0,214.32,2,0.0
OFF-AR-10003914,"Stanley Canvas, Easy-Erase",796.0,214.56,24,0.0
OFF-ST-10003459,"Eldon File Cart, Single Width",1194.0,214.76000000000002,14,0.0
FUR-CH-10004572,"Harbour Creations Bag Chairs, Red",788.0,214.8198,15,0.134
TEC-AC-10003738,"Enermax Mouse, Erganomic",529.0,215.04,22,0.04
OFF-BI-10001504,"Avery Binding Machine, Durable",1546.0,215.27999999999997,46,0.0
OFF-BI-10001597,"Wilson Jones Ledger-Size, Piano-Hinge Binder, 2"", Blue",1218.0,215.5548,47,0.3666666666666667
OFF-AP-10000486,"Cuisinart Stove, Silver",970.0,215.592,2,0.1
OFF-PA-10003303,"Xerox Computer Printout Paper, Multicolor",487.0,215.625,18,0.025
OFF-AR-10000179,"Binney & Smith Canvas, Easy-Erase",697.0,215.8887,15,0.0925
TEC-PH-10002834,Google Nexus 5,1836.0,215.988,12,0.15000000000000002
OFF-AR-10000176,"Sanford Highlighters, Water Color",605.0,216.027,32,0.011111111111111112
TEC-AC-10003343,"Logitech Flash Drive, Erganomic",482.0,216.24,17,0.0
OFF-PA-10000176,Xerox 1887,513.0,216.25799999999998,30,0.1
OFF-AR-10001812,"Binney & Smith Markers, Easy-Erase",487.0,216.48,32,0.08888888888888889
OFF-PA-10004600,"Xerox Cards & Envelopes, Premium",732.0,216.712,26,0.07500000000000001
OFF-AP-10003945,"Hamilton Beach Stove, Red",922.0,216.918,2,0.15
TEC-AC-10001705,"Logitech Keyboard, Bluetooth",1159.0,216.95999999999998,26,0.2
OFF-SU-10000707,"Stiletto Shears, Serrated",703.0,217.11509999999998,19,0.18142857142857144
FUR-BO-10001876,"Safco Corner Shelving, Pine",814.0,217.134,6,0.1
OFF-AP-10001018,"Cuisinart Refrigerator, White",494.0,217.44,1,0.0
OFF-STA-10001791,"Stanley Highlighters, Water Color",787.0,217.57199999999997,48,0.12272727272727271
OFF-EN-10002258,"Jiffy Mailers, with clear poly window",863.0,217.6191,26,0.245
OFF-AP-10001103,"Breville Microwave, Silver",605.0,217.74,2,0.0
TEC-PH-10000014,"Motorola Headset, VoIP",511.0,218.09199999999998,11,0.06666666666666667
TEC-MA-10000753,"Epson Printer, Red",2066.0,218.1015,9,0.125
TEC-CO-10002434,"Canon Fax and Copier, Laser",1630.0,218.27632,14,0.10200000000000001
TEC-PH-10000011,PureGear Roll-On Screen Protector,572.0,218.2908,34,0.16
FUR-CHR-10002686,"Chromcraft Computer Table, Adjustable Height",446.0,218.34,1,0.0
TEC-MA-10004626,Lexmark 20R1285 X6650 Wireless All-in-One Printer,600.0,218.4,6,0.25
FUR-BO-10001585,"Sauder Floating Shelf Set, Mobile",591.0,218.7,3,0.0
TEC-PH-10004618,"Motorola Signal Booster, Cordless",1506.0,218.79360000000003,14,0.21000000000000002
OFF-SU-10000164,"Kleencut Box Cutter, High Speed",697.0,218.84,37,0.17777777777777778
TEC-CO-10000778,"Sharp Fax and Copier, Color",3126.0,218.8956,19,0.030000000000000002
FUR-CH-10002727,"SAFCO Bag Chairs, Set of Two",641.0,219.036,24,0.2285714285714286
TEC-CO-10004701,"Sharp Copy Machine, High-Speed",1561.0,219.6096,12,0.20200000000000004
TEC-CO-10000129,"Brother Fax and Copier, Color",1574.0,219.71880000000002,9,0.154
OFF-FEL-10004224,"Fellowes Trays, Wire Frame",1234.0,219.834,24,0.09999999999999999
TEC-PH-10000215,Plantronics Cordless Phone Headset with In-line Volume - M214C,909.0,219.83550000000002,27,0.03333333333333333
FUR-CH-10004163,"Novimex Steel Folding Chair, Adjustable",1168.0,219.936,14,0.02
TEC-CO-10004756,"Sharp Wireless Fax, Digital",1564.0,220.40400000000002,6,0.2
OFF-AR-10003245,"Binney & Smith Canvas, Blue",965.0,220.848,29,0.08
TEC-PH-10002624,Samsung Galaxy S4 Mini,1222.0,220.89530000000002,3,0.1
FUR-CH-10003077,"SAFCO Bag Chairs, Adjustable",948.0,221.288,35,0.2
OFF-SU-10003632,"Acme Letter Opener, Easy Grip",841.0,221.47199999999998,27,0.02
TEC-AC-10003970,"SanDisk Numeric Keypad, Bluetooth",672.0,221.76000000000002,21,0.11666666666666665
OFF-BI-10000561,"Acco Binding Machine, Durable",557.0,221.844,11,0.05
TEC-AC-10004434,"Memorex Flash Drive, USB",454.0,222.18,23,0.0
FUR-CH-10004049,"SAFCO Bag Chairs, Set of Two",758.0,222.2892,17,0.10333333333333333
FUR-FU-10001246,"Advantus Frame, Durable",2016.0,222.7575,21,0.06999999999999999
TEC-PH-10004182,"Motorola Smart Phone, Full Size",857.0,222.76,2,0.0
OFF-PA-10000908,"Xerox Note Cards, Premium",1172.0,223.065,45,0.05555555555555555
OFF-EN-10004483,"#10 White Business Envelopes,4 1/8 x 9 1/2",489.0,223.14079999999998,32,0.05714285714285715
OFF-ACC-10002680,"Acco Binding Machine, Recycled",1266.0,223.20000000000002,27,0.06666666666666667
FUR-CH-10003365,"Office Star Executive Leather Armchair, Adjustable",2418.0,223.20000000000005,8,0.26666666666666666
OFF-ST-10003455,"Fellowes Lockers, Blue",2986.0,223.45200000000003,18,0.20000000000000004
TEC-AC-10002348,"Enermax Memory Card, USB",1490.0,223.47,13,0.0
TEC-SAM-10001013,"Samsung Audio Dock, Cordless",2174.0,223.944,14,0.06666666666666667
OFF-SU-10002816,"Kleencut Shears, Serrated",702.0,223.956,27,0.06666666666666667
OFF-GRE-10001059,"Green Bar Note Cards, 8.5 x 11",534.0,224.1,18,0.0
TEC-AC-10004975,Plantronics Audio 995 Wireless Stereo Headset,814.0,224.29799999999997,8,0.06666666666666667
TEC-PH-10001433,"Motorola Headset, Full Size",607.0,224.35469999999998,8,0.05666666666666667
FUR-CH-10004086,Hon 4070 Series Pagoda Armless Upholstered Stacking Chairs,2917.0,224.6321,13,0.24
OFF-AP-10004921,"Breville Toaster, Red",746.0,224.744,17,0.20000000000000004
OFF-ST-10004802,"Rogers File Cart, Industrial",1516.0,224.856,12,0.11000000000000001
OFF-EN-10002504,"Tyvek  Top-Opening Peel & Seel Envelopes, Plain White",571.0,225.0504,24,0.1142857142857143
OFF-BI-10004177,"Wilson Jones 3-Hole Punch, Durable",549.0,225.1,29,0.04
TEC-AC-10001756,"Memorex Numeric Keypad, USB",585.0,225.15200000000002,22,0.06666666666666667
OFF-SU-10001021,"Fiskars Box Cutter, Serrated",1015.0,225.45000000000002,36,0.07142857142857142
TEC-PH-10004553,"Cisco Audio Dock, VoIP",729.0,225.84,4,0.0
OFF-BI-10004553,"Cardinal Binder, Clear",485.0,226.1424,39,0.07625000000000001
FUR-HAR-10002632,"Harbour Creations Chairmat, Adjustable",594.0,226.32,8,0.0
OFF-ST-10002011,Smead Adjustable Mobile File Trolley with Lockable Top,838.0,226.3626,2,0.0
FUR-DAN-10004745,"Dania Corner Shelving, Traditional",952.0,226.92600000000002,9,0.12
OFF-SAN-10001546,"SanDisk Computer Printout Paper, Recycled",506.0,226.95,17,0.0
OFF-FA-10002066,"OIC Clamps, Bulk Pack",455.0,227.01,23,0.0
OFF-CUI-10001990,"Cuisinart Refrigerator, White",988.0,227.34,2,0.0
TEC-AC-10003180,"Belkin Router, USB",518.0,227.88,2,0.0
TEC-AC-10003399,Memorex Mini Travel Drive 64 GB USB 2.0 Flash Drive,542.0,228.312,15,0.0
TEC-PH-10004434,Cisco IP Phone 7961G VoIP phone - Dark gray,1387.0,228.39600000000002,12,0.06666666666666667
TEC-CO-10003678,"HP Personal Copier, Color",2693.0,228.4366,35,0.1131111111111111
OFF-AR-10000703,"BIC Pens, Water Color",557.0,228.48,32,0.0
TEC-CO-10004570,"Sharp Personal Copier, Digital",1018.0,228.6352,15,0.20199999999999999
OFF-AP-10001058,"Cuisinart Microwave, White",738.0,228.64,4,0.0
FUR-FU-10003384,"Advantus Photo Frame, Duo Pack",614.0,228.864,21,0.13333333333333333
TEC-MOT-10001178,"Motorola Signal Booster, with Caller ID",572.0,228.96,4,0.0
TEC-CO-10000660,"Brother Fax and Copier, Laser",3176.0,229.3491,19,0.1375
FUR-CH-10001891,Global Deluxe Office Fabric Chairs,1420.0,229.3922,17,0.11666666666666668
TEC-SAM-10004940,"Samsung Smart Phone, Full Size",574.0,229.476,1,0.1
TEC-PH-10001750,Samsung Rugby III,1385.0,229.6452,24,0.125
FUR-BO-10001039,"Dania Classic Bookcase, Traditional",3041.0,229.824,12,0.275
OFF-ST-10000875,"Smead Shelving, Single Width",715.0,229.896,18,0.2333333333333333
FUR-BO-10000711,"Hon Metal Bookcases, Gray",852.0,229.9752,12,0.0
TEC-PH-10001061,Apple iPhone 5C,1340.0,229.977,15,0.15000000000000002
FUR-NOV-10001972,"Novimex Swivel Stool, Red",822.0,230.10000000000002,5,0.0
OFF-BI-10000323,"Wilson Jones 3-Hole Punch, Clear",822.0,230.39999999999998,30,0.0
FUR-BO-10004254,"Ikea Classic Bookcase, Traditional",742.0,230.55,2,0.1
TEC-PH-10001187,"Cisco Signal Booster, with Caller ID",1214.0,230.64,8,0.0
OFF-FEL-10003785,"Fellowes Shelving, Industrial",524.0,230.85,9,0.0
FUR-CH-10002647,"Novimex Rocking Chair, Red",2063.0,231.02100000000002,17,0.08
OFF-ST-10001051,"Eldon Shelving, Industrial",1160.0,231.08,38,0.1
OFF-SU-10002649,"Elite Shears, Serrated",698.0,231.18,17,0.1
TEC-AC-10004679,"Enermax Flash Drive, Programmable",865.0,231.282,23,0.09999999999999999
TEC-MA-10002931,"Okidata Calculator, Durable",901.0,231.312,18,0.03333333333333333
FUR-CH-10004063,Global Deluxe High-Back Manager's Chair,4091.0,231.6438,19,0.25
FUR-FU-10002292,"Deflect-O Door Stop, Duo Pack",751.0,231.6507,20,0.128
OFF-ST-10002240,"Fellowes Shelving, Blue",1273.0,231.88680000000002,25,0.12428571428571429
TEC-PH-10004509,"Nokia Audio Dock, Cordless",1616.0,231.9927,12,0.154
OFF-EN-10003177,"Kraft Interoffice Envelope, Recycled",937.0,232.07999999999998,23,0.125
OFF-ST-10004646,"Fellowes Lockers, Blue",664.0,232.17600000000002,6,0.2
FUR-CH-10003559,"Office Star Chairmat, Black",550.0,232.28,15,0.16666666666666666
OFF-SU-10002445,"Fiskars Trimmer, High Speed",804.0,232.56,19,0.0
OFF-EN-10000857,"Ames Mailers, Security-Tint",757.0,232.56,32,0.08571428571428573
TEC-ENE-10002254,"Enermax Keyboard, Programmable",620.0,232.608,8,0.11666666666666665
TEC-CO-10003007,"Hewlett Fax and Copier, Color",750.0,232.63844,7,0.15200000000000002
TEC-PH-10004707,"Samsung Signal Booster, Cordless",809.0,232.72199999999998,7,0.13333333333333333
OFF-SAN-10001542,"SanDisk Note Cards, Multicolor",588.0,232.728,18,0.13999999999999999
OFF-AME-10000244,"Ames Manila Envelope, Security-Tint",606.0,232.836,23,0.06666666666666667
TEC-AC-10002688,"Memorex Memory Card, Bluetooth",1007.0,233.1168,14,0.26
TEC-AC-10004813,"SanDisk Keyboard, Bluetooth",2030.0,233.1168,29,0.11166666666666665
FUR-CH-10002209,"Novimex Chairmat, Red",1247.0,233.18099999999998,25,0.1142857142857143
OFF-ST-10000532,Advantus Rolling Drawer Organizers,1116.0,233.18880000000001,31,0.10000000000000002
TEC-AC-10000422,"Belkin Numeric Keypad, Bluetooth",754.0,233.22,13,0.0
TEC-CO-10001204,"Sharp Copy Machine, Color",2863.0,233.42760000000004,13,0.0925
FUR-CH-10000608,"Office Star Chairmat, Set of Two",1306.0,233.76330000000002,25,0.21833333333333335
TEC-CO-10002313,Canon PC1080F Personal Copier,600.0,233.9961,1,0.0
FUR-CH-10002647,"Situations Contoured Folding Chairs, 4/Set",3641.0,234.23399999999998,64,0.18000000000000002
OFF-BI-10004492,Tuf-Vin Binders,670.0,234.3236,26,0.2714285714285714
FUR-BO-10003301,"Dania Floating Shelf Set, Metal",2126.0,234.4779,14,0.0925
TEC-PH-10001580,"Apple Office Telephone, VoIP",654.0,235.2,15,0.0
OFF-AR-10001462,"Stanley Highlighters, Fluorescent",640.0,235.2,40,0.0
FUR-BO-10000112,"Dania Corner Shelving, Pine",1569.0,235.3182,15,0.184
TEC-PH-10002799,"Apple Audio Dock, Full Size",673.0,235.44,4,0.0
OFF-AP-10001391,Kensington 6 Outlet MasterPiece HOMEOFFICE Power Control Center,812.0,235.52639999999997,9,0.0
OFF-AR-10000091,"BIC Highlighters, Water Color",1392.0,235.752,64,0.005
OFF-PA-10002520,"Green Bar Cards & Envelopes, Recycled",507.0,235.89,11,0.05
OFF-PA-10002120,Xerox 1889,517.0,236.32799999999997,10,0.06666666666666667
OFF-PA-10001790,Xerox 1910,585.0,236.3568,14,0.12000000000000002
TEC-PH-10002647,"Nokia Headset, VoIP",1552.0,236.54,35,0.08571428571428573
OFF-PA-10004353,Southworth 25% Cotton Premium Laser Paper and Envelopes,528.0,236.5632,28,0.08
OFF-ST-10000689,"Fellowes Strictly Business Drawer File, Letter/Legal Size",3210.0,236.62800000000001,24,0.06666666666666667
OFF-IBI-10002637,"Ibico Binding Machine, Durable",752.0,236.84399999999997,18,0.17857142857142858
OFF-BI-10004105,"Acco 3-Hole Punch, Recycled",983.0,236.9496,34,0.060000000000000005
TEC-CO-10004981,"Sharp Personal Copier, Laser",912.0,237.6,15,0.20200000000000004
FUR-FU-10004015,"Tenex Clock, Durable",864.0,238.068,31,0.17777777777777778
OFF-SU-10001731,"Acme Letter Opener, Serrated",741.0,238.4559,30,0.11888888888888888
OFF-ST-10000078,Tennsco 6- and 18-Compartment Lockers,3500.0,238.65300000000002,15,0.10000000000000002
TEC-MA-10002780,"Okidata Inkjet, Wireless",942.0,238.74,4,0.25
OFF-AR-10001278,"Binney & Smith Pens, Water Color",666.0,238.9572,47,0.09500000000000001
OFF-EN-10003737,"Cameo Interoffice Envelope, Set of 50",664.0,238.98,14,0.0
OFF-PA-10003656,Xerox 1935,539.0,239.0028,21,0.05
OFF-PA-10001662,"Green Bar Note Cards, Premium",697.0,239.166,24,0.09999999999999999
FUR-OFF-10003703,"Office Star Chairmat, Set of Two",544.0,239.51999999999998,8,0.0
TEC-MA-10004535,"Konica Printer, White",799.0,239.58,3,0.0
FUR-FU-10003664,"Electrix Architect's Clamp-On Swing Arm Lamp, Black",1527.0,239.6046,19,0.15
FUR-OFF-10003713,"Office Star Chairmat, Adjustable",614.0,239.76,9,0.0
FUR-CH-10002589,"SAFCO Steel Folding Chair, Red",1199.0,239.82,14,0.0
OFF-ST-10003089,"Tenex Lockers, Industrial",1173.0,240.09199999999998,12,0.25
TEC-PH-10004933,"Samsung Headset, VoIP",623.0,240.375,9,0.06666666666666667
TEC-AC-10004117,"Logitech Flash Drive, Programmable",512.0,240.48000000000002,16,0.0
OFF-PA-10000127,"SanDisk Parchment Paper, Multicolor",766.0,240.5148,46,0.08818181818181818
TEC-PH-10001557,"Apple Speaker Phone, VoIP",1129.0,240.5385,12,0.2
OFF-EN-10003550,"Ames Mailers, Set of 50",503.0,240.66000000000003,14,0.0
OFF-AR-10000316,"Stanley Pens, Blue",505.0,240.765,52,0.07142857142857142
OFF-TEN-10000360,"Tenex Folders, Wire Frame",564.0,241.086,28,0.05833333333333333
OFF-AP-10001271,Eureka The Boss Cordless Rechargeable Stick Vac,949.0,241.1354,19,0.03333333333333333
FUR-CH-10004089,"Harbour Creations Bag Chairs, Set of Two",1058.0,241.2072,18,0.06166666666666667
TEC-PH-10000100,"Motorola Office Telephone, Full Size",780.0,241.28,16,0.0
FUR-FU-10004608,"Advantus Door Stop, Erganomic",1236.0,241.335,33,0.1
OFF-SU-10003789,"Fiskars Box Cutter, Steel",892.0,241.4376,31,0.18583333333333332
TEC-PH-10001580,Logitech Mobile Speakerphone P710e - speaker phone,1917.0,241.6142,17,0.16
TEC-PH-10002152,"Apple Headset, Cordless",1449.0,241.70549999999997,23,0.13999999999999999
OFF-BIN-10000308,"Binney & Smith Canvas, Water Color",753.0,241.812,18,0.34285714285714286
TEC-AC-10004556,"Enermax Memory Card, Programmable",1275.0,241.89000000000001,11,0.0
OFF-PA-10003332,"Xerox Cards & Envelopes, Recycled",1217.0,242.0568,31,0.17
TEC-CO-10002817,"Sharp Fax and Copier, Digital",908.0,242.136,6,0.09999999999999999
OFF-AR-10004492,"BIC Canvas, Blue",3652.0,242.31,69,0.011764705882352941
OFF-PA-10002338,"Green Bar Parchment Paper, Recycled",683.0,242.31900000000002,49,0.1375
OFF-BI-10002570,"Acco Binder Covers, Clear",608.0,242.54999999999998,50,0.038461538461538464
TEC-AC-10000335,"Belkin Router, Programmable",2049.0,242.89999999999998,13,0.12
FUR-BO-10000728,"Ikea Classic Bookcase, Mobile",1104.0,242.96,4,0.0
FUR-FU-10003414,"Tenex Clock, Duo Pack",1134.0,242.9712,29,0.225
OFF-ST-10001326,"Tenex Shelving, Single Width",998.0,243.004,28,0.03333333333333333
OFF-ST-10002343,"Smead Trays, Blue",932.0,243.01599999999996,38,0.2
FUR-FU-10001366,"Advantus Photo Frame, Duo Pack",901.0,243.48,20,0.15714285714285717
FUR-BO-10004082,"Sauder Classic Bookcase, Metal",929.0,243.84,4,0.2
OFF-AP-10004972,"Breville Coffee Grinder, Red",877.0,243.969,15,0.034
OFF-LA-10003923,Alphabetical Labels for Top Tab Filing,520.0,244.2,37,0.06666666666666668
TEC-BEL-10003875,"Belkin Memory Card, Programmable",1140.0,244.21800000000002,11,0.15
OFF-LA-10001474,Avery 477,575.0,244.24,20,0.05
FUR-FU-10000277,Deflect-o DuraMat Antistatic Studded Beveled Mat for Medium Pile Carpeting,1686.0,244.3888,18,0.15999999999999998
OFF-PA-10002581,Xerox 1951,755.0,244.74200000000002,30,0.16666666666666666
TEC-CO-10001046,Canon Imageclass D680 Copier / Fax,1400.0,244.9965,3,0.30000000000000004
TEC-CO-10004143,"HP Personal Copier, Color",869.0,245.0343,8,0.14666666666666667
OFF-SU-10003357,"Fiskars Shears, Steel",846.0,245.16,18,0.0
OFF-ST-10003907,"Rogers Shelving, Wire Frame",1332.0,245.574,25,0.10200000000000001
TEC-AC-10003327,"Logitech Keyboard, Erganomic",2740.0,245.7,39,0.0
TEC-NOK-10003560,"Nokia Headset, VoIP",584.0,245.76,8,0.0
FUR-CH-10003817,"Global Value Steno Chair, Gray",2205.0,245.99699999999999,43,0.16
FUR-BO-10001326,"Bush 3-Shelf Cabinet, Pine",1447.0,246.0,10,0.0
OFF-AR-10000980,"Sanford Pencil Sharpener, Water Color",1288.0,246.06,54,0.1
OFF-EN-10002008,"Cameo Mailers, Recycled",1073.0,246.21,29,0.0
TEC-PH-10004028,"Apple Headset, Full Size",2288.0,246.315,33,0.1
OFF-SU-10001722,"Stiletto Box Cutter, Easy Grip",570.0,246.408,24,0.06666666666666668
OFF-HOO-10001783,"Hoover Microwave, Red",1235.0,246.84,4,0.0
FUR-CH-10000685,"Hon Executive Leather Armchair, Black",823.0,246.852,2,0.1
OFF-SU-10004401,"Acme Shears, High Speed",895.0,246.86399999999998,20,0.1375
OFF-AP-10000195,"Cuisinart Stove, Black",968.0,247.296,2,0.1
FUR-FU-10003553,"Howard Miller 13-1/2"" Diameter Rosebrook Wall Clock",950.0,247.57199999999997,17,0.2
OFF-PA-10002477,"Enermax Message Books, Multicolor",529.0,247.581,23,0.05000000000000001
OFF-EN-10003936,"Cameo Peel and Seal, with clear poly window",565.0,247.71,23,0.0
OFF-AP-10001233,"Hamilton Beach Toaster, Red",675.0,247.7472,13,0.10666666666666667
OFF-PA-10001006,"Eaton Message Books, Recycled",699.0,247.7682,38,0.09625
TEC-PH-10000297,"Apple Office Telephone, with Caller ID",806.0,247.7952,14,0.11285714285714286
FUR-CH-10002203,"SAFCO Executive Leather Armchair, Black",734.0,247.86,2,0.2
TEC-CO-10003448,"Canon Personal Copier, Laser",1198.0,248.346,9,0.07500000000000001
TEC-HP -10002603,"HP Copy Machine, High-Speed",1462.0,248.4,6,0.0
OFF-EN-10002679,"Kraft Mailers, with clear poly window",634.0,248.76600000000002,18,0.128
OFF-ST-10004191,"Tenex Lockers, Blue",5082.0,248.77500000000003,32,0.19999999999999998
FUR-CH-10003514,"Harbour Creations Rocking Chair, Set of Two",2965.0,248.788,35,0.2
OFF-ST-10003718,"Fellowes Shelving, Single Width",694.0,248.82,21,0.13333333333333336
TEC-HEW-10004937,"Hewlett Fax Machine, Digital",768.0,249.174,3,0.19999999999999998
FUR-BEV-10001048,"Bevis Conference Table, with Bottom Storage",924.0,249.39,1,0.0
OFF-SU-10003126,"Acme Shears, Serrated",738.0,249.704,25,0.03333333333333333
TEC-SHA-10004151,"Sharp Fax and Copier, Color",510.0,249.93,3,0.0
OFF-PA-10002033,"Green Bar Cards & Envelopes, 8.5 x 11",819.0,249.968,25,0.10000000000000002
FUR-BO-10003563,"Bush 3-Shelf Cabinet, Mobile",1984.0,250.504,22,0.1142857142857143
OFF-ST-10002233,"Smead Trays, Single Width",1231.0,250.68,48,0.17333333333333334
TEC-PH-10002415,Polycom VoiceStation 500 Conference phone,2242.0,250.7075,9,0.15000000000000002
OFF-AR-10004010,"Sanford Pencil Sharpener, Water Color",675.0,250.92,42,0.05714285714285715
TEC-MA-10002771,"StarTech Inkjet, White",2092.0,251.04000000000002,11,0.3333333333333333
TEC-MA-10000003,"Konica Phone, Durable",652.0,251.08049999999997,8,0.075
TEC-CO-10001726,"HP Fax and Copier, High-Speed",2331.0,251.1567,16,0.158
TEC-CIS-10002598,"Cisco Audio Dock, with Caller ID",1529.0,251.20799999999997,9,0.08571428571428572
OFF-AP-10001617,"KitchenAid Blender, Silver",1503.0,251.4,26,0.06666666666666667
TEC-AC-10003469,"SanDisk Router, USB",513.0,251.4,2,0.0
OFF-PA-10003511,"Green Bar Memo Slips, 8.5 x 11",579.0,251.5605,31,0.11
TEC-AC-10004203,"Logitech Flash Drive, Bluetooth",811.0,251.71499999999997,32,0.07142857142857142
OFF-AR-10004151,"BIC Sketch Pad, Blue",1849.0,251.88,40,0.09090909090909091
FUR-CH-10003512,"Novimex Bag Chairs, Set of Two",930.0,251.943,21,0.125
TEC-MA-10003773,"Panasonic Card Printer, Wireless",869.0,252.0,5,0.0
OFF-AR-10003046,"Sanford Sketch Pad, Fluorescent",1004.0,252.12,23,0.05714285714285715
TEC-PH-10003546,"Apple Signal Booster, with Caller ID",2610.0,252.28499999999997,23,0.18285714285714286
OFF-EAT-10001933,"Eaton Cards & Envelopes, Recycled",568.0,252.294,14,0.09999999999999999
OFF-AR-10004109,"Boston Sketch Pad, Fluorescent",631.0,252.32,19,0.0
FUR-SAF-10000881,"Safco 3-Shelf Cabinet, Metal",908.0,252.36,6,0.19999999999999998
TEC-PH-10001805,"Nokia Speaker Phone, Full Size",1462.0,252.57,12,0.08333333333333333
TEC-MA-10003812,"Panasonic Printer, Wireless",2652.0,252.89549999999997,12,0.19
OFF-EN-10004296,"GlobeWeis Mailers, Security-Tint",779.0,253.26,21,0.1
TEC-AC-10004478,"SanDisk Numeric Keypad, Bluetooth",578.0,253.764,11,0.05
OFF-PA-10001466,"Eaton Computer Printout Paper, 8.5 x 11",553.0,253.79999999999998,18,0.0
FUR-CH-10002439,"Iceberg Nesting Folding Chair, 19w x 6d x 43h",1589.0,253.8392,31,0.11666666666666668
TEC-EPS-10001651,"Epson Phone, White",746.0,253.87199999999999,10,0.19999999999999998
OFF-ST-10002822,"Tenex File Cart, Blue",977.0,253.88,11,0.0
TEC-HEW-10003260,"Hewlett Fax and Copier, Digital",770.0,254.04,4,0.0
OFF-AP-10004946,"KitchenAid Toaster, Black",1027.0,254.055,13,0.06000000000000001
OFF-AP-10004113,"Cuisinart Toaster, White",606.0,254.24,20,0.2
OFF-ST-10000877,Recycled Steel Personal File for Standard File Folders,1073.0,254.334,20,0.05
FUR-BO-10003384,"Ikea Corner Shelving, Traditional",1243.0,254.556,11,0.06666666666666667
OFF-AR-10004486,"Sanford Canvas, Blue",1602.0,254.724,36,0.15222222222222223
FUR-CH-10004875,Harbour Creations 67200 Series Stacking Chairs,1501.0,254.8244,24,0.1375
FUR-BO-10001867,"Dania Corner Shelving, Mobile",1528.0,254.864,21,0.1142857142857143
OFF-PA-10003790,Xerox 1991,577.0,254.8944,26,0.06666666666666667
TEC-AC-10000109,Sony Micro Vault Click 16 GB USB 2.0 Flash Drive,1490.0,255.3144,29,0.08888888888888889
FUR-DAN-10002348,"Dania Classic Bookcase, Pine",824.0,255.48,2,0.0
FUR-FU-10001215,"Howard Miller 11-1/2"" Diameter Brentwood Wall Clock",681.0,256.1922,17,0.15
TEC-CO-10003471,"Hewlett Fax and Copier, Color",1166.0,256.32,6,0.0
OFF-BI-10003098,"Ibico Binding Machine, Economy",696.0,256.3926,14,0.054000000000000006
OFF-EN-10001728,"Jiffy Interoffice Envelope, Recycled",949.0,256.41,21,0.0
TEC-PAN-10004360,"Panasonic Calculator, White",780.0,256.8,16,0.0
FUR-ELD-10003479,"Eldon Clock, Durable",856.0,256.8,16,0.0
OFF-SU-10004766,"Kleencut Shears, Easy Grip",781.0,256.8468,20,0.2175
OFF-EN-10004759,"Cameo Interoffice Envelope, Recycled",739.0,256.92,18,0.1
TEC-CAN-10001571,"Canon Personal Copier, Laser",571.0,256.92,4,0.0
TEC-BRO-10002345,"Brother Ink, Digital",1029.0,257.03999999999996,7,0.0
OFF-PA-10002319,Xerox 1944,574.0,257.3664,16,0.10000000000000002
OFF-BIN-10002236,"Binney & Smith Pencil Sharpener, Water Color",781.0,257.46000000000004,36,0.175
TEC-PAN-10004404,"Panasonic Calculator, Red",758.0,257.76,16,0.0
FUR-FU-10000850,"Rubbermaid Clock, Black",735.0,258.0,28,0.17777777777777778
TEC-ENE-10003873,"Enermax Numeric Keypad, Bluetooth",631.0,258.39,11,0.0
FUR-FU-10004158,"Deflect-O Frame, Black",1646.0,258.498,20,0.22800000000000004
OFF-BI-10003951,"Ibico 3-Hole Punch, Economy",563.0,258.525,20,0.08333333333333333
FUR-FU-10003419,"Eldon Clock, Erganomic",604.0,258.704,18,0.08
OFF-BI-10003373,"Wilson Jones Binding Machine, Economy",1129.0,259.104,37,0.044444444444444446
OFF-ST-10001837,"SAFCO Mobile Desk Side File, Wire Frame",1241.0,259.1256,31,0.05
OFF-SU-10004814,"Fiskars Shears, High Speed",833.0,259.14000000000004,18,0.03333333333333333
TEC-PH-10003811,Jabra Supreme Plus Driver Edition Headset,2160.0,259.1784,22,0.16
OFF-EN-10001946,"Kraft Mailers, Security-Tint",556.0,259.335,14,0.025
FUR-BO-10001309,"Ikea Classic Bookcase, Traditional",1236.0,259.38,3,0.0
OFF-AR-10002447,"Stanley Sketch Pad, Water Color",1571.0,259.40999999999997,34,0.07142857142857142
OFF-BI-10002082,GBC Twin Loop Wire Binding Elements,1042.0,259.584,47,0.37
FUR-CH-10001204,"Harbour Creations Steel Folding Chair, Red",976.0,260.18219999999997,12,0.14
FUR-FU-10000666,"Rubbermaid Frame, Black",1947.0,260.433,21,0.0925
TEC-CO-10000771,"Canon Wireless Fax, Laser",1008.0,260.46048,4,0.002
TEC-CO-10001087,"Hewlett Ink, Laser",1386.0,260.70464,14,0.002
OFF-BI-10003058,"Acco Binder Covers, Economy",718.0,260.736,58,0.09411764705882353
OFF-PA-10002222,"Xerox Color Copier Paper, 11"" x 17"", Ream",593.0,260.83279999999996,27,0.03333333333333333
FUR-CH-10000745,"Hon Chairmat, Adjustable",1584.0,260.94599999999997,30,0.11666666666666665
OFF-ST-10000675,"File Shuttle II and Handi-File, Black",1124.0,260.953,34,0.05714285714285715
FUR-BAR-10003576,"Barricks Training Table, with Bottom Storage",636.0,261.0,2,0.0
FUR-CH-10002188,"SAFCO Steel Folding Chair, Set of Two",721.0,261.12239999999997,9,0.09000000000000001
FUR-IKE-10002719,"Ikea Library with Doors, Metal",726.0,261.24,2,0.0
OFF-FEL-10001343,"Fellowes Box, Wire Frame",599.0,261.63,33,0.049999999999999996
TEC-CO-10004169,"HP Ink, Digital",2271.0,261.738,18,0.03
TEC-AC-10003454,"Enermax Memory Card, Erganomic",959.0,261.74,15,0.10000000000000002
FUR-BO-10001679,"Ikea 3-Shelf Cabinet, Traditional",1171.0,262.0368,11,0.2225
TEC-MA-10001546,"Okidata Phone, Red",605.0,262.08,8,0.2
TEC-CO-10002696,"Hewlett Personal Copier, Color",583.0,262.2,4,0.0
OFF-AP-10001529,"Hamilton Beach Toaster, White",722.0,262.33050000000003,15,0.10666666666666667
TEC-PH-10002708,"Nokia Speaker Phone, with Caller ID",1641.0,262.4,20,0.0
OFF-AR-10002037,"Stanley Sketch Pad, Fluorescent",1644.0,262.44,36,0.0
OFF-BI-10002026,Ibico Recycled Linen-Style Covers,749.0,262.4832,24,0.3
OFF-SU-10000618,"Acme Trimmer, High Speed",824.0,262.53,20,0.11666666666666665
FUR-CH-10001271,"SAFCO Executive Leather Armchair, Red",1246.0,262.971,3,0.1
TEC-ENE-10001466,"Enermax Memory Card, Erganomic",560.0,263.55,5,0.0
TEC-AC-10003047,"SanDisk Keyboard, USB",1122.0,263.816,21,0.06666666666666667
TEC-PH-10004165,Mitel MiVoice 5330e IP Phone,3520.0,263.99039999999997,16,0.20000000000000004
OFF-FEL-10003848,"Fellowes Trays, Industrial",1671.0,264.123,32,0.20833333333333334
OFF-AP-10000407,"KitchenAid Refrigerator, Silver",1551.0,264.324,5,0.1
OFF-AP-10003473,"Hoover Coffee Grinder, Black",692.0,264.423,11,0.11333333333333334
OFF-ST-10001290,"Rogers Shelving, Single Width",683.0,264.5568,12,0.05666666666666667
FUR-TA-10004531,"Chromcraft Coffee Table, Rectangular",529.0,264.66,3,0.0
OFF-SU-10001618,"Kleencut Letter Opener, Easy Grip",797.0,264.864,29,0.05714285714285715
TEC-CO-10003342,"Canon Fax Machine, High-Speed",1516.0,265.91610000000003,5,0.035
OFF-AP-10003834,"KitchenAid Stove, Red",1672.0,266.03999999999996,5,0.1
FUR-FU-10001290,Executive Impressions Supervisor Wall Clock,866.0,266.072,21,0.05
OFF-SU-10001633,"Stiletto Letter Opener, Easy Grip",568.0,266.40000000000003,20,0.0
TEC-SAN-10004424,"SanDisk Router, Bluetooth",1206.0,266.505,6,0.32499999999999996
OFF-FEL-10002158,"Fellowes Folders, Blue",623.0,266.64,27,0.24545454545454543
FUR-BO-10003688,"Bush Stackable Bookrack, Pine",1192.0,267.024,19,0.25
OFF-ST-10003111,"Eldon Trays, Single Width",1200.0,267.35999999999996,29,0.16666666666666666
FUR-BO-10001585,"Ikea Floating Shelf Set, Traditional",2067.0,267.632,22,0.2
FUR-FU-10000620,"Advantus Clock, Black",926.0,267.84000000000003,18,0.0
OFF-BI-10001804,"Avery Binder, Recycled",601.0,268.206,46,0.06
OFF-AR-10000319,"Binney & Smith Canvas, Fluorescent",2784.0,268.428,59,0.075
OFF-AP-10002822,"KitchenAid Toaster, Red",626.0,268.84,11,0.0
TEC-MA-10003178,"Okidata Receipt Printer, Wireless",977.0,268.92449999999997,9,0.175
OFF-AR-10001606,"BIC Highlighters, Fluorescent",958.0,268.995,51,0.1111111111111111
TEC-CO-10003570,"Sharp Wireless Fax, High-Speed",2053.0,269.106,7,0.18333333333333335
TEC-PH-10004242,"Apple Speaker Phone, VoIP",1809.0,269.4,24,0.1
OFF-FEL-10002837,"Fellowes Folders, Single Width",910.0,269.592,41,0.2222222222222222
TEC-HP -10002095,"HP Copy Machine, Color",1078.0,269.622,5,0.12
OFF-SU-10003234,"Acme Box Cutter, Easy Grip",552.0,270.06,14,0.0
OFF-AR-10000444,"BIC Highlighters, Blue",874.0,270.063,53,0.1411764705882353
TEC-PAN-10000577,"Panasonic Inkjet, White",932.0,270.09000000000003,3,0.0
FUR-BO-10000195,"Dania Stackable Bookrack, Pine",1179.0,270.405,12,0.15
TEC-PH-10002076,"Samsung Audio Dock, Full Size",2756.0,270.408,17,0.049999999999999996
OFF-SU-10001657,"Acme Box Cutter, High Speed",586.0,271.02,16,0.08333333333333333
TEC-PH-10004120,AT&T 1080 Phone,1590.0,271.2402,13,0.13333333333333333
TEC-CO-10001787,"HP Fax and Copier, Laser",1323.0,271.4085,8,0.04666666666666667
TEC-PH-10004085,"Apple Audio Dock, with Caller ID",1943.0,271.8396,13,0.085
OFF-AR-10000307,"Binney & Smith Markers, Easy-Erase",682.0,272.16,28,0.0
TEC-AC-10004317,"SanDisk Numeric Keypad, USB",850.0,272.16,16,0.0
FUR-FU-10000907,"Eldon Clock, Duo Pack",685.0,272.38800000000003,13,0.08
OFF-AP-10001805,"KitchenAid Toaster, Silver",713.0,272.661,9,0.07500000000000001
TEC-BEL-10000485,"Belkin Numeric Keypad, Bluetooth",637.0,272.90999999999997,11,0.0
OFF-AR-10001720,"Stanley Canvas, Blue",2101.0,272.955,44,0.0625
OFF-AP-10000228,"Cuisinart Blender, White",1081.0,272.95799999999997,20,0.13999999999999999
OFF-PA-10004039,Xerox 1882,617.0,273.18240000000003,12,0.12000000000000002
TEC-MA-10002306,"Epson Phone, White",583.0,273.46,11,0.0
TEC-PH-10004042,ClearOne Communications CHAT 70 OC Speaker Phone,1686.0,273.4628,12,0.1
TEC-PH-10004823,"Nokia Smart Phone, Full Size",636.0,273.48,1,0.0
FUR-CH-10004339,"SAFCO Steel Folding Chair, Red",2877.0,273.816,38,0.11272727272727273
TEC-AC-10004054,"Memorex Memory Card, Erganomic",2161.0,273.88800000000003,23,0.09999999999999999
FUR-TA-10002786,"Lesro Computer Table, Fully Assembled",857.0,274.08,2,0.0
FUR-BO-10002204,"Dania Floating Shelf Set, Traditional",654.0,274.251,4,0.035
TEC-MA-10001197,"StarTech Phone, Red",825.0,274.305,13,0.16666666666666666
TEC-CIS-10002544,"Cisco Headset, Full Size",808.0,274.32,9,0.0
FUR-BO-10000311,"Safco Floating Shelf Set, Metal",1236.0,274.68,7,0.1
OFF-ST-10002028,"Fellowes File Cart, Single Width",550.0,274.68,4,0.0
OFF-EN-10002831,"Tyvek  Top-Opening Peel & Seel  Envelopes, Gray",612.0,274.941,17,0.0
TEC-AC-10004353,Hypercom P1300 Pinpad,1109.0,275.31,21,0.17142857142857146
TEC-AC-10003832,Logitech P710e Mobile Speakerphone,2986.0,275.51429999999993,13,0.12000000000000002
TEC-CO-10001352,"HP Ink, Digital",1136.0,275.709,10,0.11249999999999999
FUR-CH-10002477,"Harbour Creations Executive Leather Armchair, Red",856.0,275.988,2,0.1
TEC-PH-10001079,Polycom SoundPoint Pro SE-225 Corded phone,1904.0,276.0568,19,0.15000000000000002
OFF-ST-10001729,"Tenex Lockers, Single Width",2150.0,276.276,17,0.06666666666666667
TEC-AC-10001660,"Enermax Flash Drive, USB",709.0,276.42,17,0.0
OFF-SU-10004480,"Fiskars Box Cutter, Serrated",644.0,276.6,30,0.0
TEC-MA-10002614,"Okidata Receipt Printer, Wireless",1066.0,276.9,13,0.0
FUR-BO-10004445,"Bush Stackable Bookrack, Pine",2268.0,277.14,20,0.2
OFF-ST-10003282,"Advantus 10-Drawer Portable Organizer, Chrome Metal Frame, Smoke Drawers",1052.0,277.2864,18,0.05
OFF-PA-10002524,"Enermax Note Cards, 8.5 x 11",673.0,277.317,24,0.016666666666666666
TEC-AC-10000763,"SanDisk Memory Card, USB",960.0,277.544,14,0.12000000000000002
OFF-PA-10000344,"SanDisk Memo Slips, 8.5 x 11",700.0,277.9392,40,0.172
TEC-KON-10001388,"Konica Printer, Red",1298.0,278.06100000000004,7,0.27999999999999997
TEC-MA-10002118,"Konica Printer, Red",1007.0,278.11199999999997,5,0.2
OFF-BI-10003952,"Acco Binding Machine, Recycled",825.0,278.76,26,0.05714285714285715
OFF-ST-10002974,"Trav-L-File Heavy-Duty Shuttle II, Black",1195.0,278.848,30,0.08571428571428573
TEC-AC-10002322,"Memorex Memory Card, Bluetooth",1330.0,278.85,13,0.0
FUR-BO-10003697,"Safco Floating Shelf Set, Mobile",2909.0,278.94599999999997,15,0.025
OFF-PA-10002923,Xerox 1942,597.0,278.95799999999997,13,0.06666666666666667
TEC-PH-10003177,"Samsung Speaker Phone, with Caller ID",1413.0,279.152,20,0.13333333333333333
OFF-PA-10004475,Xerox 1940,616.0,279.1968,12,0.05
OFF-PA-10004327,Xerox 1911,605.0,279.736,13,0.04
TEC-PAN-10002613,"Panasonic Printer, Durable",1333.0,279.9,5,0.0
TEC-APP-10004657,"Apple Smart Phone, Cordless",1272.0,279.96,2,0.0
TEC-BRO-10004178,"Brother Wireless Fax, Laser",758.0,280.26,2,0.0
TEC-AC-10001772,Memorex Mini Travel Drive 16 GB USB 2.0 Flash Drive,720.0,280.2735,45,0.0
OFF-AP-10003135,"KitchenAid Toaster, White",668.0,280.32,12,0.0
OFF-BI-10001543,GBC VeloBinder Manual Binding System,843.0,280.72200000000004,30,0.27499999999999997
FUR-FU-10003879,"Advantus Frame, Erganomic",878.0,280.8,8,0.0
TEC-PH-10004223,"Cisco Speaker Phone, Full Size",1111.0,280.92150000000004,9,0.125
TEC-PH-10004559,"Nokia Speaker Phone, with Caller ID",2367.0,281.9145,22,0.084
OFF-SU-10002402,"Stiletto Box Cutter, Steel",632.0,281.944,28,0.044444444444444446
OFF-AP-10004937,"Hoover Microwave, White",614.0,282.18,2,0.0
FUR-CH-10004050,"Novimex Executive Leather Armchair, Adjustable",911.0,282.42,2,0.0
OFF-SU-10001407,"Fiskars Trimmer, Easy Grip",1502.0,282.5064,36,0.038571428571428576
FUR-FU-10004064,"Rubbermaid Door Stop, Erganomic",688.0,283.05240000000003,18,0.07833333333333332
OFF-PA-10003884,"Eaton Message Books, Multicolor",616.0,283.08,28,0.0
FUR-CH-10004477,"Global Push Button Manager's Chair, Indigo",2186.0,283.74739999999997,44,0.2
OFF-CUI-10003993,"Cuisinart Microwave, Red",1503.0,284.004,6,0.15
OFF-BI-10001989,Premium Transparent Presentation Covers by GBC,754.0,284.0692,43,0.21000000000000002
TEC-AC-10003217,"Enermax Keyboard, USB",2418.0,284.22299999999996,34,0.19
TEC-CO-10002571,"Hewlett Personal Copier, Digital",1244.0,284.28556000000003,13,0.002
TEC-PH-10004389,Nokia Lumia 925,1310.0,284.7374,11,0.06666666666666667
OFF-PA-10001178,"Enermax Note Cards, 8.5 x 11",664.0,284.9,35,0.0
OFF-PA-10001736,Xerox 1880,624.0,285.64639999999997,18,0.04
TEC-AC-10002649,"Belkin Keyboard, Programmable",1379.0,285.687,20,0.174
OFF-BI-10000815,"Ibico 3-Hole Punch, Durable",790.0,285.915,25,0.0125
OFF-AP-10002425,"Hamilton Beach Refrigerator, Black",2198.0,286.364,7,0.06666666666666667
TEC-CO-10003226,"Canon Fax Machine, Laser",637.0,286.5,2,0.0
TEC-AC-10001109,Logitech Trackman Marble Mouse,774.0,286.70439999999996,28,0.08888888888888889
OFF-ST-10004350,"Rogers Shelving, Blue",684.0,286.77,11,0.0
OFF-ST-10001272,"Mini 13-1/2 Capacity Data Binder Rack, Pearl",1466.0,287.914,12,0.08
OFF-BI-10002632,"Acco Binding Machine, Recycled",1415.0,288.075,30,0.1625
FUR-FU-10001979,Dana Halogen Swing-Arm Architect Lamp,1115.0,288.4288,28,0.06666666666666667
FUR-BO-10000035,"Dania Classic Bookcase, Pine",767.0,288.4446,2,0.07
OFF-SU-10003072,"Elite Trimmer, Serrated",614.0,288.48,16,0.0
TEC-CO-10000447,"Canon Wireless Fax, Color",760.0,288.84,2,0.0
FUR-BO-10004725,"Sauder Library with Doors, Metal",2839.0,288.84000000000003,13,0.15000000000000002
FUR-BAR-10003532,"Barricks Conference Table, Rectangular",905.0,289.47,1,0.0
OFF-AP-10002734,Holmes Harmony HEPA Air Purifier for 17 x 20 Room,675.0,290.3016,3,0.0
OFF-AR-10001266,"Boston Canvas, Blue",1188.0,290.3724,27,0.20333333333333334
TEC-CO-10003406,"HP Fax and Copier, Laser",692.0,290.4,4,0.0
TEC-AC-10000258,"Belkin Numeric Keypad, Bluetooth",713.0,290.808,14,0.175
TEC-EPS-10004558,"Epson Inkjet, Durable",1319.0,291.159,5,0.175
TEC-BRO-10002103,"Brother Ink, Color",595.0,291.48,4,0.0
TEC-PH-10002572,"Nokia Audio Dock, Cordless",678.0,291.6,6,0.0
OFF-STA-10003756,"Stanley Sketch Pad, Blue",1065.0,291.78000000000003,26,0.15384615384615385
OFF-AP-10004540,"Eureka The Boss Lite 10-Amp Upright Vacuum, Blue",1042.0,291.7824,13,0.0
TEC-PH-10003137,"Nokia Signal Booster, Cordless",1463.0,292.455,12,0.09999999999999999
TEC-AC-10003927,"Belkin Numeric Keypad, Bluetooth",866.0,292.49600000000004,26,0.17500000000000002
FUR-TA-10002860,"Hon Training Table, with Bottom Storage",1065.0,292.68,4,0.4
FUR-NOV-10004925,"Novimex Executive Leather Armchair, Black",916.0,293.04,2,0.0
TEC-MA-10003146,"Okidata Inkjet, Durable",1341.0,293.66790000000003,5,0.135
FUR-BO-10004080,"Ikea Stackable Bookrack, Traditional",1839.0,293.70000000000005,20,0.175
OFF-SU-10000294,"Elite Trimmer, Serrated",889.0,293.74399999999997,37,0.06666666666666668
TEC-PH-10003487,"Motorola Office Telephone, with Caller ID",759.0,294.1008,12,0.09000000000000001
FUR-FU-10004091,"Howard Miller 13"" Diameter Goldtone Round Wall Clock",1042.0,294.3138,27,0.16666666666666666
OFF-EN-10004410,"GlobeWeis Mailers, Security-Tint",1131.0,294.84,51,0.14545454545454548
TEC-AC-10000494,"Logitech Numeric Keypad, USB",695.0,295.047,15,0.014285714285714287
FUR-BO-10004560,"Bush Floating Shelf Set, Mobile",1338.0,295.383,8,0.05
TEC-MA-10000946,"Panasonic Calculator, Red",953.0,295.623,21,0.075
TEC-AC-10001090,"Enermax Mouse, Programmable",741.0,295.7667,19,0.145
FUR-CH-10000848,"SAFCO Executive Leather Armchair, Set of Two",835.0,296.724,2,0.1
TEC-CO-10003506,"HP Fax Machine, Laser",900.0,296.91,3,0.0
OFF-EN-10003332,"Jiffy Interoffice Envelope, Recycled",874.0,296.96000000000004,29,0.0
FUR-CH-10002882,"Harbour Creations Bag Chairs, Adjustable",1206.0,297.348,36,0.17500000000000002
OFF-AP-10000391,"Hamilton Beach Coffee Grinder, Black",783.0,297.3558,21,0.0425
OFF-BI-10002040,"Ibico 3-Hole Punch, Recycled",1316.0,297.46799999999996,46,0.11000000000000001
OFF-BI-10002243,"Wilson Jones 3-Hole Punch, Durable",749.0,297.585,27,0.05555555555555555
OFF-AP-10002118,"1.7 Cubic Foot Compact ""Cube"" Office Refrigerators",1665.0,297.66880000000003,9,0.08
OFF-IBI-10003191,"Ibico 3-Hole Punch, Durable",1025.0,297.72,36,0.14210526315789473
OFF-BI-10000029,"Ibico Binding Machine, Recycled",947.0,297.928,28,0.025
FUR-FU-10000159,"Advantus Frame, Erganomic",1610.0,298.0,28,0.17142857142857146
TEC-PH-10002892,"Nokia Speaker Phone, Cordless",1193.0,298.2,15,0.06666666666666667
TEC-PH-10003913,"Samsung Signal Booster, Cordless",1992.0,298.34759999999994,15,0.0675
TEC-CO-10003655,"Hewlett Wireless Fax, High-Speed",1712.0,298.53184,8,0.13533333333333333
FUR-FU-10003325,"Tenex Door Stop, Duo Pack",686.0,298.74,16,0.025
OFF-BI-10003925,Fellowes PB300 Plastic Comb Binding Machine,2560.0,298.75230000000005,11,0.30000000000000004
TEC-SHA-10000479,"Sharp Personal Copier, Digital",598.0,299.1,5,0.0
TEC-CO-10002788,"Hewlett Personal Copier, Digital",757.0,299.2266,6,0.185
FUR-BO-10004565,"Sauder Corner Shelving, Traditional",1551.0,299.34000000000003,17,0.12000000000000002
OFF-EN-10003055,"Blue String-Tie & Button Interoffice Envelopes, 10 x 13",784.0,299.85,22,0.08571428571428573
TEC-PH-10004345,Cisco SPA 502G IP Phone,2064.0,299.875,21,0.16
OFF-LA-10002762,Avery 485,639.0,300.3441,51,0.0
OFF-EN-10003669,"Jiffy Mailers, Security-Tint",792.0,300.59999999999997,20,0.0
TEC-CO-10004005,"Sharp Copy Machine, Laser",2796.0,300.88800000000003,12,0.0375
TEC-LOG-10004917,"Logitech Memory Card, Programmable",735.0,300.93,7,0.0
OFF-AP-10000415,"KitchenAid Toaster, Red",709.0,300.996,9,0.05
FUR-TA-10000945,"Bevis Coffee Table, Adjustable Height",641.0,301.14,3,0.0
FUR-BO-10001390,"Bush Floating Shelf Set, Traditional",1097.0,301.248,12,0.25
OFF-KIT-10000099,"KitchenAid Refrigerator, Silver",1269.0,301.26599999999996,3,0.19999999999999998
TEC-PH-10003970,"Cisco Headset, Full Size",837.0,301.28,14,0.0
TEC-CO-10002550,"Sharp Ink, Digital",688.0,301.2975,6,0.075
FUR-CH-10002335,"Hon Steel Folding Chair, Red",863.0,301.842,13,0.2
OFF-EN-10000699,"Cameo Interoffice Envelope, Set of 50",737.0,301.99649999999997,17,0.16
OFF-AP-10002476,"Cuisinart Blender, Red",851.0,302.043,13,0.03333333333333333
TEC-CO-10002937,"Canon Ink, High-Speed",1687.0,302.15999999999997,14,0.13333333333333333
OFF-AP-10001058,Sanyo 2.5 Cubic Foot Mid-Size Office Refrigerators,1959.0,302.1948,8,0.13333333333333333
OFF-EN-10002674,"Cameo Interoffice Envelope, Set of 50",1107.0,302.28,41,0.12000000000000002
FUR-CH-10003499,"SAFCO Swivel Stool, Red",890.0,302.292,7,0.35
TEC-PH-10001819,Innergie mMini Combo Duo USB Travel Charging Kit,747.0,302.3328,19,0.10000000000000002
TEC-PH-10000289,"Samsung Audio Dock, Full Size",1008.0,302.58,9,0.0
OFF-PA-10001357,Xerox 1886,653.0,302.728,14,0.04
OFF-SU-10004095,"Fiskars Shears, Serrated",881.0,303.048,31,0.06666666666666667
FUR-BO-10003112,"Sauder Floating Shelf Set, Traditional",778.0,303.48,6,0.0
TEC-AC-10003734,"Memorex Numeric Keypad, Erganomic",807.0,303.483,20,0.13571428571428573
FUR-BO-10001721,"Bush Corner Shelving, Mobile",776.0,303.528,10,0.1
FUR-CH-10001153,"Harbour Creations Bag Chairs, Adjustable",961.0,303.87,19,0.2
TEC-MA-10003314,"Epson Phone, White",893.0,304.515,13,0.125
OFF-SU-10004119,"Acme Trimmer, Steel",851.0,304.68,31,0.12000000000000002
OFF-BI-10001858,"Ibico Binding Machine, Durable",806.0,304.704,16,0.1
OFF-CAR-10004293,"Cardinal Binding Machine, Durable",872.0,304.98,17,0.0
FUR-BEV-10002803,"Bevis Conference Table, Fully Assembled",925.0,305.31,1,0.0
OFF-AR-10000058,"Stanley Canvas, Water Color",1071.0,305.4345,22,0.1242857142857143
FUR-SAF-10002112,"SAFCO Executive Leather Armchair, Set of Two",1113.0,305.98199999999997,3,0.19999999999999998
TEC-PH-10004880,"Cisco Signal Booster, Cordless",927.0,306.18,9,0.0
TEC-NOK-10000534,"Nokia Smart Phone, with Caller ID",1534.0,306.59399999999994,3,0.19999999999999998
OFF-AP-10002317,"Hamilton Beach Refrigerator, Silver",1069.0,307.184,4,0.2
TEC-PH-10004006,"Nokia Audio Dock, Full Size",1119.0,307.4298,7,0.085
TEC-MA-10004896,"StarTech Phone, White",824.0,307.509,12,0.12
OFF-AR-10003774,"Stanley Sketch Pad, Fluorescent",982.0,307.62809999999996,25,0.12428571428571429
TEC-AC-10002243,"SanDisk Keyboard, Programmable",1761.0,308.0856,25,0.18142857142857144
FUR-FU-10000668,"Tenex Frame, Durable",1284.0,308.15999999999997,12,0.0
TEC-MA-10002195,"Epson Receipt Printer, Red",650.0,308.286,6,0.049999999999999996
FUR-SAF-10000213,"Safco Classic Bookcase, Mobile",1675.0,308.346,5,0.19999999999999998
TEC-AC-10001566,"Logitech Router, Erganomic",1716.0,308.70000000000005,7,0.0
OFF-EN-10000084,"Jiffy Manila Envelope, with clear poly window",675.0,308.92,37,0.08
TEC-EPS-10003962,"Epson Card Printer, Durable",2329.0,309.27900000000005,18,0.1857142857142857
OFF-EN-10001434,"Strathmore #10 Envelopes, Ultimate White",632.0,309.9348,12,0.0
FUR-TA-10000695,"Lesro Wood Table, Rectangular",1240.0,310.0,5,0.2
FUR-CH-10000852,"Novimex Chairmat, Set of Two",1069.0,310.644,36,0.22000000000000003
OFF-PA-10001223,"SanDisk Cards & Envelopes, Premium",882.0,310.674,19,0.03333333333333333
OFF-SU-10003758,"Fiskars Scissors, High Speed",649.0,310.8,28,0.0
OFF-AR-10002135,Boston Heavy-Duty Trimline Electric Pencil Sharpeners,1167.0,310.89,25,0.04
OFF-AP-10003779,Kensington 7 Outlet MasterPiece Power Center with Fax/Phone Line Protection,1473.0,311.22,8,0.07500000000000001
FUR-FU-10001185,"Advantus Employee of the Month Certificate Frame, 11 x 13-1/2",823.0,311.7744,28,0.04
TEC-CO-10003236,Canon Image Class D660 Copier,960.0,311.9948,2,0.2
TEC-PAN-10000377,"Panasonic Inkjet, Durable",1560.0,312.15,5,0.0
FUR-CH-10002010,"Office Star Bag Chairs, Adjustable",996.0,312.396,30,0.125
TEC-PH-10002563,Adtran 1202752G1,1990.0,312.4552,18,0.16
OFF-AP-10001882,"Breville Coffee Grinder, Silver",1139.0,312.522,22,0.21666666666666667
TEC-MA-10002043,"Epson Receipt Printer, White",774.0,312.70799999999997,7,0.03333333333333333
OFF-AR-10001714,"Binney & Smith Markers, Fluorescent",1332.0,312.825,55,0.03571428571428571
FUR-BO-10000160,"Safco Library with Doors, Pine",704.0,312.912,2,0.1
FUR-NOV-10002107,"Novimex Rocking Chair, Adjustable",804.0,313.2,6,0.0
TEC-PH-10002742,"Motorola Audio Dock, Cordless",2680.0,313.3962,17,0.124
TEC-PH-10002154,"Cisco Headset, Full Size",1951.0,313.4502,24,0.09000000000000001
OFF-SU-10001762,"Stiletto Shears, Easy Grip",1193.0,313.98,26,0.07777777777777778
OFF-SU-10000076,"Acme Trimmer, Easy Grip",1433.0,314.34000000000003,31,0.0
TEC-PH-10001362,"Cisco Office Telephone, Cordless",1708.0,314.595,22,0.06000000000000001
FUR-TA-10003497,"Bevis Training Table, Adjustable Height",899.0,314.62,5,0.2
OFF-PA-10001954,Xerox 1964,723.0,314.73519999999996,33,0.04
FUR-FU-10004306,Electrix Halogen Magnifier Lamp,2760.0,314.76599999999996,17,0.2333333333333333
TEC-PH-10003484,Ooma Telo VoIP Home Phone System,2017.0,314.975,18,0.12000000000000002
OFF-AR-10001192,"Binney & Smith Canvas, Fluorescent",876.0,315.5,25,0.0
FUR-CH-10003355,"Harbour Creations Chairmat, Adjustable",1146.0,315.546,18,0.18
OFF-AR-10003117,"BIC Pencil Sharpener, Blue",1036.0,316.197,42,0.10666666666666667
FUR-CH-10003249,"Novimex Chairmat, Adjustable",900.0,316.419,16,0.06666666666666667
TEC-AC-10001311,"Belkin Keyboard, Erganomic",816.0,316.76,17,0.1
TEC-PH-10000369,HTC One Mini,2042.0,317.4948,19,0.15000000000000002
OFF-EN-10003675,"GlobeWeis Interoffice Envelope, Recycled",689.0,317.836,23,0.08
FUR-BO-10004914,"Bush 3-Shelf Cabinet, Traditional",2665.0,318.04200000000003,21,0.1
TEC-HP -10004801,"HP Personal Copier, High-Speed",1224.0,318.29999999999995,10,0.0
FUR-FU-10000308,Deflect-o Glass Clear Studded Chair Mats,1579.0,318.3616,26,0.028571428571428574
TEC-AC-10000170,"Memorex Keyboard, Programmable",910.0,318.72,14,0.125
OFF-HAM-10000983,"Hamilton Beach Refrigerator, White",997.0,318.84,2,0.0
TEC-AC-10001465,SanDisk Cruzer 64 GB USB Flash Drive,1184.0,319.61600000000004,34,0.06666666666666668
OFF-AP-10000226,"Hoover Coffee Grinder, Black",662.0,320.634,10,0.05
FUR-BO-10001646,"Safco Corner Shelving, Metal",1430.0,321.552,18,0.16666666666666666
FUR-CH-10003941,"Novimex Executive Leather Armchair, Adjustable",3400.0,321.776,13,0.13333333333333333
FUR-BO-10000936,"Bush Floating Shelf Set, Traditional",1867.0,321.783,11,0.025
OFF-PA-10003129,Tops White Computer Printout Paper,686.0,321.8278,14,0.0
FUR-CH-10001397,"SAFCO Chairmat, Set of Two",1169.0,322.04879999999997,21,0.11571428571428573
OFF-AP-10003057,Honeywell Enviracaire Portable HEPA Air Cleaner for 16' x 20' Room,826.0,322.1829,3,0.0
FUR-CH-10000656,"Hon Swivel Stool, Adjustable",1816.0,322.304,19,0.12000000000000002
TEC-APP-10003032,"Apple Audio Dock, Cordless",1698.0,322.5,10,0.0
FUR-BO-10001165,"Bush Library with Doors, Mobile",1320.0,322.704,4,0.1
TEC-AC-10002158,"Enermax Memory Card, Erganomic",1155.0,322.8,14,0.22000000000000003
FUR-SAU-10000893,"Sauder Stackable Bookrack, Mobile",1366.0,322.926,10,0.11666666666666665
OFF-PA-10003455,"Xerox Cards & Envelopes, Premium",1080.0,323.28,24,0.0
OFF-ST-10003764,"Tenex Box, Industrial",846.0,323.604,58,0.1
FUR-HON-10001343,"Hon Coffee Table, Fully Assembled",952.0,323.64,3,0.0
FUR-SAF-10001956,"Safco Classic Bookcase, Metal",1007.0,323.76300000000003,3,0.2333333333333333
TEC-PH-10004536,Avaya 5420 Digital phone,1539.0,323.976,12,0.06666666666666667
TEC-MA-10002874,"Epson Receipt Printer, Wireless",2370.0,324.0075,23,0.0875
TEC-CO-10003917,"HP Fax and Copier, Digital",1147.0,324.0945,9,0.28500000000000003
OFF-ST-10001646,"Fellowes Box, Wire Frame",975.0,324.16499999999996,64,0.1625
OFF-STA-10001968,"Stanley Canvas, Water Color",738.0,324.24,14,0.0
TEC-AC-10004429,"Enermax Keyboard, USB",837.0,324.32,17,0.13333333333333333
FUR-BO-10004567,"Bush Floating Shelf Set, Mobile",2039.0,324.336,20,0.17500000000000002
OFF-SU-10004911,"Acme Shears, High Speed",724.0,324.48,16,0.16666666666666666
TEC-PH-10002755,"Apple Headset, VoIP",1078.0,324.6,24,0.1
TEC-MA-10000765,"Okidata Phone, Wireless",812.0,324.6375,11,0.15
TEC-PH-10002033,Konftel 250 Conference phone - Charcoal black,2222.0,324.69480000000004,9,0.1
OFF-AP-10002537,"Hamilton Beach Microwave, Red",1413.0,324.75,5,0.0
TEC-CO-10002095,Hewlett Packard 610 Color Digital Copier / Printer,1700.0,324.99350000000004,5,0.30000000000000004
TEC-AC-10003951,"Logitech Numeric Keypad, USB",955.0,325.305,27,0.24
OFF-HAM-10004917,"Hamilton Beach Stove, Red",1518.0,325.39200000000005,4,0.19999999999999998
TEC-MA-10002428,Fellowes Powershred HS-440 4-Sheet High Security Shredder,837.0,325.47900000000004,6,0.1
TEC-PH-10002068,"Apple Office Telephone, with Caller ID",1769.0,325.552,43,0.09230769230769233
OFF-ST-10001050,"Eldon Shelving, Blue",1917.0,325.782,45,0.14545454545454548
OFF-AP-10003758,"KitchenAid Blender, Silver",1098.0,326.11499999999995,12,0.06666666666666667
FUR-FU-10001711,"Tenex Frame, Erganomic",1209.0,326.34,23,0.3
TEC-PH-10004350,"Samsung Headset, Cordless",1364.0,326.817,22,0.1925
TEC-CO-10004998,"HP Fax and Copier, Color",1136.0,327.5916,8,0.185
OFF-IBI-10000684,"Ibico Binding Machine, Clear",714.0,327.59999999999997,14,0.0
TEC-AC-10001600,"Belkin Numeric Keypad, Bluetooth",856.0,327.65999999999997,16,0.05
FUR-CH-10001795,"SAFCO Steel Folding Chair, Red",1496.0,327.748,31,0.15000000000000002
FUR-BO-10003408,"Ikea 3-Shelf Cabinet, Metal",2486.0,327.789,19,0.068
FUR-BO-10004665,"Bush Classic Bookcase, Mobile",1532.0,327.88800000000003,5,0.235
FUR-BO-10004537,"Dania Floating Shelf Set, Mobile",1194.0,328.0965,8,0.11666666666666665
TEC-AC-10002842,WD My Passport Ultra 2TB Portable External Hard Drive,2927.0,328.44,26,0.028571428571428574
OFF-PA-10003892,Xerox 1943,744.0,328.6752,16,0.05
FUR-BO-10000596,"Sauder Classic Bookcase, Mobile",1535.0,328.785,5,0.25
OFF-BI-10000977,Ibico Plastic Spiral Binding Combs,1100.0,328.928,47,0.33076923076923076
OFF-BI-10000632,Satellite Sectional Post Binders,1219.0,329.0478,38,0.3727272727272727
TEC-MA-10002134,"Konica Inkjet, Wireless",2726.0,329.058,9,0.03333333333333333
TEC-MA-10004414,"Okidata Phone, Red",672.0,329.28,8,0.0
OFF-FEL-10001261,"Fellowes File Cart, Blue",1070.0,329.328,9,0.08571428571428572
TEC-CO-10003525,"Sharp Ink, Color",1064.0,329.5125,11,0.2
TEC-MEM-10004014,"Memorex Router, Bluetooth",2314.0,329.66400000000004,13,0.12
FUR-CH-10003109,"Office Star Rocking Chair, Set of Two",3417.0,329.752,42,0.11666666666666668
TEC-AC-10004081,"Logitech Keyboard, Bluetooth",1019.0,330.087,19,0.245
TEC-PH-10001712,"Nokia Smart Phone, Full Size",848.0,330.72,2,0.0
TEC-CO-10001040,"Canon Personal Copier, Laser",874.0,330.9688,10,0.10200000000000001
TEC-CO-10003951,"HP Copy Machine, High-Speed",2231.0,331.4004,10,0.094
FUR-BO-10002235,"Bush 3-Shelf Cabinet, Pine",1195.0,331.712,14,0.08
TEC-PH-10001427,"Motorola Headset, Full Size",1588.0,332.068,31,0.1142857142857143
FUR-CH-10000265,"Office Star Chairmat, Adjustable",1631.0,332.372,37,0.05
TEC-PAN-10003688,"Panasonic Printer, Wireless",1332.0,333.0,5,0.0
TEC-MA-10004655,"Konica Receipt Printer, White",2165.0,333.89700000000005,23,0.25833333333333336
FUR-TA-10003786,"Hon Training Table, Fully Assembled",1537.0,334.062,6,0.175
TEC-AC-10002914,"Memorex Router, Programmable",2044.0,334.2075,10,0.18333333333333335
TEC-CO-10001342,"HP Wireless Fax, Digital",972.0,334.575,3,0.075
OFF-PA-10003039,Xerox 1960,880.0,334.584,32,0.10000000000000002
TEC-PH-10000381,"Apple Signal Booster, Full Size",1196.0,334.62,13,0.0
FUR-BO-10002892,"Safco Classic Bookcase, Mobile",881.0,334.86,2,0.0
OFF-BI-10000972,"Acco 3-Hole Punch, Economy",1872.0,335.004,63,0.020000000000000004
OFF-ST-10001999,"Tenex Folders, Wire Frame",868.0,335.25,46,0.21428571428571427
TEC-PH-10000455,GE 30522EE2,1160.0,336.371,10,0.0
FUR-CH-10001270,Harbour Creations Steel Folding Chair,2391.0,336.375,34,0.1625
OFF-SAN-10001237,"SanDisk Cards & Envelopes, Premium",998.0,336.79200000000003,22,0.13999999999999999
TEC-MA-10000473,"Epson Receipt Printer, Durable",1052.0,337.10699999999997,10,0.11333333333333334
TEC-AC-10002017,"Belkin Memory Card, Erganomic",845.0,337.86,9,0.125
FUR-CH-10000988,Hon Olson Stacker Stools,2872.0,337.94399999999996,25,0.17500000000000002
TEC-STA-10001994,"StarTech Printer, Wireless",1536.0,338.04,6,0.0
OFF-AR-10003829,"Stanley Markers, Fluorescent",1021.0,338.07,44,0.008333333333333333
OFF-BI-10004042,"Cardinal Binding Machine, Recycled",861.0,338.43600000000004,27,0.06666666666666667
TEC-PH-10000705,"Apple Headset, Cordless",2203.0,338.7345,31,0.10625
TEC-PH-10000840,"Cisco Audio Dock, VoIP",1093.0,338.76,6,0.0
FUR-FU-10003052,"Advantus Photo Frame, Duo Pack",1161.0,338.826,25,0.10714285714285714
OFF-BI-10004969,"Acco Binding Machine, Durable",784.0,338.944,24,0.05
OFF-AP-10001772,"Hoover Toaster, White",1244.0,339.336,17,0.05
FUR-CH-10001423,"Harbour Creations Rocking Chair, Black",2353.0,339.376,29,0.17777777777777778
FUR-BO-10002346,"Dania Stackable Bookrack, Mobile",2123.0,339.41200000000003,31,0.17142857142857146
OFF-BI-10003656,Fellowes PB200 Plastic Comb Binding Machine,3094.0,339.98,30,0.33749999999999997
FUR-DAN-10003011,"Dania Corner Shelving, Metal",984.0,339.993,10,0.25999999999999995
OFF-AP-10001568,"Hamilton Beach Toaster, Silver",863.0,340.00800000000004,16,0.06000000000000001
FUR-BO-10004852,"Sauder Classic Bookcase, Traditional",1439.0,340.047,4,0.175
TEC-PH-10003273,AT&T TR1909W,1738.0,340.173,15,0.1
TEC-CO-10001589,"Hewlett Wireless Fax, Digital",758.0,340.30068,3,0.002
OFF-EN-10004186,"Kraft Interoffice Envelope, with clear poly window",773.0,340.4,23,0.0
FUR-FU-10002253,"Howard Miller 13"" Diameter Pewter Finish Round Wall Clock",1049.0,340.5142,27,0.1142857142857143
TEC-HP -10001577,"HP Copy Machine, Laser",827.0,340.60200000000003,4,0.19999999999999998
TEC-CO-10004252,"HP Ink, Color",1497.0,340.65000000000003,12,0.03333333333333333
OFF-BI-10003779,"Cardinal 3-Hole Punch, Durable",1015.0,342.087,37,0.08777777777777779
OFF-BIC-10002403,"BIC Sketch Pad, Easy-Erase",833.0,342.21,20,0.15
TEC-AC-10003832,Imation 16GB Mini TravelDrive USB 2.0 Flash Drive,1009.0,342.56419999999997,34,0.08888888888888889
OFF-PA-10002377,Xerox 1916,831.0,342.58,20,0.14285714285714285
TEC-PH-10002496,Cisco SPA301,2310.0,343.178,18,0.17500000000000002
OFF-SU-10002709,"Fiskars Letter Opener, Easy Grip",954.0,343.365,35,0.06666666666666667
TEC-AC-10003814,"Belkin Router, Programmable",781.0,343.53,3,0.0
OFF-ST-10001025,"Tenex Trays, Single Width",1622.0,343.836,38,0.2076923076923077
FUR-HAR-10001792,"Harbour Creations Bag Chairs, Red",801.0,344.37,13,0.0
FUR-BEV-10001853,"Bevis Computer Table, Adjustable Height",984.0,344.46,2,0.0
TEC-PH-10003960,"Apple Speaker Phone, with Caller ID",2935.0,344.82000000000005,28,0.16666666666666666
TEC-MA-10002340,"Konica Receipt Printer, White",1061.0,344.95799999999997,9,0.03333333333333333
FUR-CH-10003894,"Harbour Creations Steel Folding Chair, Adjustable",803.0,345.12,8,0.0
FUR-FU-10004188,Luxo Professional Combination Clamp-On Lamps,1331.0,345.774,13,0.0
OFF-SU-10000171,"Elite Trimmer, Easy Grip",736.0,345.78,17,0.0
OFF-GRE-10002738,"Green Bar Cards & Envelopes, Premium",1180.0,345.966,25,0.08571428571428572
TEC-MA-10002931,"Konica Receipt Printer, Red",1170.0,346.02,10,0.03333333333333333
TEC-PAN-10000092,"Panasonic Inkjet, Red",1236.0,346.32,4,0.0
OFF-EN-10003000,"Cameo Mailers, Recycled",881.0,346.848,24,0.016666666666666666
FUR-CH-10000857,"Harbour Creations Rocking Chair, Black",1562.0,346.96799999999996,12,0.1
TEC-CO-10000594,"Hewlett Fax and Copier, Laser",1489.0,347.03639999999996,8,0.023333333333333334
FUR-RUB-10003004,"Rubbermaid Frame, Durable",1390.0,347.49,13,0.0
TEC-BRO-10004802,"Brother Fax Machine, High-Speed",1583.0,348.29999999999995,5,0.0
TEC-AC-10000596,"Enermax Memory Card, Erganomic",1520.0,348.51,18,0.13
FUR-ELD-10000301,"Eldon Frame, Duo Pack",861.0,348.774,8,0.15
OFF-ST-10002902,"Fellowes Shelving, Blue",1150.0,349.116,22,0.08333333333333333
TEC-MEM-10000374,"Memorex Router, Programmable",743.0,349.20000000000005,3,0.0
TEC-AC-10000639,"Belkin Router, Bluetooth",1268.0,349.275,5,0.03333333333333333
TEC-PAN-10002365,"Panasonic Printer, White",1590.0,349.56,6,0.0
OFF-AP-10004515,"Hamilton Beach Coffee Grinder, Red",853.0,349.8,30,0.0
TEC-CO-10003268,"HP Fax and Copier, Color",968.0,350.31149999999997,6,0.049999999999999996
TEC-PH-10003770,"Apple Speaker Phone, Full Size",991.0,351.1305,9,0.1
OFF-AR-10003021,"BIC Sketch Pad, Water Color",885.0,351.492,19,0.1375
TEC-MA-10003757,"Panasonic Printer, Red",703.0,351.52,4,0.0
TEC-MA-10000240,"Okidata Inkjet, Wireless",838.0,351.76,4,0.0
FUR-BO-10000895,"Sauder Corner Shelving, Metal",1394.0,352.02,10,0.05
FUR-OFF-10004214,"Office Star Executive Leather Armchair, Red",1785.0,352.134,5,0.19999999999999998
FUR-CH-10004495,"Global Leather and Oak Executive Chair, Black",3130.0,352.14660000000003,13,0.18333333333333335
FUR-CH-10001797,"Harbour Creations Bag Chairs, Adjustable",1188.0,352.5672,21,0.14250000000000002
FUR-CH-10001455,"Office Star Swivel Stool, Adjustable",4069.0,352.852,40,0.14545454545454548
OFF-EN-10004885,"Jiffy Interoffice Envelope, Recycled",918.0,353.17199999999997,24,0.16799999999999998
OFF-AR-10001578,"Sanford Pencil Sharpener, Fluorescent",1060.0,353.43,42,0.041666666666666664
OFF-PA-10002254,Xerox 1883,881.0,354.0196,37,0.05714285714285715
TEC-PH-10001677,"Nokia Office Telephone, Full Size",2081.0,354.15999999999997,50,0.06666666666666668
OFF-PA-10000157,Xerox 191,768.0,354.2454,39,0.02
OFF-AP-10004041,"KitchenAid Microwave, White",1388.0,354.72,5,0.1
OFF-PA-10000273,"SanDisk Cards & Envelopes, Premium",743.0,355.08000000000004,24,0.03333333333333333
FUR-NOV-10000847,"Novimex Executive Leather Armchair, Adjustable",2735.0,355.14,6,0.0
TEC-AC-10004666,Maxell iVDR EX 500GB Cartridge,827.0,355.4466,3,0.0
TEC-CO-10004813,"Hewlett Ink, Digital",890.0,355.86,6,0.0
TEC-MA-10003624,"StarTech Inkjet, Wireless",845.0,356.076,3,0.05
TEC-PH-10002292,"Cisco Signal Booster, Full Size",1040.0,356.13599999999997,11,0.1
TEC-PH-10000599,"Samsung Audio Dock, Cordless",1040.0,356.284,11,0.15000000000000002
FUR-BO-10001834,"Ikea 3-Shelf Cabinet, Mobile",1899.0,356.31600000000003,14,0.15
OFF-AR-10000079,"Stanley Pencil Sharpener, Fluorescent",1115.0,356.4,45,0.0
OFF-PA-10002479,"Enermax Cards & Envelopes, 8.5 x 11",1076.0,356.4624,27,0.21777777777777776
OFF-PA-10000579,"Xerox Computer Printout Paper, Recycled",1040.0,356.7,40,0.028571428571428574
FUR-CH-10001607,"Novimex Swivel Stool, Set of Two",1268.0,356.736,13,0.2
TEC-APP-10002966,"Apple Smart Phone, Full Size",1276.0,357.0,2,0.0
FUR-CH-10000110,"Hon Bag Chairs, Red",1104.0,357.006,29,0.09571428571428572
TEC-AC-10001990,Kensington Orbit Wireless Mobile Trackball for PC and Mac,1704.0,357.5404,33,0.16
TEC-SAN-10000235,"SanDisk Router, USB",1104.0,359.058,5,0.175
TEC-PH-10004404,"Samsung Headset, VoIP",1027.0,359.1,21,0.0
FUR-SAU-10004221,"Sauder Corner Shelving, Mobile",1199.0,359.52,8,0.0
FUR-CH-10001895,"Hon Chairmat, Adjustable",766.0,359.724,14,0.05000000000000001
TEC-AC-10004997,"Belkin Memory Card, Bluetooth",1883.0,360.024,17,0.02
TEC-MA-10004241,Star Micronics TSP800 TSP847IIU Receipt Printer,1287.0,360.318,4,0.25
OFF-BI-10000341,"Ibico Binding Machine, Recycled",3549.0,360.92999999999995,75,0.05263157894736842
TEC-AC-10000474,Kensington Expert Mouse Optical USB Trackball for PC or Mac,1691.0,360.962,20,0.10000000000000002
TEC-AC-10004487,"Memorex Router, Erganomic",976.0,361.08,4,0.0
FUR-BO-10002133,"Bush Corner Shelving, Mobile",950.0,361.78499999999997,8,0.06666666666666667
TEC-AC-10001990,"Enermax Router, USB",1034.0,361.92,6,0.0
FUR-FU-10003192,Luxo Adjustable Task Clamp Lamp,1546.0,362.46720000000005,18,0.05
OFF-ROG-10001101,"Rogers Shelving, Wire Frame",1332.0,362.64,23,0.12
FUR-BO-10002598,"Hon Metal Bookcases, Putty",1321.0,362.7078,19,0.04
FUR-TA-10000323,"Lesro Round Table, Fully Assembled",1269.0,362.784,4,0.3
OFF-ST-10000752,"Fellowes File Cart, Wire Frame",1812.0,363.67019999999997,18,0.2814285714285714
TEC-MA-10000686,"Epson Phone, Wireless",943.0,364.15049999999997,13,0.049999999999999996
TEC-MA-10001372,"Konica Card Printer, White",989.0,364.446,6,0.05
OFF-BI-10002735,GBC Prestige Therm-A-Bind Covers,1074.0,364.7153,39,0.16999999999999998
FUR-CH-10004810,"Hon Swivel Stool, Set of Two",2201.0,364.854,14,0.06166666666666667
TEC-PH-10002645,"Motorola Signal Booster, with Caller ID",1138.0,364.8735,9,0.09999999999999999
FUR-BO-10002308,"Safco Floating Shelf Set, Metal",2563.0,364.932,14,0.074
OFF-BI-10003917,"Wilson Jones 3-Hole Punch, Recycled",1219.0,365.07,43,0.0
TEC-PH-10002806,"Apple Audio Dock, VoIP",2808.0,365.5836,19,0.11166666666666668
FUR-RUB-10001190,"Rubbermaid Clock, Erganomic",733.0,365.85,15,0.0
TEC-CO-10004689,"Canon Ink, Color",1932.0,366.99,13,0.0
TEC-MA-10000002,"Epson Card Printer, Durable",1938.0,367.158,14,0.23750000000000002
FUR-CH-10000479,"Harbour Creations Executive Leather Armchair, Adjustable",848.0,367.464,2,0.1
OFF-AR-10002706,"Stanley Canvas, Fluorescent",914.0,367.53999999999996,31,0.15000000000000002
TEC-PH-10002121,"Apple Headset, with Caller ID",793.0,367.56800000000004,17,0.08
OFF-TEN-10004210,"Tenex Trays, Wire Frame",766.0,367.632,15,0.075
OFF-TEN-10002835,"Tenex Lockers, Industrial",3316.0,367.8060000000001,20,0.14615384615384613
OFF-SU-10002189,"Fiskars Shears, Easy Grip",763.0,367.808,24,0.028571428571428574
TEC-PH-10002574,"Cisco Speaker Phone, Cordless",1602.0,368.22,17,0.0
FUR-BO-10002985,"Sauder Corner Shelving, Mobile",1439.0,368.292,17,0.13333333333333333
TEC-PH-10001478,"Nokia Headset, Full Size",1397.0,368.544,20,0.06166666666666667
FUR-NOV-10002791,"Novimex Swivel Stool, Set of Two",1302.0,369.918,9,0.19999999999999998
FUR-FU-10001410,"Tenex Clock, Durable",1249.0,370.2648,32,0.16166666666666665
TEC-STA-10002286,"StarTech Receipt Printer, White",1090.0,370.5,10,0.0
TEC-CO-10003496,"Brother Wireless Fax, Digital",757.0,370.86,2,0.0
TEC-MA-10001009,"Panasonic Inkjet, Red",1485.0,371.052,5,0.05
FUR-FU-10004422,"Advantus Photo Frame, Erganomic",773.0,371.25,15,0.0
OFF-PA-10002248,"Green Bar Memo Slips, 8.5 x 11",759.0,371.52,36,0.0
FUR-SAU-10002255,"Sauder Classic Bookcase, Pine",2187.0,371.70000000000005,5,0.0
TEC-CO-10003250,"Brother Personal Copier, Digital",2269.0,371.8323,19,0.16399999999999998
TEC-AC-10001564,"Logitech Numeric Keypad, Erganomic",970.0,371.94,23,0.125
OFF-CUI-10002269,"Cuisinart Refrigerator, Red",1488.0,372.06,3,0.0
FUR-FU-10004954,"Tenex Clock, Duo Pack",996.0,372.13800000000003,20,0.028571428571428574
TEC-AC-10000140,"Enermax Numeric Keypad, Bluetooth",1658.0,372.16200000000003,29,0.02
FUR-CH-10000847,Global Executive Mid-Back Manager's Chair,3171.0,372.45439999999996,13,0.13999999999999999
OFF-SU-10002451,"Elite Letter Opener, High Speed",915.0,372.96,35,0.011111111111111112
TEC-AC-10004571,"Logitech Router, Programmable",1170.0,373.104,5,0.05
TEC-CO-10003370,"HP Ink, Color",2060.0,373.24296,27,0.1162857142857143
FUR-CH-10000583,"Novimex Swivel Stool, Set of Two",1200.0,373.272,8,0.1
FUR-BO-10003793,"Bush 3-Shelf Cabinet, Metal",1334.0,373.9122,12,0.2025
OFF-AP-10001394,Harmony Air Purifier,1948.0,374.22,13,0.22000000000000003
FUR-CH-10003423,"Novimex Rocking Chair, Set of Two",1515.0,374.24,20,0.14285714285714285
OFF-WIL-10003532,"Wilson Jones Binding Machine, Economy",1505.0,374.472,36,0.1857142857142857
TEC-CO-10004042,"Brother Wireless Fax, Laser",2046.0,374.81399999999996,7,0.2
TEC-CO-10002240,"Canon Copy Machine, High-Speed",2083.0,374.88,8,0.0
OFF-PA-10001144,Xerox 1913,865.0,375.0448,17,0.04
OFF-ST-10004754,"Fellowes Lockers, Single Width",3844.0,375.43199999999996,33,0.12000000000000002
TEC-PH-10002816,"Samsung Signal Booster, Cordless",1451.0,375.436,17,0.10000000000000002
TEC-EPS-10002711,"Epson Card Printer, Red",835.0,375.90000000000003,5,0.0
OFF-ELD-10000819,"Eldon Trays, Industrial",836.0,375.945,18,0.09999999999999999
FUR-FU-10004864,"Howard Miller 14-1/2"" Diameter Chrome Round Wall Clock",1638.0,375.9672,29,0.1142857142857143
TEC-PH-10004539,Wireless Extenders zBoost YX545 SOHO Signal Booster,2722.0,376.09009999999995,17,0.16666666666666666
FUR-BO-10000265,"Bush Floating Shelf Set, Pine",1329.0,376.134,8,0.05
FUR-CH-10002002,"Hon Rocking Chair, Black",2205.0,376.36800000000005,23,0.26666666666666666
OFF-AP-10001299,"Cuisinart Microwave, Silver",838.0,376.92,3,0.0
OFF-SU-10001535,"Stiletto Trimmer, Easy Grip",856.0,376.941,20,0.04
TEC-PH-10000673,Plantronics Voyager Pro HD - Bluetooth Headset,1222.0,376.942,25,0.12000000000000002
FUR-CH-10001237,"Hon Swivel Stool, Black",1885.0,376.974,13,0.1
FUR-BO-10001874,"Sauder Corner Shelving, Pine",2936.0,377.004,21,0.08857142857142856
TEC-CO-10000422,"Brother Personal Copier, Digital",1175.0,377.0974,15,0.12200000000000003
OFF-CAR-10001577,"Cardinal Binding Machine, Economy",1995.0,377.55,45,0.15499999999999997
TEC-AC-10001539,Logitech G430 Surround Sound Gaming Headset with Dolby 7.1 Technology,1248.0,377.5528,17,0.05
OFF-AR-10003629,"Boston Canvas, Water Color",2840.0,377.7,51,0.038461538461538464
OFF-AR-10002975,"Stanley Sketch Pad, Fluorescent",1048.0,378.224,36,0.05714285714285715
OFF-ST-10001460,"Smead Trays, Industrial",2183.0,378.516,55,0.16875
TEC-CO-10003964,"Canon Fax Machine, High-Speed",2738.0,378.53244,13,0.002
TEC-BRO-10003986,"Brother Personal Copier, Color",1673.0,379.428,13,0.19999999999999998
OFF-BI-10004869,"Avery 3-Hole Punch, Recycled",892.0,379.5441,35,0.11555555555555556
FUR-HAR-10000441,"Harbour Creations Rocking Chair, Adjustable",1601.0,379.74600000000004,12,0.1857142857142857
OFF-AP-10004487,Kensington 4 Outlet MasterPiece Compact Power Control Center,2490.0,380.5776,36,0.17142857142857143
OFF-AP-10002351,"Hamilton Beach Refrigerator, Silver",1282.0,380.6328,3,0.135
OFF-PA-10000062,Green Bar Computer Printout Paper,858.0,380.8728,17,0.04
OFF-AP-10002311,"Holmes Replacement Filter for HEPA Air Cleaner, Very Large Room, HEPA Filter",1384.0,381.20739999999995,26,0.21000000000000002
TEC-MA-10004603,"Okidata Printer, Durable",1801.0,381.354,8,0.1625
OFF-BI-10000179,"Wilson Jones 3-Hole Punch, Economy",1434.0,381.408,56,0.1
TEC-PH-10002296,"Nokia Signal Booster, with Caller ID",2322.0,381.9,20,0.125
OFF-AP-10001931,"Cuisinart Stove, Red",1352.0,382.16790000000003,3,0.16
TEC-CO-10002057,"Sharp Copy Machine, Color",3695.0,382.23,17,0.09166666666666666
TEC-CO-10003318,"Hewlett Ink, Digital",1717.0,382.57456,19,0.10200000000000001
TEC-OKI-10002752,"Okidata Phone, Wireless",782.0,382.86,9,0.0
OFF-AP-10000828,Avanti 4.4 Cu. Ft. Refrigerator,3511.0,383.6776,24,0.14285714285714285
FUR-BO-10001147,"Bush Floating Shelf Set, Metal",2785.0,383.7663,19,0.07833333333333332
TEC-MA-10003170,"Konica Calculator, Wireless",1108.0,384.06239999999997,27,0.23200000000000004
TEC-PH-10003505,Geemarc AmpliPOWER60,3412.0,384.192,46,0.18181818181818182
FUR-CH-10002060,"SAFCO Rocking Chair, Adjustable",2666.0,384.36,20,0.05
FUR-LES-10002026,"Lesro Conference Table, Rectangular",855.0,384.81,1,0.0
OFF-BI-10001895,"Ibico Binding Machine, Economy",1279.0,385.724,42,0.14444444444444446
TEC-CO-10000011,"HP Personal Copier, High-Speed",1836.0,386.79,16,0.1
OFF-PA-10000450,"Green Bar Note Cards, Multicolor",1030.0,386.799,32,0.075
FUR-BO-10003438,"Dania Corner Shelving, Pine",3768.0,387.384,52,0.1272727272727273
TEC-PH-10001070,"Samsung Headset, VoIP",1324.0,387.6645,22,0.19285714285714284
FUR-SAF-10003819,"SAFCO Swivel Stool, Set of Two",1021.0,387.90000000000003,6,0.0
TEC-PH-10000286,"Motorola Signal Booster, with Caller ID",1050.0,388.3,11,0.0
FUR-CH-10000974,"Harbour Creations Executive Leather Armchair, Black",2708.0,388.3392,7,0.16
OFF-ST-10003641,"Fellowes Trays, Wire Frame",3184.0,388.584,66,0.14375000000000002
TEC-CO-10000971,Hewlett Packard 310 Color Digital Copier,2700.0,389.98699999999997,11,0.16
OFF-AR-10002109,"Binney & Smith Sketch Pad, Fluorescent",1898.0,390.0504,44,0.06846153846153846
TEC-KON-10001624,"Konica Receipt Printer, Durable",1346.0,390.06,11,0.0
TEC-CO-10003204,"HP Fax and Copier, High-Speed",910.0,390.49504,8,0.002
FUR-SAF-10002360,"Safco Stackable Bookrack, Pine",1106.0,390.75000000000006,8,0.2333333333333333
FUR-FU-10003500,"Rubbermaid Photo Frame, Duo Pack",1088.0,391.23,21,0.0
TEC-AC-10002159,"Logitech Router, Erganomic",1307.0,392.15999999999997,10,0.13333333333333333
TEC-MA-10002859,Ativa MDM8000 8-Sheet Micro-Cut Shredder,918.0,393.2563,11,0.1
OFF-CAR-10000202,"Cardinal Binding Machine, Clear",1069.0,393.56399999999996,23,0.04615384615384615
TEC-PH-10001304,"Apple Office Telephone, Cordless",881.0,394.368,21,0.10000000000000002
TEC-PH-10003613,"Apple Signal Booster, VoIP",2472.0,394.8366,19,0.054000000000000006
TEC-PH-10003157,"Nokia Speaker Phone, VoIP",2646.0,394.952,33,0.03333333333333333
TEC-CO-10001775,"Sharp Wireless Fax, Laser",1816.0,394.962,7,0.2333333333333333
TEC-CO-10003807,"HP Personal Copier, Laser",1380.0,395.019,12,0.075
TEC-MA-10003632,"Epson Calculator, Wireless",821.0,395.397,18,0.025
FUR-LES-10004098,"Lesro Round Table, Rectangular",899.0,395.58,2,0.0
TEC-AC-10003870,Logitech Z-906 Speaker sys - home theater - 5.1-CH,990.0,395.988,3,0.0
OFF-AR-10000785,"BIC Sketch Pad, Water Color",2646.0,396.27,51,0.0
TEC-AC-10004849,"SanDisk Router, Programmable",1806.0,396.9,7,0.0
OFF-BI-10004328,"Wilson Jones Binding Machine, Economy",1714.0,396.9,42,0.15
OFF-SU-10002094,"Acme Letter Opener, Steel",991.0,397.275,34,0.014285714285714287
TEC-PH-10002660,Nortel Networks T7316 E Nt8 B27,1877.0,397.7415,29,0.06666666666666667
TEC-CO-10004170,"HP Wireless Fax, High-Speed",2347.0,397.82550000000003,8,0.13749999999999998
TEC-AC-10004043,"Memorex Numeric Keypad, Erganomic",1146.0,397.952,40,0.09090909090909091
OFF-ST-10002539,"Fellowes Shelving, Single Width",2752.0,398.412,55,0.17500000000000002
FUR-CH-10000015,Hon Multipurpose Stacking Arm Chairs,2642.0,398.544,14,0.09999999999999999
FUR-FU-10004820,"Advantus Photo Frame, Erganomic",928.0,399.06,18,0.0
TEC-PH-10002932,"Samsung Speaker Phone, VoIP",1554.0,399.558,13,0.03333333333333333
TEC-SHA-10003039,"Sharp Fax and Copier, Digital",1177.0,400.26,7,0.0
OFF-PA-10003641,Xerox 1909,971.0,400.976,40,0.08888888888888889
TEC-CO-10002119,"Sharp Fax Machine, Digital",3066.0,401.3502,11,0.060000000000000005
FUR-FU-10003939,"Tenex Photo Frame, Duo Pack",1499.0,401.433,33,0.12000000000000001
TEC-PH-10004237,"Nokia Office Telephone, with Caller ID",1086.0,401.5,25,0.0
OFF-BI-10002329,"Avery 3-Hole Punch, Durable",989.0,401.769,40,0.179
TEC-PH-10003215,"Samsung Headset, Full Size",1073.0,401.976,27,0.2
OFF-ST-10001026,"Fellowes Trays, Single Width",1478.0,403.3566,34,0.17625000000000002
TEC-MA-10001259,"StarTech Inkjet, White",897.0,403.47,3,0.0
OFF-SU-10003834,"Stiletto Shears, High Speed",1239.0,403.8384,28,0.10777777777777778
OFF-AP-10002128,"Breville Toaster, White",966.0,403.96500000000003,15,0.14
TEC-PH-10003254,"Samsung Office Telephone, Full Size",1383.0,404.208,32,0.025
OFF-BRE-10001107,"Breville Stove, Red",2248.0,404.28,4,0.0
OFF-PA-10001125,Xerox 1988,1102.0,404.289,41,0.1111111111111111
OFF-ST-10002471,"Smead Lockers, Single Width",1191.0,404.64000000000004,11,0.2
TEC-CO-10004897,"Sharp Fax Machine, High-Speed",1428.0,405.351,6,0.19000000000000003
OFF-SME-10004702,"Smead File Cart, Industrial",2902.0,405.41999999999996,27,0.28888888888888886
FUR-SAU-10003872,"Sauder Floating Shelf Set, Pine",1764.0,405.54,9,0.0
TEC-CIS-10001717,"Cisco Smart Phone, with Caller ID",1504.0,405.58200000000005,3,0.2333333333333333
OFF-AR-10002747,"Boston Canvas, Fluorescent",1065.0,405.711,20,0.038571428571428576
TEC-MA-10002040,"Panasonic Card Printer, Durable",1160.0,405.8,10,0.0
TEC-MA-10000605,"Epson Card Printer, Wireless",2344.0,405.9105,15,0.0925
FUR-BO-10003734,"Dania Classic Bookcase, Metal",1230.0,406.08000000000004,3,0.0
TEC-PH-10001585,"Nokia Signal Booster, Cordless",3794.0,406.40700000000004,30,0.10875
TEC-MA-10001881,"Konica Card Printer, Red",2663.0,406.61400000000003,17,0.14
TEC-CO-10000338,"Hewlett Fax and Copier, High-Speed",2149.0,406.77750000000003,12,0.06
OFF-KIT-10002828,"KitchenAid Microwave, White",1234.0,407.16,4,0.0
TEC-PH-10004827,"Samsung Headset, Cordless",1053.0,408.1725,16,0.13999999999999999
OFF-PA-10000357,"White Dual Perf Computer Printout Paper, 2700 Sheets, 1 Part, Heavyweight, 20 lbs., 14 7/8 x 11",910.0,408.2604,24,0.10000000000000002
TEC-PAN-10000979,"Panasonic Receipt Printer, Wireless",1572.0,408.33000000000004,13,0.0
OFF-ST-10003266,"Tenex Lockers, Industrial",4095.0,408.6,25,0.17777777777777778
TEC-AC-10004659,Imation Secure+ Hardware Encrypted USB 2.0 Flash Drive; 16GB,1928.0,408.744,32,0.16666666666666666
OFF-AR-10002382,"Binney & Smith Pencil Sharpener, Water Color",891.0,408.87,33,0.0
OFF-AP-10003561,"Breville Microwave, Black",1405.0,409.48,8,0.1
OFF-PA-10001536,"SanDisk Message Books, 8.5 x 11",868.0,409.8,32,0.05
TEC-AC-10003506,"Enermax Router, Erganomic",1024.0,409.8,4,0.0
TEC-SAM-10003520,"Samsung Headset, VoIP",1261.0,410.38800000000003,20,0.2333333333333333
TEC-HP -10004149,"HP Copy Machine, Color",2735.0,410.997,12,0.13999999999999999
TEC-AC-10002473,Maxell 4.7GB DVD-R,1232.0,411.2262,49,0.1272727272727273
OFF-ST-10000643,"Eldon Trays, Industrial",1360.0,411.28499999999997,37,0.25
TEC-PH-10001619,LG G3,1803.0,411.579,10,0.1
OFF-AR-10001002,"BIC Sketch Pad, Fluorescent",1583.0,411.71399999999994,35,0.17777777777777778
TEC-CO-10000172,"Hewlett Ink, Digital",1837.0,412.0416,16,0.26
OFF-BI-10003718,GBC Therma-A-Bind 250T Electric Binding System,1180.0,413.2464,12,0.2
FUR-CH-10004626,Office Star Flex Back Scooter Chair with Aluminum Finish Frame,1948.0,413.649,20,0.05000000000000001
OFF-BI-10004986,"Ibico 3-Hole Punch, Recycled",1035.0,413.916,38,0.11555555555555556
OFF-ST-10000036,"Recycled Data-Pak for Archival Bound Computer Printouts, 12-1/2 x 12-1/2 x 16",1857.0,414.918,20,0.06666666666666667
FUR-CH-10001114,"Hon Chairmat, Set of Two",1095.0,415.568,32,0.125
FUR-CH-10003841,"Harbour Creations Swivel Stool, Black",970.0,415.78740000000005,6,0.135
OFF-TEN-10000433,"Tenex Lockers, Wire Frame",2519.0,416.178,15,0.2222222222222222
OFF-CUI-10002022,"Cuisinart Refrigerator, Black",991.0,416.22,2,0.0
OFF-ST-10002650,"Fellowes Lockers, Wire Frame",4206.0,416.442,27,0.18625
OFF-ST-10004768,"Eldon Lockers, Industrial",992.0,416.55,5,0.0
TEC-AC-10001221,"Memorex Memory Card, USB",2188.0,416.64,35,0.125
FUR-CH-10000885,"Hon Executive Leather Armchair, Adjustable",5638.0,416.688,24,0.2
OFF-ST-10003997,"Fellowes File Cart, Industrial",1176.0,417.008,14,0.08
OFF-AP-10000179,Honeywell Enviracaire Portable HEPA Air Cleaner for up to 10 x 16 Room,1320.0,417.0244,12,0.10000000000000002
TEC-PH-10002871,"Motorola Audio Dock, with Caller ID",1897.0,418.072,18,0.10000000000000002
TEC-PH-10000526,Vtech CS6719,2631.0,418.5164,32,0.17142857142857146
FUR-FU-10001252,"Eldon Frame, Duo Pack",931.0,418.56,8,0.0
FUR-FU-10004095,"Eldon Frame, Durable",2096.0,418.68,20,0.1
TEC-SAM-10001985,"Samsung Headset, Cordless",943.0,418.86,13,0.3
OFF-ST-10004228,"Tenex Shelving, Industrial",2132.0,419.11379999999997,45,0.16
OFF-ST-10003816,Fellowes High-Stak Drawer Files,3947.0,419.3322,26,0.125
TEC-CO-10000565,"Canon Fax and Copier, Color",1022.0,420.174,6,0.11666666666666665
TEC-AC-10001341,"Enermax Memory Card, USB",2292.0,420.2,35,0.17500000000000002
OFF-BI-10004666,"Wilson Jones Binding Machine, Durable",1003.0,420.2694,21,0.058750000000000004
FUR-BO-10002352,"Ikea 3-Shelf Cabinet, Mobile",2300.0,420.832,27,0.14285714285714285
OFF-AP-10001190,"Hoover Refrigerator, Silver",949.0,421.578,2,0.1
TEC-AC-10002799,"Memorex Memory Card, Programmable",1854.0,421.824,30,0.12000000000000002
OFF-SU-10003556,"Fiskars Trimmer, Easy Grip",1143.0,421.97999999999996,26,0.0
OFF-EN-10001453,"Tyvek Interoffice Envelopes, 9 1/2"" x 12 1/2"", 100/Box",939.0,421.9816,16,0.04
TEC-PH-10002922,ShoreTel ShorePhone IP 230 VoIP phone,2906.0,422.475,21,0.15000000000000002
OFF-ELD-10001318,"Eldon Lockers, Industrial",1131.0,422.493,7,0.25999999999999995
TEC-AC-10001904,"Logitech Mouse, Bluetooth",954.0,422.89799999999997,33,0.014285714285714287
OFF-ST-10000892,"Tenex Trays, Wire Frame",1244.0,423.40799999999996,28,0.22428571428571428
OFF-EN-10004526,"GlobeWeis Mailers, Recycled",999.0,423.7125,28,0.10714285714285714
OFF-PA-10001497,Xerox 1914,957.0,423.74159999999995,19,0.08
FUR-FU-10002659,"Eldon Clock, Black",1806.0,423.8436,37,0.10500000000000001
TEC-PH-10003774,"Cisco Headset, with Caller ID",1274.0,424.416,16,0.125
OFF-BI-10004220,"Cardinal 3-Hole Punch, Recycled",1645.0,424.46999999999997,59,0.038461538461538464
TEC-PH-10004447,Toshiba IPT2010-SD IP Telephone,3614.0,425.3094,31,0.17500000000000002
TEC-CO-10002108,"Brother Personal Copier, Color",2159.0,426.8568,24,0.255
TEC-AC-10003413,"Logitech Router, Programmable",2181.0,427.69320000000005,11,0.18666666666666668
FUR-FU-10003918,"Advantus Photo Frame, Black",1152.0,427.8048,24,0.11400000000000002
TEC-PH-10000922,"Nokia Headset, with Caller ID",2300.0,428.7717,40,0.19111111111111112
TEC-MA-10003780,"Epson Card Printer, White",2273.0,429.21000000000004,15,0.11249999999999999
TEC-AC-10000420,Logitech G500s Laser Gaming Mouse with Adjustable Weight Tuning,1400.0,429.7386,21,0.05
TEC-PH-10002726,netTALK DUO VoIP Telephone Service,1113.0,430.418,26,0.17142857142857146
OFF-AR-10000475,"Sanford Canvas, Blue",1761.0,430.536,37,0.0923076923076923
TEC-CO-10002673,"Brother Fax and Copier, Laser",2153.0,430.5825,12,0.0375
OFF-ST-10002615,"Dual Level, Single-Width Filing Carts",1922.0,431.0668,13,0.04
FUR-CH-10004609,"Harbour Creations Steel Folding Chair, Adjustable",1004.0,431.4,10,0.0
OFF-ROG-10004949,"Rogers Shelving, Industrial",1531.0,431.934,25,0.04615384615384615
FUR-CH-10002573,"Office Star Executive Leather Armchair, Adjustable",3907.0,432.45,9,0.06999999999999999
TEC-PH-10003239,"Samsung Signal Booster, with Caller ID",1384.0,432.8967,12,0.11333333333333334
TEC-CO-10002911,"Hewlett Wireless Fax, Laser",2280.0,433.26,6,0.0
FUR-BO-10004844,"Sauder Corner Shelving, Mobile",1798.0,434.4,13,0.06666666666666667
OFF-BI-10000328,"Acco Binding Machine, Clear",1552.0,434.4705,34,0.11200000000000002
FUR-BUS-10001243,"Bush Classic Bookcase, Pine",1490.0,434.658,5,0.2333333333333333
OFF-AP-10001559,"KitchenAid Blender, Black",1603.0,434.9268,18,0.11000000000000001
TEC-PH-10003062,"Apple Audio Dock, Full Size",2185.0,435.5382,16,0.134
FUR-BO-10002444,"Sauder Library with Doors, Mobile",1482.0,436.89,4,0.05
OFF-AR-10004519,"Boston Canvas, Fluorescent",4313.0,437.07,86,0.075
OFF-BI-10004446,"Acco Binding Machine, Economy",1889.0,438.33,40,0.1
TEC-PH-10002392,"Nokia Signal Booster, Cordless",1023.0,439.34,11,0.0
FUR-BO-10002812,"Sauder 3-Shelf Cabinet, Pine",2252.0,440.142,14,0.04
FUR-BO-10000175,"Ikea Stackable Bookrack, Metal",1933.0,440.544,17,0.074
TEC-AC-10000990,Imation Bio 2GB USB Flash Drive Imation Corp,1050.0,440.76480000000004,8,0.0
TEC-MA-10000429,"Konica Card Printer, Red",1379.0,441.12,8,0.0
TEC-AC-10004018,"SanDisk Memory Card, USB",901.0,441.36,8,0.0
OFF-AP-10000304,"Hoover Microwave, White",1104.0,441.648,4,0.1
TEC-AC-10003857,"Memorex Keyboard, Programmable",1361.0,442.56,32,0.1
TEC-PH-10003572,"Apple Office Telephone, VoIP",1137.0,442.998,18,0.04
TEC-CO-10004125,"HP Ink, High-Speed",1351.0,443.69280000000003,16,0.002
OFF-AP-10001254,"KitchenAid Coffee Grinder, Red",1217.0,444.6063,18,0.054000000000000006
TEC-PH-10002183,"Apple Audio Dock, with Caller ID",1781.0,444.8,16,0.0
FUR-CHR-10004803,"Chromcraft Wood Table, Fully Assembled",968.0,445.26,2,0.0
TEC-AC-10002255,"Memorex Keyboard, Erganomic",2075.0,445.683,38,0.19818181818181815
TEC-SAN-10002477,"SanDisk Flash Drive, Bluetooth",1194.0,446.50800000000004,35,0.19999999999999998
FUR-SAU-10001776,"Sauder Stackable Bookrack, Pine",2058.0,447.4530000000001,17,0.16249999999999998
TEC-PH-10000560,Samsung Galaxy S III - 16GB - pebble blue (T-Mobile),1960.0,447.98720000000003,6,0.06666666666666667
OFF-AR-10000380,"Hunt PowerHouse Electric Pencil Sharpener, Blue",1619.0,448.164,44,0.06000000000000001
FUR-FU-10000965,"Howard Miller 11-1/2"" Diameter Ridgewood Wall Clock",1185.0,448.76160000000004,24,0.09999999999999999
OFF-PA-10000453,"Xerox Cards & Envelopes, 8.5 x 11",1406.0,448.99260000000004,30,0.07444444444444444
OFF-AR-10000467,"Sanford Markers, Fluorescent",1234.0,449.712,53,0.07333333333333333
OFF-SAN-10002323,"Sanford Sketch Pad, Fluorescent",1415.0,449.80199999999996,39,0.16666666666666666
TEC-HEW-10001074,"Hewlett Fax Machine, Color",1703.0,449.868,6,0.175
OFF-AP-10002090,"Hamilton Beach Refrigerator, Red",1730.0,450.0498,4,0.135
OFF-BRE-10003081,"Breville Coffee Grinder, Black",1289.0,450.45,21,0.0
OFF-ELI-10001705,"Elite Trimmer, Steel",1101.0,450.606,31,0.11666666666666665
FUR-FU-10001471,"Eldon Door Stop, Durable",1431.0,450.65459999999996,33,0.10250000000000001
TEC-CO-10004367,"Canon Wireless Fax, Digital",1510.0,450.9336,6,0.002
FUR-BO-10004806,"Safco Corner Shelving, Traditional",1748.0,451.302,14,0.11249999999999999
OFF-SAN-10003687,"Sanford Sketch Pad, Easy-Erase",1022.0,451.665,23,0.06999999999999999
OFF-BI-10002867,GBC Recycled Regency Composition Covers,1292.0,451.9368,26,0.23333333333333336
OFF-ST-10004368,"Tenex Trays, Industrial",1253.0,452.86400000000003,36,0.08888888888888889
OFF-SME-10000746,"Smead Lockers, Industrial",4178.0,453.18,26,0.17272727272727273
FUR-BO-10001295,"Safco Floating Shelf Set, Traditional",1233.0,453.664,11,0.13333333333333333
OFF-PA-10000482,"Snap-A-Way Black Print Carbonless Ruled Speed Letter, Triplicate",1017.0,453.7624,28,0.03333333333333333
TEC-AC-10003895,"Enermax Mouse, Bluetooth",1313.0,453.8253,38,0.18625
TEC-PH-10000214,"Apple Speaker Phone, VoIP",1431.0,453.924,12,0.06666666666666667
TEC-MA-10003261,"Panasonic Phone, Durable",1142.0,454.21200000000005,15,0.16999999999999998
TEC-MA-10000161,"Konica Receipt Printer, Durable",2019.0,454.725,18,0.09
OFF-AP-10004512,"Hoover Stove, Red",1024.0,454.746,2,0.1
FUR-BO-10000259,"Safco Classic Bookcase, Traditional",1752.0,455.64,4,0.0
OFF-AR-10002816,"Boston Canvas, Blue",2225.0,455.93999999999994,44,0.05454545454545454
OFF-BI-10001622,"Acco 3-Hole Punch, Durable",1352.0,457.656,48,0.06666666666666667
FUR-HON-10003950,"Hon Coffee Table, Adjustable Height",954.0,458.01,3,0.0
FUR-CH-10001150,"SAFCO Steel Folding Chair, Red",1140.0,458.193,15,0.125
TEC-STA-10003081,"StarTech Phone, White",1320.0,459.033,20,0.21666666666666665
OFF-ST-10000988,"Fellowes Folders, Blue",1214.0,459.36,57,0.15882352941176472
TEC-PH-10001354,"Motorola Speaker Phone, Full Size",3951.0,459.7004999999999,37,0.126
TEC-AC-10001076,"Memorex Keyboard, USB",1003.0,460.74,21,0.0
FUR-CH-10002085,"Novimex Steel Folding Chair, Red",1726.0,460.8,27,0.21000000000000002
OFF-AR-10001418,"BIC Markers, Easy-Erase",2019.0,460.89000000000004,81,0.05500000000000001
OFF-PA-10001815,Xerox 1885,960.0,461.184,20,0.0
TEC-AC-10002883,"Logitech Keyboard, Erganomic",1332.0,461.4696,21,0.13399999999999998
TEC-PH-10004680,"Samsung Speaker Phone, with Caller ID",1208.0,461.952,11,0.19999999999999998
OFF-AP-10000729,"KitchenAid Refrigerator, White",1872.0,462.8448,4,0.09000000000000001
FUR-BO-10001133,"Ikea Classic Bookcase, Mobile",2155.0,463.824,6,0.13333333333333333
TEC-MA-10003183,DYMO CardScan Personal V9 Business Card Scanner,1344.0,463.971,11,0.3
TEC-AC-10001754,"SanDisk Memory Card, Bluetooth",1350.0,464.52,20,0.13333333333333333
TEC-KON-10002034,"Konica Receipt Printer, Wireless",2323.0,464.55,19,0.0
OFF-SAN-10004881,"Sanford Pencil Sharpener, Easy-Erase",1183.0,465.153,53,0.21052631578947367
OFF-ST-10000020,"Fellowes Folders, Single Width",1277.0,465.36899999999997,52,0.1
TEC-MA-10002871,"Panasonic Receipt Printer, Red",1687.0,465.91499999999996,15,0.08571428571428572
FUR-CH-10004242,"Office Star Steel Folding Chair, Black",1240.0,466.17600000000004,24,0.2
OFF-SU-10004662,"Fiskars Trimmer, Easy Grip",1254.0,466.464,44,0.05
OFF-PA-10000474,Staples,1104.0,467.0992,34,0.08333333333333333
FUR-BO-10002510,"Safco 3-Shelf Cabinet, Traditional",3614.0,467.466,23,0.06666666666666667
OFF-PA-10004027,"Xerox Cards & Envelopes, Recycled",1019.0,467.84,34,0.0
TEC-PH-10001708,"Cisco Audio Dock, with Caller ID",3167.0,469.63800000000003,19,0.13999999999999999
TEC-APP-10001965,"Apple Office Telephone, Full Size",1179.0,469.779,19,0.25999999999999995
OFF-AR-10001672,"Boston Sketch Pad, Easy-Erase",2380.0,470.919,55,0.13333333333333333
OFF-EN-10003498,"Cameo Interoffice Envelope, Recycled",1491.0,471.3675,35,0.06875
FUR-BO-10000208,"Bush Stackable Bookrack, Mobile",2162.0,471.37500000000006,19,0.125
OFF-TEN-10003089,"Tenex File Cart, Blue",2981.0,471.39,23,0.04615384615384615
OFF-ST-10002271,"Rogers Shelving, Wire Frame",3177.0,472.92,64,0.2111111111111111
OFF-ST-10000046,Fellowes Super Stor/Drawer Files,4006.0,473.3415,27,0.06666666666666668
OFF-SAN-10002839,"Sanford Canvas, Fluorescent",1391.0,473.784,28,0.0923076923076923
TEC-CO-10002465,"HP Copy Machine, Color",968.0,474.0,4,0.0
OFF-AR-10000727,"Stanley Canvas, Easy-Erase",1986.0,476.4,40,0.0
TEC-PH-10001382,"Apple Office Telephone, Cordless",1431.0,476.49,28,0.225
OFF-AP-10000938,Avanti 1.7 Cu. Ft. Refrigerator,2222.0,476.6256,24,0.1
TEC-AC-10003666,"Memorex Router, Bluetooth",2462.0,477.3900000000001,13,0.125
TEC-MA-10003198,"Konica Phone, White",1742.0,477.99,23,0.15
TEC-AC-10001410,"Memorex Memory Card, Bluetooth",1773.0,478.40000000000003,26,0.0
TEC-PH-10000441,VTech DS6151,2748.0,478.762,25,0.125
OFF-KIT-10003611,"KitchenAid Stove, Red",1710.0,478.89,3,0.0
TEC-SAM-10000765,"Samsung Signal Booster, Full Size",1626.0,479.784,16,0.26249999999999996
TEC-AC-10002402,Razer Kraken PRO Over Ear PC and Music Headset,2160.0,479.94000000000005,30,0.1
FUR-CH-10003760,"Office Star Bag Chairs, Set of Two",1323.0,480.0879,27,0.165
TEC-CO-10002063,"Sharp Fax Machine, Color",3755.0,481.53371999999996,19,0.002
OFF-TEN-10000025,"Tenex Lockers, Blue",4408.0,481.56000000000006,26,0.08666666666666667
OFF-SU-10000556,"Kleencut Shears, Steel",1120.0,482.512,37,0.028571428571428574
TEC-PH-10002200,Aastra 6757i CT Wireless VoIP phone,2931.0,482.5856,16,0.16666666666666666
OFF-TEN-10001480,"Tenex Trays, Single Width",1323.0,482.70599999999996,25,0.08571428571428572
TEC-PH-10001557,Pyle PMP37LED,2516.0,482.8297,29,0.08888888888888889
TEC-PH-10004614,"Cisco Headset, Full Size",1728.0,483.0525,21,0.125
FUR-NOV-10004602,"Novimex Executive Leather Armchair, Red",1380.0,483.21,3,0.0
OFF-ST-10004340,"Fellowes Mobile File Cart, Black",2300.0,485.004,40,0.06000000000000001
OFF-ST-10001631,"Tenex Trays, Blue",1305.0,485.11469999999997,27,0.09000000000000001
TEC-PH-10003072,Panasonic KX-TG9541B DECT 6.0 Digital 2-Line Expandable Cordless Phone With Digital Answering System,1710.0,485.9676,16,0.25
OFF-ST-10004367,"Rogers Trays, Blue",2217.0,486.312,40,0.12
FUR-FU-10001477,"Deflect-O Frame, Erganomic",3825.0,487.062,37,0.037500000000000006
TEC-PH-10003620,"Apple Signal Booster, Cordless",4255.0,487.71000000000004,36,0.175
FUR-BO-10003738,"Dania Library with Doors, Mobile",2737.0,488.82,8,0.05
OFF-HOO-10000445,"Hoover Refrigerator, Black",1578.0,488.88,3,0.0
TEC-CO-10002055,"Hewlett Ink, Digital",1224.0,489.24,9,0.049999999999999996
OFF-BI-10004519,GBC DocuBind P100 Manual Binding Machine,2954.0,489.641,27,0.25
FUR-BO-10003828,"Bush 3-Shelf Cabinet, Metal",2114.0,491.00399999999996,16,0.05000000000000001
FUR-CH-10001854,Office Star - Professional Matrix Back Chair with 2-to-1 Synchro Tilt and Mesh Fabric Seat,3159.0,491.37200000000007,10,0.08
FUR-CH-10001394,Global Leather Executive Chair,2949.0,491.38599999999997,10,0.16
OFF-AR-10001228,"Stanley Markers, Water Color",1853.0,491.94,80,0.08823529411764706
FUR-CH-10000660,"Novimex Executive Leather Armchair, Adjustable",2064.0,491.9556,5,0.12333333333333334
TEC-CO-10004605,"HP Copy Machine, Color",1118.0,492.5928,5,0.085
OFF-PA-10004071,"Eaton Premium Continuous-Feed Paper, 25% Cotton, Letter Size, White, 1000 Shts/Box",1097.0,492.6624,21,0.06000000000000001
FUR-BO-10000636,"Dania Floating Shelf Set, Metal",1688.0,492.9,18,0.12000000000000002
FUR-FU-10001770,"Deflect-O Clock, Erganomic",1203.0,493.26869999999997,29,0.15444444444444447
FUR-CH-10004826,"Hon Steel Folding Chair, Set of Two",1048.0,493.4151,13,0.074
FUR-BO-10003541,"Bush Classic Bookcase, Metal",1855.0,494.42999999999995,5,0.10000000000000002
TEC-MA-10003801,"StarTech Card Printer, Red",1767.0,494.66999999999996,11,0.0
TEC-MA-10004421,"Konica Inkjet, Wireless",1161.0,495.372,4,0.05
TEC-BRO-10004328,"Brother Fax Machine, Color",1376.0,495.86400000000003,5,0.13999999999999999
FUR-CH-10003107,"Office Star Swivel Stool, Red",3085.0,496.036,31,0.1
TEC-MA-10001934,"StarTech Printer, Red",1507.0,496.31399999999996,7,0.15
TEC-CO-10004831,"Brother Copy Machine, High-Speed",4746.0,496.5004,30,0.10200000000000001
TEC-PH-10003522,"Apple Headset, Full Size",1154.0,496.88,24,0.05
OFF-BI-10000734,"Avery Binding Machine, Recycled",1253.0,497.25,27,0.0625
TEC-CO-10002427,"Canon Copy Machine, Laser",2231.0,497.57568,16,0.20200000000000004
OFF-PA-10003302,Xerox 1906,1099.0,497.5776,32,0.05714285714285715
OFF-ST-10003018,"Smead File Cart, Industrial",2902.0,497.88,26,0.1
TEC-AC-10001606,Logitech Wireless Performance Mouse MX for PC and Mac,1800.0,497.9502,21,0.1142857142857143
FUR-BO-10001010,"Dania Corner Shelving, Mobile",2267.0,498.13800000000003,20,0.1
FUR-BO-10001501,"Bush Classic Bookcase, Metal",2144.0,498.618,7,0.25
FUR-IKE-10004160,"Ikea Stackable Bookrack, Traditional",1348.0,498.63,11,0.0
TEC-PH-10000730,"Samsung Office Telephone, VoIP",1111.0,499.29,17,0.0
FUR-CH-10002084,Hon Mobius Operator's Chair,2706.0,499.3394,23,0.04
FUR-CH-10004218,"Global Fabric Manager's Chair, Dark Gray",3151.0,499.851,35,0.13333333333333333
FUR-BO-10001831,"Sauder Floating Shelf Set, Metal",2270.0,500.50800000000004,12,0.025
TEC-CO-10001795,"Sharp Personal Copier, High-Speed",1477.0,501.0,14,0.09999999999999999
FUR-BO-10001216,"Sauder 3-Shelf Cabinet, Mobile",2127.0,502.524,16,0.1925
OFF-AP-10000119,"Breville Microwave, White",1200.0,503.64,6,0.0
FUR-FU-10001674,"Deflect-O Clock, Duo Pack",1364.0,504.1959,31,0.148
OFF-ST-10003206,"Eldon Shelving, Blue",1199.0,504.5508,27,0.074
FUR-BO-10004773,"Ikea Floating Shelf Set, Mobile",2127.0,504.558,14,0.07500000000000001
FUR-BO-10002632,"Sauder Corner Shelving, Pine",3360.0,505.40999999999997,24,0.06666666666666667
TEC-PH-10002310,Plantronics Calisto P620-M USB Wireless Speakerphone System,2509.0,505.6542,14,0.1
TEC-CO-10000222,"Sharp Fax and Copier, Color",2014.0,505.66032,19,0.162
OFF-EN-10002855,"Kraft Interoffice Envelope, Security-Tint",1157.0,505.776,36,0.05714285714285715
TEC-PH-10001640,"Motorola Office Telephone, Full Size",1325.0,506.7675,19,0.05666666666666667
FUR-HON-10001851,"Hon Executive Leather Armchair, Black",1371.0,507.41999999999996,3,0.0
FUR-FU-10000496,"Eldon Clock, Duo Pack",1288.0,507.7608,26,0.1542857142857143
TEC-SAN-10003238,"SanDisk Router, Erganomic",1270.0,508.2,5,0.0
TEC-MA-10002389,"StarTech Receipt Printer, White",2379.0,508.8117,22,0.0425
TEC-BRO-10000917,"Brother Fax Machine, Digital",1590.0,508.95000000000005,5,0.0
TEC-CO-10001678,"Brother Fax Machine, Digital",1591.0,508.95000000000005,5,0.0
TEC-CIS-10000758,"Cisco Smart Phone, Full Size",1959.0,509.04,3,0.0
FUR-CH-10003581,"Hon Executive Leather Armchair, Adjustable",2256.0,509.1816,6,0.14250000000000002
FUR-BO-10000155,"Dania Corner Shelving, Metal",1799.0,509.84400000000005,20,0.3
TEC-CO-10000967,"HP Fax Machine, Laser",1950.0,509.85,8,0.16666666666666666
TEC-AC-10001908,Logitech Wireless Headset h800,1680.0,509.94899999999996,18,0.04
OFF-ST-10001932,Fellowes Staxonsteel Drawer Files,4831.0,509.9688,26,0.028571428571428574
FUR-SAU-10000637,"Sauder Library with Doors, Metal",1548.0,510.84,4,0.0
FUR-BO-10000746,"Ikea Corner Shelving, Mobile",1323.0,511.19599999999997,17,0.08
FUR-FU-10000972,"Rubbermaid Clock, Erganomic",1025.0,512.19,21,0.0
TEC-ENE-10004627,"Enermax Router, Erganomic",1280.0,512.25,5,0.0
FUR-BO-10003873,"Safco Library with Doors, Mobile",1727.0,512.564,8,0.13333333333333333
FUR-CH-10001664,"Novimex Swivel Stool, Black",5315.0,513.3843,38,0.1109090909090909
FUR-CH-10003746,Hon 4070 Series Pagoda Round Back Stacking Chairs,3980.0,513.568,15,0.16666666666666666
OFF-AR-10000715,"Boston Markers, Blue",1464.0,513.765,61,0.1111111111111111
FUR-CH-10000155,Global Comet Stacking Armless Chair,3528.0,514.366,14,0.16666666666666666
FUR-CH-10000825,"SAFCO Chairmat, Red",1645.0,514.4364,31,0.13
OFF-EN-10002230,Airmail Envelopes,1360.0,514.4909,19,0.13333333333333333
TEC-CAN-10001437,"Canon Wireless Fax, Laser",1288.0,514.884,4,0.15
TEC-AC-10002800,Plantronics Audio 478 Stereo USB Headset,1620.0,514.8969999999999,34,0.06666666666666668
OFF-SAN-10004420,"Sanford Sketch Pad, Water Color",1213.0,515.034,27,0.13999999999999999
TEC-AC-10002567,Logitech G602 Wireless Gaming Mouse,2000.0,515.1356000000001,29,0.1111111111111111
TEC-PH-10003416,"Samsung Office Telephone, with Caller ID",1556.0,515.384,38,0.03333333333333333
TEC-PH-10004631,"Cisco Audio Dock, with Caller ID",1481.0,515.736,15,0.13333333333333333
TEC-AC-10003610,Logitech Illuminated - Keyboard,1140.0,515.914,20,0.03333333333333333
FUR-CH-10004047,"SAFCO Rocking Chair, Adjustable",1923.0,516.24,16,0.1
FUR-BO-10003878,"Safco Corner Shelving, Mobile",1368.0,516.72,10,0.1
FUR-TA-10003268,"Lesro Round Table, Rectangular",1776.0,516.891,5,0.175
FUR-CH-10004491,"SAFCO Swivel Stool, Adjustable",1828.0,518.0496,12,0.074
OFF-EN-10003381,"Cameo Manila Envelope, Security-Tint",1060.0,518.4,36,0.0
FUR-BO-10000961,"Bush Stackable Bookrack, Pine",2198.0,519.216,21,0.13999999999999999
FUR-BO-10004452,"Bush Classic Bookcase, Pine",1545.0,521.6120000000001,7,0.2
TEC-PH-10000270,"Apple Office Telephone, VoIP",2181.0,521.628,41,0.22777777777777775
OFF-AR-10000659,"BIC Pencil Sharpener, Fluorescent",1603.0,522.3629999999999,54,0.04285714285714286
FUR-BO-10004842,"Dania 3-Shelf Cabinet, Pine",1654.0,522.504,12,0.035
FUR-BO-10002324,"Sauder Stackable Bookrack, Pine",1771.0,523.488,19,0.1
OFF-LA-10003510,"Avery 4027 File Folder Labels for Dot Matrix Printers, 5000 Labels per Box, White",1233.0,524.5054,43,0.09090909090909091
TEC-CO-10003346,"Brother Wireless Fax, Digital",2518.0,524.754,10,0.002
FUR-CH-10004009,"SAFCO Rocking Chair, Set of Two",2744.0,524.97,21,0.08333333333333333
TEC-BEL-10003985,"Belkin Router, USB",3135.0,525.6659999999999,19,0.2222222222222222
TEC-CO-10003002,"Canon Personal Copier, Digital",3125.0,525.69528,33,0.002
FUR-CH-10002335,Hon GuestStacker Chair,4216.0,525.8744,22,0.14285714285714285
OFF-PA-10000806,Xerox 1934,1098.0,526.212,20,0.04
OFF-AR-10000594,"Binney & Smith Highlighters, Water Color",1333.0,526.221,70,0.08
TEC-CO-10002284,"Hewlett Copy Machine, Color",3327.0,527.2905000000001,16,0.19166666666666665
OFF-AR-10001269,"BIC Markers, Water Color",1509.0,527.85,51,0.0
TEC-CO-10004535,"Hewlett Fax Machine, High-Speed",1546.0,528.0132,5,0.035
TEC-AC-10002049,Logitech G19 Programmable Gaming Keyboard,3274.0,528.1974,27,0.028571428571428574
TEC-AC-10001254,"Enermax Memory Card, Programmable",1944.0,530.4342,20,0.1425
TEC-CO-10000791,"Sharp Personal Copier, Laser",2346.0,531.5999999999999,24,0.19142857142857145
TEC-AC-10004012,"Enermax Flash Drive, Erganomic",1608.0,533.6205,47,0.1758333333333333
OFF-AP-10001548,"Hoover Toaster, Silver",1296.0,533.98,25,0.06666666666666667
FUR-CH-10004196,"Novimex Swivel Stool, Red",3864.0,534.09,27,0.12000000000000001
TEC-PH-10002104,"Cisco Speaker Phone, Cordless",2441.0,534.1191,19,0.10400000000000001
TEC-CO-10002040,"Brother Fax Machine, Digital",1272.0,534.48,4,0.0
TEC-AC-10003628,Logitech 910-002974 M325 Wireless Mouse for Web Scrolling,1410.0,536.2212,52,0.09333333333333334
FUR-FU-10003664,"Tenex Frame, Erganomic",1629.0,537.3,15,0.0
OFF-BI-10000089,"Wilson Jones 3-Hole Punch, Recycled",1348.0,537.432,56,0.13583333333333333
OFF-ST-10002161,"Tenex Trays, Single Width",1608.0,537.6936,34,0.14875
OFF-PA-10000357,Xerox 1888,1231.0,539.2656,24,0.06666666666666667
TEC-PH-10001944,Wi-Ex zBoost YX540 Cellular Phone Signal Booster,2482.0,540.015,19,0.10000000000000002
TEC-PH-10002079,"Motorola Headset, with Caller ID",1930.0,540.528,26,0.13
FUR-BO-10001392,"Sauder Classic Bookcase, Traditional",1570.0,540.564,4,0.1
TEC-AC-10000736,Logitech G600 MMO Gaming Mouse,1616.0,540.7324,21,0.025
FUR-BO-10003022,"Dania 3-Shelf Cabinet, Metal",1550.0,542.19,11,0.0
OFF-ST-10004183,"Rogers Trays, Wire Frame",1464.0,542.5074999999999,23,0.06166666666666667
OFF-PA-10001878,Xerox 1891,1322.0,542.9010000000001,30,0.05714285714285715
OFF-BI-10002225,"Cardinal Binding Machine, Durable",1743.0,543.3000000000001,36,0.09090909090909091
TEC-CO-10002998,"Sharp Ink, Laser",1822.0,543.71064,22,0.002
TEC-PH-10003683,"Motorola Audio Dock, VoIP",4978.0,543.822,36,0.1875
TEC-AC-10003911,NETGEAR AC1750 Dual Band Gigabit Smart WiFi Router,1600.0,543.966,10,0.0
OFF-AVE-10003549,"Avery Binding Machine, Recycled",1358.0,544.47,29,0.07777777777777778
TEC-CO-10000013,"Brother Fax Machine, Laser",3552.0,544.521,16,0.16
FUR-CH-10002585,"Harbour Creations Executive Leather Armchair, Black",2225.0,544.617,5,0.06666666666666667
FUR-IKE-10001301,"Ikea Stackable Bookrack, Pine",1166.0,545.142,10,0.12
FUR-CH-10004675,"Lifetime Advantage Folding Chairs, 4/Carton",3684.0,545.1999999999999,20,0.16666666666666666
TEC-CO-10000051,"Sharp Wireless Fax, Color",1189.0,545.5176,5,0.002
TEC-CO-10002657,"Canon Copy Machine, High-Speed",2320.0,547.04432,14,0.122
OFF-PA-10001289,White Computer Printout Paper by Universal,1279.0,547.6788,37,0.1
FUR-BO-10000610,"Ikea Stackable Bookrack, Mobile",1377.0,547.821,13,0.11
TEC-PH-10003691,BlackBerry Q10,3099.0,548.0565,27,0.06666666666666667
FUR-CH-10000595,Safco Contoured Stacking Chairs,3766.0,548.3199999999999,18,0.1285714285714286
OFF-BI-10002562,"Ibico Binding Machine, Durable",1582.0,549.072,33,0.08800000000000001
TEC-CO-10001580,"HP Ink, Digital",1623.0,549.26872,19,0.002
TEC-CO-10004997,"Hewlett Wireless Fax, Color",1145.0,549.54,3,0.0
OFF-AP-10001005,Honeywell Quietcare HEPA Air Cleaner,1762.0,549.7635,23,0.05000000000000001
OFF-ST-10004017,"Smead Trays, Industrial",1162.0,550.704,36,0.025
FUR-BO-10003007,"Ikea Stackable Bookrack, Metal",2806.0,551.16,24,0.05000000000000001
OFF-ST-10002176,"Smead File Cart, Single Width",1199.0,551.3199999999999,14,0.0
OFF-FEL-10001865,"Fellowes File Cart, Wire Frame",5400.0,551.4480000000001,45,0.09999999999999999
FUR-CH-10004331,"SAFCO Rocking Chair, Red",3235.0,551.6727,28,0.12666666666666668
FUR-SAF-10001136,"SAFCO Swivel Stool, Adjustable",1261.0,551.982,8,0.15
FUR-BO-10002782,"Safco Corner Shelving, Traditional",1814.0,552.588,23,0.20000000000000004
TEC-AC-10002664,"SanDisk Keyboard, Programmable",2015.0,552.848,40,0.08
TEC-CO-10001382,"HP Personal Copier, Laser",1839.0,552.942,15,0.025
TEC-PH-10003488,"Nokia Signal Booster, VoIP",3388.0,553.182,25,0.016666666666666666
TEC-CO-10002113,"Canon Ink, Digital",1973.0,554.32188,21,0.102
TEC-CO-10001756,"Canon Personal Copier, Color",1669.0,554.67544,19,0.06866666666666667
TEC-MA-10001859,"Okidata Printer, Wireless",1790.0,554.8,10,0.0
TEC-AC-10002926,Logitech Wireless Marathon Mouse M705,1410.0,554.889,30,0.05
TEC-MA-10002701,"Konica Inkjet, Durable",1778.0,554.925,7,0.175
TEC-AC-10003367,"Enermax Memory Card, Programmable",1421.0,555.984,20,0.06666666666666667
TEC-CO-10001413,"Hewlett Wireless Fax, High-Speed",1135.0,556.2,3,0.0
TEC-CO-10000775,"Sharp Fax and Copier, Laser",1391.0,556.38,9,0.075
OFF-AP-10001274,"Hoover Microwave, Black",1435.0,557.5062,5,0.085
FUR-CH-10000343,"Hon Executive Leather Armchair, Black",2804.0,557.592,11,0.16
OFF-BI-10004651,"Cardinal Binding Machine, Clear",1383.0,557.9607,31,0.08600000000000001
OFF-AR-10001110,"BIC Pencil Sharpener, Water Color",1658.0,558.885,55,0.08333333333333333
OFF-EN-10003001,Ames Color-File Green Diamond Border X-ray Mailers,1361.0,559.3068000000001,18,0.05
OFF-BI-10004801,"Acco Binding Machine, Durable",2441.0,560.646,47,0.008333333333333333
FUR-FU-10002525,"Deflect-O Door Stop, Erganomic",1419.0,561.2895,38,0.10571428571428572
TEC-CO-10003448,"Canon Ink, Laser",1515.0,562.0050000000001,12,0.125
TEC-SHA-10002696,"Sharp Ink, Color",1296.0,562.335,11,0.175
OFF-BI-10001071,GBC ProClick Punch Binding System,1574.0,562.3842000000001,31,0.24285714285714285
TEC-CO-10003158,"Sharp Wireless Fax, Laser",2414.0,563.14672,13,0.13533333333333333
TEC-OKI-10004735,"Okidata Receipt Printer, Wireless",2091.0,564.06,17,0.0
TEC-CO-10002768,"Sharp Fax Machine, High-Speed",1956.0,564.082,10,0.002
FUR-CH-10001343,"SAFCO Swivel Stool, Set of Two",2540.0,564.9839999999999,26,0.10000000000000002
FUR-CH-10002207,"Hon Chairmat, Set of Two",1409.0,567.0564,26,0.09000000000000001
FUR-BO-10003028,"Sauder 3-Shelf Cabinet, Mobile",2167.0,568.32,16,0.12
FUR-CH-10002468,"Hon Rocking Chair, Adjustable",2835.0,569.283,23,0.09285714285714286
FUR-FU-10000526,"Deflect-O Frame, Durable",1424.0,569.331,14,0.05
OFF-BI-10001718,GBC DocuBind P50 Personal Binding Machine,2267.0,569.422,50,0.33999999999999997
FUR-BO-10001860,"Sauder Corner Shelving, Traditional",2457.0,569.691,20,0.148
FUR-CH-10000326,"SAFCO Rocking Chair, Red",1980.0,569.82,27,0.2
FUR-FU-10004665,"3M Polarizing Task Lamp with Clamp Arm, Light Gray",2192.0,569.8368,16,0.0
OFF-EN-10003296,Tyvek Side-Opening Peel & Seel Expanding Envelopes,1266.0,570.024,14,0.0
TEC-CO-10002700,"Hewlett Fax and Copier, Digital",2048.0,570.29976,18,0.10200000000000002
FUR-DAN-10001584,"Dania Stackable Bookrack, Pine",1240.0,570.9000000000001,10,0.0
TEC-PH-10001336,Digium D40 VoIP phone,3044.0,571.4257,27,0.1111111111111111
OFF-ST-10000130,"Eldon Trays, Wire Frame",2351.0,571.98,62,0.23571428571428574
OFF-BOS-10002472,"Boston Sketch Pad, Blue",1681.0,572.76,40,0.1857142857142857
FUR-BO-10001385,"Sauder Corner Shelving, Metal",2053.0,573.5724,18,0.13
FUR-CH-10000665,"Global Airflow Leather Mesh Back Chair, Black",3955.0,573.7239999999999,32,0.15555555555555556
OFF-AR-10000110,"Binney & Smith Sketch Pad, Blue",3902.0,574.014,97,0.09545454545454546
TEC-CO-10001703,"Brother Fax and Copier, High-Speed",1972.0,574.566,11,0.05
OFF-PA-10003228,Xerox 1917,1224.0,574.6925,25,0.0
OFF-FEL-10004665,"Fellowes Lockers, Blue",6406.0,575.397,38,0.1733333333333333
OFF-ST-10000127,"Fellowes Shelving, Wire Frame",2055.0,576.0509999999999,44,0.22000000000000003
OFF-AR-10004881,"Stanley Sketch Pad, Blue",1768.0,576.714,40,0.01
OFF-ST-10002659,"Smead Shelving, Wire Frame",1642.0,578.88,41,0.1846153846153846
FUR-BO-10002383,"Sauder Floating Shelf Set, Pine",4779.0,579.732,48,0.23636363636363636
TEC-MA-10003441,"Okidata Inkjet, Wireless",1476.0,581.0699999999999,5,0.05
OFF-BIC-10001823,"BIC Canvas, Fluorescent",1726.0,582.384,32,0.08571428571428572
OFF-ST-10004377,"Rogers File Cart, Single Width",8128.0,582.522,72,0.1823529411764706
FUR-FU-10002696,"Eldon Frame, Durable",2705.0,582.796,39,0.13333333333333336
TEC-AC-10002219,"SanDisk Memory Card, Programmable",1732.0,582.872,28,0.20000000000000004
FUR-BO-10000210,"Ikea Library with Doors, Pine",2115.0,583.512,6,0.03333333333333333
TEC-CO-10001630,"Canon Personal Copier, Digital",1461.0,583.6788,11,0.0675
TEC-CO-10001978,"Hewlett Fax and Copier, High-Speed",1399.0,585.47764,11,0.002
TEC-CO-10002197,"Hewlett Fax and Copier, High-Speed",2245.0,586.4925,14,0.1675
TEC-CO-10002857,"Sharp Fax and Copier, Color",1887.0,586.494,15,0.2
TEC-PH-10004675,"Nokia Audio Dock, VoIP",2659.0,586.7502000000001,18,0.11285714285714286
TEC-MA-10002680,"Konica Inkjet, White",3219.0,586.9524,11,0.0675
TEC-CO-10001468,"Brother Fax Machine, Digital",2752.0,587.2964,15,0.13533333333333333
TEC-CO-10001157,"Hewlett Personal Copier, Color",1790.0,588.3759,15,0.124
TEC-KON-10003211,"Konica Inkjet, White",1553.0,590.0999999999999,5,0.0
TEC-CO-10000953,"HP Wireless Fax, Laser",2666.0,590.514,8,0.06666666666666667
TEC-PH-10001760,Bose SoundLink Bluetooth Speaker,1751.0,591.03,11,0.2
FUR-CH-10003982,"Harbour Creations Swivel Stool, Adjustable",2921.0,591.3,33,0.225
OFF-ST-10000710,"Smead Shelving, Blue",2750.0,591.486,63,0.12000000000000001
FUR-SAU-10003933,"Sauder Classic Bookcase, Mobile",1316.0,591.9300000000001,3,0.0
TEC-PH-10003601,"Ativa D5772 2-Line 5.8GHz Digital Expandable Corded/Cordless Phone System with Answering & Caller ID/Call Waiting, Black/Silver",1980.0,593.964,12,0.0
FUR-BO-10003991,"Bush Classic Bookcase, Traditional",1568.0,594.144,4,0.05
FUR-CH-10003009,"Novimex Swivel Stool, Adjustable",2849.0,594.207,18,0.07125000000000001
OFF-BI-10004195,"Wilson Jones Binding Machine, Clear",2494.0,595.23,56,0.041666666666666664
FUR-CH-10004792,"SAFCO Swivel Stool, Set of Two",1652.0,595.443,10,0.03333333333333333
TEC-MA-10000606,"Epson Phone, Wireless",1296.0,595.6800000000001,16,0.0
TEC-CO-10001375,"Brother Copy Machine, Color",1648.0,596.0025,7,0.09999999999999999
TEC-CO-10003777,"Hewlett Copy Machine, Color",3741.0,596.7036,15,0.048
FUR-BO-10003706,"Sauder Stackable Bookrack, Pine",1598.0,596.8443,13,0.17833333333333334
TEC-PH-10001664,"Motorola Office Telephone, VoIP",1887.0,597.7425,32,0.21875
FUR-BO-10002300,"Dania Classic Bookcase, Traditional",2136.0,599.692,11,0.30000000000000004
FUR-CH-10000430,"SAFCO Rocking Chair, Set of Two",2742.0,600.1800000000001,33,0.08571428571428573
FUR-BO-10004423,"Ikea Corner Shelving, Pine",1593.0,600.228,23,0.16666666666666666
FUR-FU-10001410,"Tenex Frame, Black",1408.0,600.944,20,0.08
FUR-CH-10004194,"Harbour Creations Steel Folding Chair, Set of Two",1521.0,601.7280000000001,26,0.17142857142857146
FUR-CH-10002555,"Novimex Rocking Chair, Black",2873.0,602.0,40,0.17777777777777778
FUR-FU-10002919,"Rubbermaid Frame, Erganomic",1628.0,602.1,15,0.0
TEC-PH-10003312,"Cisco Office Telephone, VoIP",1965.0,602.3199999999999,43,0.16
TEC-PH-10000169,"Apple Smart Phone, with Caller ID",1832.0,602.742,4,0.13333333333333333
FUR-BO-10003559,"Sauder Stackable Bookrack, Pine",2271.0,602.9879999999999,18,0.11428571428571428
TEC-OKI-10003124,"Okidata Inkjet, Wireless",1696.0,603.0,6,0.12
TEC-CAN-10004354,"Canon Ink, Laser",1383.0,603.21,10,0.12
TEC-PH-10004271,"Cisco Speaker Phone, VoIP",2183.0,604.0274999999999,17,0.08
TEC-AC-10002308,"Belkin Memory Card, Erganomic",2327.0,605.12,31,0.0
TEC-CO-10000794,"Hewlett Wireless Fax, High-Speed",1513.0,605.4,4,0.0
FUR-CH-10003910,"Harbour Creations Chairmat, Adjustable",1648.0,605.9586,25,0.12
OFF-ST-10001526,Iceberg Mobile Mega Data/Printer Cart ,2743.0,606.4632,24,0.03333333333333333
FUR-CH-10002344,"Novimex Rocking Chair, Adjustable",1635.0,606.564,13,0.05
TEC-MA-10000433,"Epson Inkjet, Durable",1840.0,606.96,6,0.0
TEC-SHA-10004083,"Sharp Fax and Copier, Laser",1348.0,606.96,8,0.0
FUR-CH-10000105,"Novimex Bag Chairs, Black",1647.0,607.6959999999999,64,0.16923076923076924
FUR-CHR-10001570,"Chromcraft Conference Table, Rectangular",1740.0,609.12,2,0.0
TEC-STA-10000893,"StarTech Inkjet, White",1615.0,609.768,6,0.15
FUR-BO-10004230,"Bush Corner Shelving, Metal",1628.0,609.78,14,0.04
FUR-DAN-10002314,"Dania Stackable Bookrack, Traditional",1452.0,609.84,12,0.0
TEC-CO-10001042,"Sharp Fax and Copier, High-Speed",1731.0,610.2016,16,0.082
FUR-CH-10002117,"Hon Steel Folding Chair, Red",2428.0,610.3044,36,0.17285714285714285
FUR-FU-10001942,"Eldon Frame, Duo Pack",2403.0,610.5615,22,0.054000000000000006
TEC-SHA-10001231,"Sharp Wireless Fax, Color",2287.0,610.884,7,0.12
TEC-PH-10003011,"Cisco Audio Dock, Full Size",2297.0,610.912,20,0.1142857142857143
OFF-HOO-10003338,"Hoover Blender, Silver",1651.0,610.98,17,0.0
OFF-ST-10004597,"Eldon File Cart, Industrial",2900.0,613.24,40,0.15000000000000002
OFF-ST-10002340,"Fellowes Shelving, Industrial",1625.0,614.3580000000001,31,0.11818181818181818
TEC-AC-10002884,"Belkin Keyboard, USB",1992.0,615.453,26,0.09999999999999999
TEC-MA-10001261,"Konica Printer, Wireless",1340.0,615.9000000000001,5,0.0
OFF-AR-10004739,"BIC Canvas, Easy-Erase",2187.0,617.625,44,0.05
TEC-CO-10002617,"Brother Fax Machine, High-Speed",1474.0,617.80376,7,0.002
TEC-CO-10001407,"Canon Ink, Digital",3041.0,619.2888,22,0.06285714285714286
OFF-PA-10001033,Xerox 1893,1435.0,619.3589,39,0.09090909090909091
TEC-MA-10002471,"Epson Phone, Durable",1270.0,620.9094,16,0.05666666666666667
TEC-AC-10000892,NETGEAR N750 Dual Band Wi-Fi Gigabit Router,1890.0,622.8,22,0.05714285714285715
OFF-ST-10002263,"Rogers Trays, Wire Frame",1956.0,623.5799999999999,43,0.26666666666666666
OFF-BI-10000346,"Ibico 3-Hole Punch, Clear",1720.0,623.655,61,0.1
OFF-AP-10004245,"Hoover Stove, Black",1893.0,624.6,5,0.0
OFF-AR-10000184,"Boston Pencil Sharpener, Water Color",1494.0,625.725,54,0.09090909090909091
FUR-BO-10000411,"Sauder Floating Shelf Set, Metal",1785.0,625.808,16,0.13333333333333333
TEC-PH-10003823,"Apple Headset, Full Size",1853.0,626.0985000000001,27,0.08875000000000001
TEC-LOG-10003651,"Logitech Router, Programmable",1742.0,626.8499999999999,7,0.0
OFF-ST-10004855,"Smead Lockers, Industrial",4496.0,628.2,27,0.15555555555555556
OFF-EN-10002449,"Ames Interoffice Envelope, Security-Tint",1284.0,628.5600000000001,27,0.0
TEC-CO-10002523,"Hewlett Personal Copier, Laser",1709.0,629.9091599999999,19,0.052000000000000005
FUR-CH-10001374,"Novimex Steel Folding Chair, Black",1831.0,630.42,41,0.16363636363636364
TEC-AC-10003198,Enermax Acrylux Wireless Keyboard,2450.0,630.468,29,0.10000000000000002
TEC-EPS-10003473,"Epson Phone, Wireless",1523.0,631.2360000000001,20,0.12
OFF-EN-10000056,Cameo Buff Policy Envelopes,1555.0,632.2568,28,0.1
OFF-AP-10004063,"Cuisinart Stove, Silver",2300.0,632.384,8,0.13333333333333333
TEC-CO-10002504,"Brother Copy Machine, Laser",1359.0,632.68208,8,0.052000000000000005
OFF-ST-10002164,"Rogers Lockers, Industrial",1979.0,633.36,14,0.0
TEC-NOK-10000784,"Nokia Speaker Phone, Cordless",2142.0,633.78,21,0.1857142857142857
FUR-BO-10001356,"Ikea Library with Doors, Mobile",5123.0,634.0600000000001,23,0.07500000000000001
TEC-AC-10004469,Microsoft Sculpt Comfort Mouse,1576.0,634.406,42,0.06000000000000001
TEC-CIS-10003676,"Cisco Headset, with Caller ID",1591.0,636.66,18,0.0
FUR-BO-10001201,"Bush Stackable Bookrack, Mobile",1811.0,637.98,25,0.13333333333333333
FUR-HON-10000722,"Hon Rocking Chair, Adjustable",1331.0,638.7,10,0.0
OFF-BI-10004924,"Cardinal 3-Hole Punch, Economy",1463.0,639.36,52,0.049999999999999996
TEC-PH-10002715,"Cisco Audio Dock, VoIP",1639.0,639.36,9,0.0
FUR-BO-10004947,"Safco Stackable Bookrack, Pine",2659.0,639.801,21,0.16666666666666666
TEC-PH-10001321,"Cisco Speaker Phone, Full Size",3955.0,641.1932999999999,30,0.09625
TEC-HEW-10004690,"Hewlett Fax and Copier, High-Speed",2674.0,641.76,14,0.0
FUR-CH-10001674,"Office Star Chairmat, Adjustable",1891.0,642.087,30,0.0625
FUR-HAR-10001374,"Harbour Creations Executive Leather Armchair, Red",2094.0,642.384,5,0.15
TEC-AC-10001405,"Logitech Router, Bluetooth",2128.0,642.852,15,0.13999999999999999
FUR-CH-10004287,SAFCO Arco Folding Chair,5940.0,643.546,27,0.2
FUR-BO-10002936,"Ikea Stackable Bookrack, Pine",1389.0,644.256,12,0.06000000000000001
FUR-BO-10004709,"Bush Classic Bookcase, Pine",1490.0,645.828,4,0.1
OFF-ST-10000546,"Tenex Lockers, Wire Frame",1671.0,646.0884000000001,9,0.09000000000000001
FUR-CH-10001138,"Office Star Swivel Stool, Black",2266.0,646.1271,16,0.18500000000000003
TEC-CO-10002583,"Canon Fax and Copier, Color",2699.0,647.64,14,0.0
FUR-CH-10000294,"Office Star Swivel Stool, Red",2958.0,650.25,17,0.0
OFF-AP-10003538,"Hamilton Beach Microwave, Silver",2833.0,651.3,15,0.0
TEC-BRO-10003876,"Brother Fax Machine, Laser",1593.0,652.95,5,0.0
TEC-CO-10003702,"Brother Ink, Digital",1702.0,653.8746,14,0.21400000000000002
TEC-APP-10001586,"Apple Speaker Phone, VoIP",1764.0,653.8770000000001,15,0.11666666666666665
TEC-PH-10002103,Jabra SPEAK 410,3159.0,654.1704,37,0.08888888888888889
OFF-ST-10002085,"Tenex File Cart, Industrial",1425.0,658.5518999999999,11,0.0675
TEC-CO-10004398,"Brother Copy Machine, Color",1768.0,659.37148,11,0.082
FUR-BO-10002250,"Dania Floating Shelf Set, Mobile",1376.0,659.76,12,0.0
TEC-MA-10004502,"Epson Inkjet, Wireless",1541.0,662.55,5,0.0
FUR-CH-10001270,"SAFCO Rocking Chair, Black",2279.0,662.936,31,0.12000000000000002
TEC-CO-10003924,"Hewlett Fax Machine, Digital",2225.0,664.6176,8,0.15666666666666665
TEC-CO-10004961,"HP Wireless Fax, Color",1446.0,665.4,4,0.0
TEC-MA-10003280,"Panasonic Receipt Printer, White",2141.0,667.5944999999999,19,0.09
OFF-BI-10001621,"Cardinal Binding Machine, Economy",3217.0,669.7919999999999,71,0.09411764705882353
FUR-FU-10000394,"Rubbermaid Photo Frame, Durable",1602.0,670.4874,36,0.10777777777777779
TEC-CO-10002242,"Brother Fax and Copier, Color",3165.0,671.172,17,0.049999999999999996
TEC-CO-10001449,Hewlett Packard LaserJet 3310 Copier,1920.0,671.9888,4,0.2
OFF-ST-10004549,"Smead File Cart, Blue",2142.0,672.6959999999999,32,0.26666666666666666
OFF-ST-10003306,Letter Size Cart,2599.0,672.8706,19,0.06666666666666667
TEC-STA-10003330,"StarTech Printer, Red",1975.0,676.116,9,0.17142857142857143
TEC-AC-10000844,Logitech Gaming G510s - Keyboard,2363.0,676.5204,31,0.07500000000000001
TEC-MA-10002779,"Panasonic Receipt Printer, Red",1581.0,678.72,15,0.08
OFF-ELD-10001477,"Eldon Lockers, Single Width",1386.0,678.93,7,0.0
TEC-MOT-10003366,"Motorola Audio Dock, Full Size",2761.0,680.868,17,0.13333333333333333
TEC-CO-10003410,"Brother Ink, High-Speed",1659.0,680.94,12,0.06666666666666667
FUR-FU-10002539,"Tenex Clock, Erganomic",1515.0,681.69,31,0.0
FUR-HON-10001558,"Hon Swivel Stool, Black",3237.0,686.322,22,0.17272727272727273
OFF-ST-10002251,"Fellowes Shelving, Wire Frame",1428.0,686.3240000000001,39,0.04
OFF-AR-10001291,"Sanford Canvas, Fluorescent",1993.0,687.9300000000001,40,0.045454545454545456
FUR-BO-10004547,"Bush Stackable Bookrack, Traditional",3271.0,688.002,28,0.044444444444444446
FUR-BO-10002819,"Ikea Stackable Bookrack, Traditional",2866.0,689.4204,25,0.09857142857142856
TEC-CO-10001654,"Hewlett Wireless Fax, Digital",2261.0,691.2884999999999,7,0.11666666666666665
TEC-PH-10001432,"Motorola Signal Booster, Cordless",3423.0,692.691,34,0.2375
OFF-ST-10000585,Economy Rollaway Files,3137.0,693.8399999999999,20,0.08571428571428573
OFF-AP-10002371,"KitchenAid Blender, Silver",1767.0,696.408,19,0.054000000000000006
TEC-PH-10002602,"Nokia Headset, Cordless",1823.0,696.72,26,0.06000000000000001
FUR-CH-10001313,"SAFCO Steel Folding Chair, Black",1959.0,697.08,28,0.12142857142857143
TEC-CO-10002110,"Brother Personal Copier, Color",2361.0,698.61612,27,0.05914285714285715
OFF-ST-10004532,"Tenex File Cart, Single Width",2736.0,698.904,34,0.1111111111111111
OFF-AR-10001068,"BIC Sketch Pad, Easy-Erase",1680.0,699.0989999999999,40,0.11000000000000001
TEC-AC-10003095,Logitech G35 7.1-Channel Surround Sound Headset,2158.0,699.3462,17,0.03333333333333333
FUR-ADV-10000571,"Advantus Frame, Erganomic",2195.0,702.0,20,0.0
OFF-PA-10003395,Xerox 1941,1742.0,704.592,19,0.16
FUR-CH-10002093,"Harbour Creations Rocking Chair, Adjustable",2173.0,705.576,23,0.06666666666666667
FUR-CH-10004584,"Office Star Steel Folding Chair, Set of Two",2153.0,705.9636,27,0.12833333333333333
TEC-CO-10004325,"Canon Personal Copier, Laser",1569.0,706.53,11,0.0
FUR-CH-10000785,Global Ergonomic Managers Chair,4995.0,709.4416,32,0.13
TEC-AC-10003415,"SanDisk Router, Erganomic",1778.0,711.48,7,0.0
TEC-PH-10001002,"Apple Signal Booster, Full Size",1890.0,711.678,14,0.05
FUR-BO-10000847,"Dania Stackable Bookrack, Mobile",2007.0,712.335,19,0.16
FUR-BO-10002204,"Bush Corner Shelving, Traditional",2052.0,712.8344999999999,20,0.15
TEC-CO-10001919,"Brother Fax Machine, Color",1704.0,713.22688,8,0.002
OFF-ST-10000486,"Rogers Trays, Industrial",2506.0,713.688,48,0.18
OFF-AR-10001759,"Sanford Sketch Pad, Fluorescent",2126.0,714.21,57,0.15384615384615385
TEC-MA-10003351,"Okidata Card Printer, White",1742.0,714.3,10,0.0
TEC-PH-10004977,GE 30524EE4,4193.0,715.3634999999999,25,0.15000000000000002
FUR-FU-10004527,"Advantus Frame, Duo Pack",1602.0,716.742,15,0.04
TEC-MA-10004956,"Konica Card Printer, Red",1495.0,716.8199999999999,13,0.0
OFF-BI-10004600,Ibico Ibimaster 300 Manual Binding System,3349.0,717.5804999999999,13,0.18
TEC-CO-10001943,Canon PC-428 Personal Copier,2520.0,717.9641,17,0.24000000000000005
TEC-CO-10004567,"Brother Fax Machine, Color",1776.0,719.829,6,0.049999999999999996
TEC-CO-10003784,"HP Fax Machine, Laser",2196.0,721.3808799999999,11,0.002
TEC-AC-10001432,Enermax Aurora Lite Keyboard,1641.0,722.106,21,0.0
OFF-AP-10001266,"Hoover Toaster, Black",1818.0,722.673,24,0.08571428571428573
FUR-FU-10003736,"Rubbermaid Frame, Duo Pack",1496.0,725.46,14,0.03333333333333333
OFF-AP-10001305,"Breville Microwave, White",2070.0,725.595,7,0.03333333333333333
TEC-CO-10002283,"Brother Copy Machine, Color",2727.0,726.4503,12,0.1275
OFF-ST-10003547,"Smead Shelving, Blue",2098.0,726.6291,50,0.132
FUR-CH-10004755,"Novimex Swivel Stool, Red",3465.0,727.604,39,0.2
FUR-BO-10004704,"Bush Corner Shelving, Pine",1968.0,729.228,19,0.13999999999999999
OFF-PA-10000675,Xerox 1919,1567.0,729.622,40,0.044444444444444446
FUR-CH-10001819,"Office Star Chairmat, Set of Two",1915.0,729.736,45,0.10000000000000002
TEC-AC-10004883,"Enermax Keyboard, Programmable",1700.0,730.2,20,0.0
TEC-PH-10004437,"Cisco Speaker Phone, with Caller ID",2197.0,732.896,26,0.12000000000000002
FUR-CH-10000430,"SAFCO Swivel Stool, Red",2578.0,733.779,18,0.144
TEC-PH-10003348,"Cisco Speaker Phone, with Caller ID",2371.0,736.3776,20,0.14857142857142858
TEC-AC-10002629,"Belkin Memory Card, Programmable",1783.0,736.4200000000001,25,0.12000000000000002
OFF-AR-10002681,"Stanley Canvas, Fluorescent",2321.0,736.434,46,0.009090909090909092
OFF-ST-10004847,"Tenex File Cart, Blue",1816.0,737.748,15,0.0425
OFF-AP-10002963,"Hoover Toaster, Red",1856.0,740.388,23,0.025
TEC-HEW-10003829,"Hewlett Wireless Fax, High-Speed",1512.0,741.6,4,0.0
FUR-BO-10001641,"Bush 3-Shelf Cabinet, Traditional",2139.0,742.3641,15,0.014000000000000002
TEC-AC-10002049,Plantronics Savi W720 Multi-Device Wireless Headset System,1688.0,742.632,4,0.0
FUR-BO-10000980,"Bush Library with Doors, Traditional",2375.0,743.0364,7,0.068
OFF-PA-10000418,Xerox 189,1782.0,746.532,19,0.06666666666666667
FUR-BO-10001003,"Dania 3-Shelf Cabinet, Traditional",1556.0,746.79,11,0.0
TEC-AC-10003615,"SanDisk Router, Programmable",2649.0,749.34,16,0.03333333333333333
FUR-BO-10000786,"Sauder Stackable Bookrack, Pine",2267.0,749.721,16,0.03333333333333333
OFF-AR-10003457,"Sanford Sketch Pad, Water Color",1680.0,749.97,36,0.05555555555555555
OFF-ST-10001567,"Smead File Cart, Single Width",2910.0,750.0138,29,0.19571428571428573
OFF-ST-10004365,"Fellowes Shelving, Wire Frame",1780.0,751.7484,34,0.074
TEC-AC-10003174,Plantronics S12 Corded Telephone Headset System,2242.0,754.5300000000001,23,0.10000000000000002
FUR-CH-10004993,"Hon Swivel Stool, Black",4598.0,754.624,49,0.11666666666666668
FUR-CH-10001756,"Novimex Bag Chairs, Adjustable",2274.0,755.0775,55,0.14181818181818182
TEC-CO-10004662,"Hewlett Fax Machine, Color",3053.0,755.13,11,0.1
OFF-AP-10002764,"Hoover Microwave, Black",2711.0,755.776,14,0.08
OFF-PA-10000100,Xerox 1945,1698.0,756.2655,45,0.05
FUR-BO-10001621,"Dania Stackable Bookrack, Traditional",2021.0,757.395,18,0.15
FUR-BO-10003323,"Safco 3-Shelf Cabinet, Mobile",2444.0,759.2360000000001,25,0.16
TEC-PH-10001288,"Motorola Speaker Phone, with Caller ID",1904.0,761.04,24,0.06666666666666667
TEC-PH-10002102,"Nokia Headset, Cordless",1621.0,761.6,32,0.0
TEC-AC-10002001,Logitech Wireless Gaming Headset G930,2880.0,763.1523,21,0.13333333333333333
FUR-BO-10001498,"Dania Classic Bookcase, Pine",3187.0,763.5840000000001,14,0.16666666666666666
TEC-PH-10004221,"Samsung Speaker Phone, Cordless",2354.0,766.5011999999999,21,0.115
TEC-MA-10004772,"Konica Inkjet, White",2500.0,767.1195,9,0.1
FUR-CH-10001477,"Novimex Chairmat, Black",1999.0,769.5219,40,0.08555555555555555
FUR-BO-10004508,"Ikea Floating Shelf Set, Mobile",1843.0,774.4000000000001,16,0.0
FUR-CH-10001382,"Office Star Chairmat, Red",1885.0,777.2747999999999,33,0.14666666666666667
OFF-AR-10001533,"Sanford Sketch Pad, Easy-Erase",1693.0,778.11,37,0.0
OFF-BI-10003774,"Cardinal 3-Hole Punch, Durable",1699.0,779.52,56,0.0
OFF-AP-10000621,"KitchenAid Microwave, Silver",2074.0,779.72,12,0.2
FUR-BO-10001287,"Dania Floating Shelf Set, Metal",2245.0,779.793,14,0.05000000000000001
TEC-MEM-10002005,"Memorex Router, Erganomic",3001.0,780.7860000000001,13,0.175
FUR-IKE-10001312,"Ikea Classic Bookcase, Traditional",2060.0,782.25,5,0.0
TEC-MA-10000473,"Konica Phone, Red",2234.0,782.712,30,0.1142857142857143
OFF-SME-10002740,"Smead Lockers, Single Width",4167.0,783.1800000000001,31,0.31666666666666665
TEC-CO-10001893,"HP Wireless Fax, Color",3607.0,786.8604,18,0.202
TEC-PH-10003439,"Apple Audio Dock, VoIP",3174.0,788.0699999999999,21,0.08
TEC-PH-10004959,"Motorola Audio Dock, with Caller ID",2167.0,788.775,15,0.12
FUR-CH-10004101,"SAFCO Swivel Stool, Adjustable",1943.0,790.452,13,0.14
FUR-BO-10003543,"Safco Floating Shelf Set, Mobile",1967.0,791.672,17,0.12000000000000002
FUR-CH-10003580,"Harbour Creations Bag Chairs, Black",1790.0,793.5675000000001,33,0.136
TEC-AC-10002086,"SanDisk Keyboard, Erganomic",1784.0,794.025,24,0.125
OFF-PA-10001970,Xerox 1908,1713.0,799.3944,32,0.028571428571428574
OFF-AP-10001567,"Breville Blender, White",2175.0,801.861,26,0.07500000000000001
FUR-SAF-10002940,"Safco Corner Shelving, Mobile",1824.0,802.44,12,0.0
FUR-CH-10002510,"Office Star Steel Folding Chair, Adjustable",2331.0,804.108,30,0.15166666666666667
FUR-CH-10000807,"Hon Rocking Chair, Adjustable",1917.0,808.944,16,0.1
TEC-CO-10001008,"Canon Fax and Copier, Laser",1722.0,809.19,9,0.0
FUR-BO-10001598,"Bush Corner Shelving, Pine",1916.0,813.4086,16,0.054000000000000006
FUR-BO-10003779,"Ikea Library with Doors, Traditional",2035.0,813.864,6,0.06666666666666667
TEC-AC-10004070,"Memorex Router, Programmable",1733.0,814.8,7,0.0
TEC-CO-10004507,"Brother Fax and Copier, Digital",2667.0,815.8548000000001,17,0.11833333333333333
OFF-AR-10000399,"Stanley Canvas, Water Color",2149.0,821.07,45,0.06153846153846154
FUR-CH-10000351,"Novimex Chairmat, Set of Two",2558.0,821.7435,47,0.10846153846153847
TEC-AC-10002738,"Belkin Memory Card, Programmable",3838.0,825.69,37,0.1
TEC-MA-10004428,"Panasonic Card Printer, Durable",1844.0,829.674,11,0.03333333333333333
TEC-PH-10000309,"Motorola Audio Dock, with Caller ID",2419.0,831.8115,15,0.06
OFF-ST-10001638,"Tenex File Cart, Single Width",3893.0,834.3612,32,0.0788888888888889
FUR-BO-10001646,"Safco Library with Doors, Pine",3180.0,834.372,15,0.2
OFF-ST-10001496,Standard Rollaway File with Lock,4036.0,836.0816,24,0.05
TEC-MA-10002264,"Panasonic Printer, Durable",4000.0,839.7,15,0.0
TEC-CO-10002269,"Brother Ink, Color",1977.0,840.192,15,0.1
TEC-CO-10000266,"Canon Copy Machine, Color",2944.0,840.93576,21,0.16866666666666666
TEC-CO-10003574,"Brother Personal Copier, High-Speed",2208.0,842.1594,17,0.09500000000000001
FUR-BO-10002679,"Ikea Stackable Bookrack, Mobile",2886.0,843.72,36,0.025
TEC-CO-10001894,"Sharp Copy Machine, High-Speed",2453.0,845.01,12,0.16
TEC-PH-10001063,"Samsung Speaker Phone, Full Size",1926.0,846.564,25,0.05
TEC-PH-10004261,"Nokia Signal Booster, Full Size",4121.0,848.7468,33,0.08800000000000001
OFF-PA-10004359,Multicolor Computer Printout Paper,1888.0,851.3820000000001,19,0.04
OFF-HOO-10002946,"Hoover Stove, Red",1704.0,852.6600000000001,3,0.0
TEC-AC-10004808,"Memorex Router, Erganomic",2904.0,853.998,12,0.025
FUR-BO-10001192,"Bush Library with Doors, Mobile",3154.0,854.7239999999999,11,0.16
TEC-PH-10001900,"Motorola Signal Booster, VoIP",1975.0,857.6537999999999,15,0.0925
TEC-CO-10003135,"Canon Fax and Copier, High-Speed",2344.0,858.60888,21,0.12200000000000003
TEC-MA-10004423,"StarTech Card Printer, White",2737.0,859.269,19,0.10400000000000001
OFF-BI-10001058,"Ibico Binding Machine, Clear",1960.0,859.6800000000001,40,0.05
OFF-ST-10001255,"Fellowes Trays, Single Width",2325.0,861.3,51,0.19230769230769232
TEC-AC-10000007,"SanDisk Router, USB",2053.0,861.84,8,0.0
TEC-PH-10003927,"Nokia Audio Dock, with Caller ID",2929.0,862.0218,20,0.13625
TEC-BRO-10000463,"Brother Copy Machine, Color",2214.0,862.3620000000001,9,0.09999999999999999
TEC-SAM-10000779,"Samsung Signal Booster, Cordless",3249.0,862.5419999999999,29,0.22857142857142856
OFF-SU-10000906,"Fiskars Shears, High Speed",1763.0,863.58,37,0.0
TEC-PH-10002387,"Motorola Signal Booster, Cordless",2259.0,870.824,25,0.13333333333333333
TEC-PH-10001835,Jawbone JAMBOX Wireless Bluetooth Speaker,2022.0,872.1048000000001,14,0.06666666666666667
OFF-ST-10002781,"Smead File Cart, Single Width",2527.0,874.3679999999999,31,0.06000000000000001
TEC-PH-10004888,"Samsung Audio Dock, VoIP",2071.0,877.8480000000001,21,0.1
FUR-BO-10004162,"Ikea Floating Shelf Set, Pine",2771.0,878.812,28,0.17142857142857146
OFF-ST-10004473,"Tenex Trays, Wire Frame",1999.0,879.12,42,0.15555555555555556
TEC-CO-10000972,"Sharp Fax and Copier, Digital",2070.0,888.042,13,0.05
TEC-PH-10004281,"Samsung Audio Dock, Cordless",2534.0,889.0824,17,0.138
TEC-AC-10004571,Logitech G700s Rechargeable Gaming Mouse,2340.0,889.9110000000001,25,0.08888888888888889
OFF-ROG-10001418,"Rogers Trays, Wire Frame",1825.0,892.8000000000001,30,0.0
OFF-ROG-10002818,"Rogers Trays, Industrial",2236.0,894.24,36,0.0
FUR-CH-10004082,"Office Star Chairmat, Black",2649.0,903.6981000000001,43,0.05285714285714286
OFF-ST-10004060,"Eldon Lockers, Single Width",2216.0,904.578,13,0.15
TEC-AC-10003033,Plantronics CS510 - Over-the-Head monaural Wireless Headset System,3564.0,910.662,12,0.10000000000000002
TEC-PH-10004402,"Cisco Headset, with Caller ID",3118.0,910.7256,43,0.17099999999999999
FUR-CH-10002626,"Hon Steel Folding Chair, Adjustable",2202.0,914.1419999999999,30,0.11499999999999999
TEC-MA-10002149,"Panasonic Receipt Printer, Durable",2203.0,914.364,19,0.1
TEC-CO-10001472,"Sharp Copy Machine, Laser",2502.0,917.7888,13,0.18
OFF-AR-10001777,"Binney & Smith Sketch Pad, Water Color",3351.0,924.06,73,0.08
TEC-AC-10001995,"Logitech Router, USB",3464.0,928.0646999999999,16,0.13399999999999998
TEC-CO-10004202,Brother DCP1000 Digital 3 in 1 Multifunction Machine,3660.0,929.969,14,0.13333333333333333
TEC-CO-10001264,"Canon Ink, Color",2076.0,931.59948,21,0.002
TEC-MA-10004023,"Konica Phone, Wireless",2166.0,932.3247,27,0.085
TEC-SAM-10004785,"Samsung Smart Phone, with Caller ID",1908.0,935.0999999999999,3,0.0
TEC-PH-10003012,Nortel Meridian M3904 Professional Digital phone,4435.0,936.2592000000001,32,0.08
TEC-PH-10000896,"Cisco Signal Booster, VoIP",3648.0,938.25,27,0.1285714285714286
FUR-BO-10000670,"Dania Corner Shelving, Metal",3063.0,947.556,30,0.12
OFF-AP-10002945,Honeywell Enviracaire Portable HEPA Air Cleaner for 17' x 22' Room,3367.0,950.0540000000001,12,0.05
TEC-CO-10000405,"Canon Fax Machine, Digital",4134.0,950.8199999999999,13,0.0
TEC-AC-10001838,Razer Tiamat Over Ear 7.1 Surround Sound PC Gaming Headset,2320.0,951.9524,12,0.04
TEC-CO-10000395,"Hewlett Fax Machine, Laser",2129.0,955.0678399999999,11,0.06866666666666667
TEC-PH-10003457,"Cisco Smart Phone, Full Size",3828.0,957.256,10,0.12000000000000002
OFF-ST-10003953,"Smead File Cart, Industrial",3916.0,957.4799999999999,32,0.0875
FUR-BO-10004053,"Dania Library with Doors, Metal",4488.0,958.614,15,0.11666666666666665
FUR-CH-10001784,"SAFCO Steel Folding Chair, Set of Two",2358.0,958.7280000000001,45,0.1142857142857143
TEC-CO-10004521,"HP Personal Copier, Laser",2397.0,958.78268,31,0.04644444444444445
TEC-PH-10004300,"Apple Office Telephone, Cordless",2296.0,959.5409999999999,37,0.08888888888888889
TEC-CO-10000296,"Canon Fax and Copier, Digital",2616.0,959.70456,21,0.035333333333333335
TEC-MA-10002392,"Konica Card Printer, Wireless",1928.0,963.27,11,0.0
TEC-CO-10003124,"Canon Ink, Laser",2060.0,968.1,14,0.0
FUR-CH-10001492,"Novimex Executive Leather Armchair, Adjustable",3069.0,969.84,12,0.2
TEC-CO-10001742,"Sharp Copy Machine, Color",2370.0,970.1544,17,0.082
TEC-AC-10001056,"Belkin Router, USB",2072.0,973.68,8,0.0
TEC-CO-10000956,"Sharp Copy Machine, Laser",4165.0,977.14912,29,0.1131111111111111
TEC-CO-10004171,"Sharp Fax and Copier, Digital",2464.0,981.98496,22,0.002
OFF-ST-10000362,"Eldon File Cart, Blue",3950.0,982.056,32,0.025
FUR-SAU-10004653,"Sauder Classic Bookcase, Traditional",2790.0,989.586,7,0.09999999999999999
TEC-AC-10004171,Razer Kraken 7.1 Surround Sound Over Ear USB Gaming Headset,2620.0,995.9004,29,0.06666666666666667
FUR-CH-10001726,"Office Star Steel Folding Chair, Adjustable",2760.0,996.4200000000001,36,0.15
OFF-TEN-10004194,"Tenex File Cart, Single Width",2640.0,996.846,23,0.10833333333333332
FUR-BO-10002990,"Dania Library with Doors, Traditional",2175.0,1000.08,6,0.0
FUR-BUS-10002989,"Bush Classic Bookcase, Traditional",2475.0,1015.02,6,0.0
OFF-BI-10003068,"Ibico Binding Machine, Durable",2303.0,1015.47,45,0.041666666666666664
FUR-BO-10004585,"Ikea 3-Shelf Cabinet, Traditional",2506.0,1018.104,19,0.07500000000000001
FUR-CH-10003965,"Hon Rocking Chair, Red",3808.0,1018.7729999999999,35,0.145
FUR-CH-10000777,"Harbour Creations Executive Leather Armchair, Adjustable",4271.0,1020.6320000000001,15,0.10000000000000002
OFF-AR-10003651,"Sanford Pencil Sharpener, Easy-Erase",2290.0,1028.025,93,0.07894736842105263
FUR-CH-10003861,"Novimex Rocking Chair, Set of Two",3204.0,1032.7896,29,0.1325
FUR-BO-10001461,"Safco Floating Shelf Set, Traditional",2123.0,1040.7546,11,0.0175
FUR-CH-10000454,"Hon Deluxe Fabric Upholstered Stacking Chairs, Rounded Back",5832.0,1049.114,28,0.14444444444444446
FUR-SAF-10000085,"Safco Library with Doors, Pine",2815.0,1056.078,9,0.17142857142857143
OFF-ST-10002538,"Rogers File Cart, Single Width",2936.0,1060.6000000000001,33,0.07272727272727274
TEC-CO-10001595,"Brother Copy Machine, Color",3086.0,1062.38248,18,0.05914285714285715
OFF-ST-10002395,"Rogers Lockers, Single Width",3672.0,1064.4675,22,0.13428571428571429
FUR-CH-10002250,"Office Star Executive Leather Armchair, Black",2551.0,1065.7278000000001,6,0.0675
FUR-BO-10001753,"Dania Stackable Bookrack, Traditional",3372.0,1066.0425,34,0.20555555555555557
FUR-CH-10003822,"SAFCO Steel Folding Chair, Adjustable",2665.0,1075.224,34,0.10125
FUR-BO-10000071,"Safco 3-Shelf Cabinet, Metal",3046.0,1083.3899999999999,22,0.1025
OFF-BI-10004318,Ibico EB-19 Dual Function Manual Binding System,3236.0,1086.3772,23,0.2375
OFF-ST-10001755,"Smead Lockers, Single Width",3926.0,1088.9055,26,0.25857142857142856
OFF-ST-10002902,"Fellowes Lockers, Wire Frame",3247.0,1089.6799999999998,28,0.17142857142857146
FUR-BO-10000203,"Sauder Library with Doors, Metal",2888.0,1091.5314,8,0.0675
FUR-CH-10002830,"Office Star Rocking Chair, Red",3100.0,1104.18,24,0.08571428571428573
TEC-AC-10000890,"Belkin Router, USB",4073.0,1111.3439999999998,26,0.1111111111111111
FUR-BO-10000728,"Dania Corner Shelving, Traditional",3367.0,1112.892,28,0.016666666666666666
OFF-AP-10003800,"Hoover Microwave, Silver",3087.0,1113.6522,11,0.085
TEC-CO-10003759,"Canon Fax Machine, Laser",2690.0,1114.1355,9,0.11249999999999999
OFF-AP-10004869,"KitchenAid Toaster, White",2929.0,1125.846,36,0.025
OFF-ST-10003208,Adjustable Depth Letter/Legal Cart,5009.0,1143.1979999999999,30,0.08
TEC-PH-10003556,"Samsung Speaker Phone, VoIP",3551.0,1146.204,30,0.028571428571428574
FUR-BO-10001779,"Safco Stackable Bookrack, Pine",2805.0,1150.24,28,0.0
OFF-AR-10002454,"Binney & Smith Canvas, Water Color",2609.0,1159.632,51,0.04
TEC-CAN-10004291,"Canon Wireless Fax, Digital",2649.0,1165.08,7,0.0
TEC-PH-10000984,Panasonic KX-TG9471B,4978.0,1168.1004,27,0.05714285714285715
OFF-ST-10003102,"Rogers Lockers, Single Width",3661.0,1172.415,21,0.1142857142857143
TEC-AC-10001089,"Enermax Keyboard, Erganomic",2359.0,1177.98,29,0.0
OFF-ST-10000704,"Rogers File Cart, Blue",3573.0,1179.468,27,0.06999999999999999
OFF-AR-10004825,"BIC Canvas, Fluorescent",3947.0,1194.918,77,0.07727272727272727
TEC-CO-10001703,"Brother Copy Machine, Laser",3144.0,1199.4,14,0.1
FUR-CH-10004863,"SAFCO Swivel Stool, Black",3534.0,1208.0934,27,0.1842857142857143
OFF-ST-10004381,"Smead Lockers, Industrial",5040.0,1209.16,38,0.0
FUR-BO-10004142,"Safco Classic Bookcase, Traditional",3796.0,1212.1999999999998,15,0.08
TEC-CO-10002174,"HP Copy Machine, Laser",2433.0,1216.5,10,0.0
TEC-CO-10002658,"Hewlett Ink, Laser",2813.0,1220.3856,21,0.12833333333333333
OFF-ST-10003203,"Eldon Lockers, Wire Frame",4611.0,1242.6018,30,0.19875
TEC-CO-10002587,"Sharp Fax and Copier, Laser",3567.0,1243.9560000000001,26,0.10142857142857142
OFF-ST-10004226,"Fellowes File Cart, Blue",2952.0,1246.485,23,0.05
TEC-PH-10003891,"Cisco Audio Dock, with Caller ID",3431.0,1252.2195000000002,21,0.0875
FUR-FU-10004516,"Deflect-O Frame, Black",2981.0,1255.884,28,0.06
OFF-ST-10002159,"Fellowes Lockers, Wire Frame",4665.0,1259.04,30,0.1625
OFF-ST-10004489,"Smead Lockers, Single Width",4644.0,1259.46,31,0.19090909090909092
FUR-FU-10002937,"GE 48"" Fluorescent Tube, Cool White Energy Saver, 34 Watts, 30/Box",2697.0,1260.221,29,0.07500000000000001
OFF-PA-10000994,Xerox 1915,2791.0,1262.394,28,0.044444444444444446
FUR-CH-10004600,"Harbour Creations Chairmat, Red",3286.0,1263.6000000000001,53,0.12375
TEC-MA-10001627,"Konica Printer, White",3548.0,1272.57,14,0.034
OFF-ROG-10002132,"Rogers Lockers, Industrial",4834.0,1284.84,27,0.12727272727272726
FUR-CH-10003551,"Hon Swivel Stool, Black",3311.0,1297.4466,24,0.14833333333333334
TEC-CO-10003982,"HP Ink, High-Speed",3688.0,1299.834,33,0.129
FUR-BO-10003881,"Sauder Floating Shelf Set, Mobile",3784.0,1300.32,20,0.028571428571428574
FUR-BO-10003905,"Ikea Stackable Bookrack, Mobile",3252.0,1300.5,30,0.14285714285714285
FUR-CH-10003354,"Harbour Creations Swivel Stool, Red",6339.0,1309.884,59,0.12941176470588237
FUR-SAU-10004053,"Sauder Floating Shelf Set, Mobile",3546.0,1312.2,18,0.0
OFF-ST-10003153,"Tenex File Cart, Single Width",3957.0,1316.844,37,0.16363636363636364
OFF-ST-10000007,"Fellowes File Cart, Single Width",3312.0,1319.8374000000001,29,0.11750000000000001
FUR-CH-10002132,"Hon Rocking Chair, Black",3144.0,1322.8880000000001,41,0.07692307692307693
FUR-CH-10004095,"SAFCO Executive Leather Armchair, Adjustable",4394.0,1323.616,16,0.125
OFF-ELD-10002199,"Eldon File Cart, Single Width",3078.0,1324.08,24,0.0
TEC-AC-10000203,"SanDisk Router, Bluetooth",3489.0,1353.24,24,0.17777777777777778
FUR-CH-10002091,"Harbour Creations Swivel Stool, Set of Two",4632.0,1381.6680000000001,27,0.05555555555555555
FUR-BO-10004472,"Dania Library with Doors, Pine",3929.0,1382.04,21,0.2
FUR-CH-10004694,"Office Star Rocking Chair, Black",4489.0,1388.1564,35,0.11600000000000002
OFF-ST-10004695,"Fellowes File Cart, Blue",5122.0,1413.213,45,0.16428571428571428
FUR-CH-10001465,"Hon Swivel Stool, Red",3447.0,1413.729,23,0.08375
FUR-BO-10003945,"Sauder 3-Shelf Cabinet, Metal",3790.0,1413.7734,26,0.1175
OFF-AR-10002805,"Boston Sketch Pad, Blue",3463.0,1413.9,74,0.03
FUR-FU-10000368,"Deflect-O Frame, Durable",3575.0,1428.018,34,0.04285714285714286
TEC-CO-10002150,"Canon Fax and Copier, Digital",3056.0,1432.35,17,0.075
OFF-FEL-10001541,"Fellowes Lockers, Wire Frame",3939.0,1444.8,22,0.13333333333333333
OFF-ST-10001547,"Rogers Lockers, Industrial",5663.0,1454.43,32,0.11818181818181818
TEC-CO-10003901,"HP Copy Machine, Color",3088.0,1482.4464,13,0.034
TEC-CO-10001162,"Canon Wireless Fax, Laser",3028.0,1484.16,8,0.0
TEC-PH-10004910,"Samsung Signal Booster, Full Size",3434.0,1497.312,27,0.08333333333333333
OFF-LA-10003930,"Dot Matrix Printer Tape Reel Labels, White, 5000/Box",3324.0,1517.9064,36,0.05
OFF-ST-10001490,"Hot File 7-Pocket, Floor Stand",6531.0,1534.8419999999999,40,0.08333333333333333
TEC-AC-10000376,"Memorex Router, Bluetooth",4103.0,1577.3799999999999,27,0.1
FUR-BO-10001405,"Bush Stackable Bookrack, Pine",4482.0,1588.014,38,0.05
OFF-BI-10003091,GBC DocuBind TL200 Manual Binding Machine,4323.0,1592.4978,23,0.21666666666666667
TEC-PH-10000720,"Samsung Audio Dock, Full Size",5058.0,1616.7996,33,0.07625000000000001
OFF-BI-10001808,"Cardinal Binding Machine, Clear",4111.0,1628.505,84,0.0058823529411764705
TEC-CO-10001571,Sharp 1540cs Digital Laser Copier,4400.0,1649.97,10,0.17142857142857146
OFF-ROG-10003898,"Rogers Lockers, Single Width",4151.0,1659.21,21,0.10833333333333334
TEC-AC-10003955,"Memorex Router, Erganomic",4359.0,1724.024,30,0.07500000000000001
TEC-AC-10004743,"Logitech Router, USB",5115.0,1735.78,32,0.025
FUR-CH-10004669,"Novimex Executive Leather Armchair, Black",6474.0,1816.3600000000001,25,0.13333333333333336
TEC-CO-10002376,"Hewlett Fax Machine, Laser",4669.0,1839.1728,17,0.11166666666666668
OFF-ST-10000288,"Fellowes Lockers, Industrial",6150.0,1844.3760000000002,37,0.1846153846153846
FUR-BO-10004113,"Sauder Classic Bookcase, Pine",5132.0,2040.656,20,0.07500000000000001
FUR-CH-10004746,"Office Star Executive Leather Armchair, Adjustable",4774.0,2086.3,17,0.10000000000000002
OFF-ST-10000624,"Eldon File Cart, Single Width",7510.0,2312.445,71,0.14444444444444446
TEC-CO-10001628,"Sharp Personal Copier, Digital",5090.0,2398.782,45,0.05
OFF-FEL-10001630,"Fellowes Lockers, Industrial",5675.0,2414.013,28,0.049999999999999996
OFF-ST-10002555,"Eldon Lockers, Industrial",7580.0,2923.7580000000003,46,0.16
